<!DOCTYPE html PUBLIC "-//W3C//DTD XHTML 1.1//EN"
        "http://www.w3.org/TR/xhtml11/DTD/xhtml11.dtd">
<html>
<head>
	<title>The Public Papers of Margaret Sanger: Web Edition</title> 
	<meta http-equiv="content-type" content="text/html charset=ISO-8859-1" />
	<link href="../documents/styles.css" rel="stylesheet" type="text/css" />
<script type="text/javascript" src="../documents/global.js"></script> 
</head>
<body onload="MM_preloadImages('../images/header_r2_c1_f2.gif','../images/header_r2_c2_f2.gif','../images/header_r2_c3_f2.gif','../images/header_r2_c4_f2.gif','../images/header_r2_c5_f2.gif');">
<div id="container" style="width: 626px; margin: 0px auto;"> 
<p style="margin-top: 0px; margin-bottom: 0px;">
	<img id="header_r1_c1" src="../images/header_r1_c1.gif" width="625" height="95" alt="" /><img src="../images/spacer.gif" width="1" height="95" alt="" /> 
</p>
<p style="margin-top: 0px; /*\*/margin-top: -3px;/**/">
	<a href="project.php" onmouseout="MM_swapImgRestore();" onmouseover="MM_swapImage('header_r2_c1','','../images/header_r2_c1_f2.gif',1);"><img id="header_r2_c1" src="../images/header_r2_c1.gif" width="104" height="20" alt="" /></a><a href="edition.php" onmouseout="MM_swapImgRestore();" onmouseover="MM_swapImage('header_r2_c2','','../images/header_r2_c2_f2.gif',1);"><img id="header_r2_c2" src="../images/header_r2_c2.gif" width="104" height="20" alt="" /></a><a href="search.php" onmouseout="MM_swapImgRestore();" onmouseover="MM_swapImage('header_r2_c3','','../images/header_r2_c3_f2.gif',1);"><img id="header_r2_c3" src="../images/header_r2_c3.gif" width="104" height="20" alt="" /></a><a href="http://www.nyu.edu/projects/sanger/" onmouseout="MM_swapImgRestore();" onmouseover="MM_swapImage('header_r2_c4','','../images/header_r2_c4_f2.gif',1);"><img id="header_r2_c4" src="../images/header_r2_c4.gif" width="104" height="20" alt="" /></a><a href="contact.php" onmouseout="MM_swapImgRestore();" onmouseover="MM_swapImage('header_r2_c5','','../images/header_r2_c5_f2.gif',1);"><img id="header_r2_c5" src="../images/header_r2_c5.gif" width="104" height="20" alt="" /></a><img id="header_r2_c6" src="../images/header_r2_c6.jpg" width="105" height="20" alt="" /><img src="../images/spacer.gif" width="1" height="20" alt="" /> 
</p>
<div class="outBox">
<div class="docBox">

<p class="title_heading">Margaret Sanger, "Birth Control for Bermuda," June-July 1937.
		</p><p>Published Article. Source: 
            <a href="search.php?journal=%22Unidentified%20journal%22"><span class="italics">Unidentified journal</span></a> (June-July 1937), p. 118
            
	, <span class="italics">Margaret Sanger Microfilm</span>, S71:0947
        .
		</p><p class="headnote">For typed drafts, see "Bermuda and Population
                Policy", May 20, 1937, Library of Congress Microfilm 11:1171 or Margaret
            Sanger Microfilm, S71:927.</p><hr>
    
    
    
        <h1>Birth Control for Bermuda</h1>
        <h3>By MARGARET SANGER</h3>
        <p>It is encouraging to find one spot on the earth where officials and the government have
            the vision to foresee that the adoption of certain policies at present can prevent
            adverse and deplorable conditions later on. Bermuda is the one place
            where statesmanship is really in action, and where an attempt is under way now to
            forestall the evil effects that eventually result from an uncontrolled population growth
            in a limited area.</p>
        <p>At the invitation of the Bermuda Health Department, I went to Bermuda to
            confer with the leaders of its health and public activities and to discuss with them the
            possibilities of organizing centers for the dissemination of birth control knowledge in
            Bermuda. I stayed in Bermuda for two weeks and had occasion to speak before a large
            number of groups, both in Hamilton and in St. George. Three of the meetings took place at
            the House of Assembly. Among those present
            were members of the Assembly and of the Legislative Council, representatives of the Board of Health, and His Lordship, the Bishop of Bermuda. Col. Dill, the Attorney General, was in the
            chair. A special meeting for the medical profession was held at the Department of Health
            office in Hamilton.</p>
        <p>The population of Bermuda is at present about 30,000 having increased some 10,000 within
            less than ten years. With only 19 square miles to the Island, its population density is
            now greater than that of Hong Kong, Malta or
                Gibraltar. About 60% of the population is colored. The birth rate is
            very much higher among the colored than among the white. In 1936, the birth rate for the
            white population was 16.4, and for the colored 29.2. The death rates for the same year
            were 8.8 for whites and 9.6 for the colored, with an infant mortality of 45.8 and 52.9
            respectively.</p>
        <p>The increase in population appears to be far too rapid for the future peace and comfort
            of the Island. At present the general socio-economic conditions are satisfactory. There
            is no unemployment and no relief; there are no income or inheritance taxes, and the
            average wage for unskilled workers is from $15 to $18 per week. It is a tourist place,
            and as long as people continue to travel, Bermuda can be prosperous and happy. But
            Bermuda looks to the future, and the present Governor, Lieut. Gen. R. J. T. Hildyard, an army man of
            strong personality, is a keen executive and anxious to see that the population of
            Bermuda should keep its standards high and retain the conditions of harmony, respect,
            peace and good will that obtain at the present time. This can be accomplished, it is
            felt, only if the population increases slowly, allowing for its assimilation into the
            system now prevailing.</p>
        <p>Among doctors, nurses, officials and the public there was general enthusiasm for the
            project of disseminating more widely contraceptive information. The young clergymen,
            too, were behind the plan unqualifiedly, although there was some opposition from the
            elderly Protestant Episcopalian Bishop. As a result of these conferences and
            discussions, Bermuda is now planning to organize an active birth control program, and
            two physicians will be sent to America to observe and
            train at the Birth Control Clinical Research Bureau and to acquaint
            themselves with the modern contraceptive techniques employed in this country.</p>
        <p>Bermuda will soon take its place as one of the few countries of the world where the
            dissemination of birth control information is sponsored by the government. Two clinics
            will be opened, one for the care of white women and the other for the colored, and the
            expenses of the clinics will be borne by the Colonial Government.</p>
        <p>Bermuda is fortunate in having statesmanship at its head. It will be of keen interest to
            watch its future development under an advanced and rational population policy.</p>
    
<hr><p>
		 	Subject Terms:
		</p><ul>
<li>
<a href="search.php?subject=Bermuda">Bermuda</a><a href="search.php?subject=Bermuda&amp;subject2=government">, government</a><a href="search.php?subject=Bermuda&amp;subject2=government&amp;subject3=birth%20control%20and">, birth control and</a><a href="search.php?subject=Bermuda&amp;subject2=government&amp;subject3=birth%20control%20and&amp;subject4="></a>
</li>
<li>
<a href="search.php?subject=Bermuda">Bermuda</a><a href="search.php?subject=Bermuda&amp;subject2=government">, government</a><a href="search.php?subject=Bermuda&amp;subject2=government&amp;subject3=public%20health%20programs">, public health programs</a><a href="search.php?subject=Bermuda&amp;subject2=government&amp;subject3=public%20health%20programs&amp;subject4="></a>
</li>
<li>
<a href="search.php?subject=birth%20control">birth control</a><a href="search.php?subject=birth%20control&amp;subject2=access%20to">, access to</a><a href="search.php?subject=birth%20control&amp;subject2=access%20to&amp;subject3=international">, international</a><a href="search.php?subject=birth%20control&amp;subject2=access%20to&amp;subject3=international&amp;subject4="></a>
</li>
<li>
<a href="search.php?subject=birth%20control">birth control</a><a href="search.php?subject=birth%20control&amp;subject2=distribution%20of%20information%20about">, distribution of information about</a><a href="search.php?subject=birth%20control&amp;subject2=distribution%20of%20information%20about&amp;subject3="></a><a href="search.php?subject=birth%20control&amp;subject2=distribution%20of%20information%20about&amp;subject3=&amp;subject4="></a>
</li>
<li>
<a href="search.php?subject=birth%20control">birth control</a><a href="search.php?subject=birth%20control&amp;subject2=medical%20community%20and">, medical community and</a><a href="search.php?subject=birth%20control&amp;subject2=medical%20community%20and&amp;subject3="></a><a href="search.php?subject=birth%20control&amp;subject2=medical%20community%20and&amp;subject3=&amp;subject4="></a>
</li>
<li>
<a href="search.php?subject=birth%20control">birth control</a><a href="search.php?subject=birth%20control&amp;subject2=religion%20and">, religion and</a><a href="search.php?subject=birth%20control&amp;subject2=religion%20and&amp;subject3="></a><a href="search.php?subject=birth%20control&amp;subject2=religion%20and&amp;subject3=&amp;subject4="></a>
</li>
<li>
<a href="search.php?subject=birth%20rate">birth rate</a><a href="search.php?subject=birth%20rate&amp;subject2=efforts%20to%20reduce">, efforts to reduce</a><a href="search.php?subject=birth%20rate&amp;subject2=efforts%20to%20reduce&amp;subject3="></a><a href="search.php?subject=birth%20rate&amp;subject2=efforts%20to%20reduce&amp;subject3=&amp;subject4="></a>
</li>
<li>
<a href="search.php?subject=mortality%20rates">mortality rates</a><a href="search.php?subject=mortality%20rates&amp;subject2=infant">, infant</a><a href="search.php?subject=mortality%20rates&amp;subject2=infant&amp;subject3="></a><a href="search.php?subject=mortality%20rates&amp;subject2=infant&amp;subject3=&amp;subject4="></a>
</li>
<li>
<a href="search.php?subject=population%20growth">population growth</a><a href="search.php?subject=population%20growth&amp;subject2=natural%20resources%20and">, natural resources and</a><a href="search.php?subject=population%20growth&amp;subject2=natural%20resources%20and&amp;subject3="></a><a href="search.php?subject=population%20growth&amp;subject2=natural%20resources%20and&amp;subject3=&amp;subject4="></a>
</li>
<li>
<a href="search.php?subject=population%20growth">population growth</a><a href="search.php?subject=population%20growth&amp;subject2=regulation%20of">, regulation of</a><a href="search.php?subject=population%20growth&amp;subject2=regulation%20of&amp;subject3="></a><a href="search.php?subject=population%20growth&amp;subject2=regulation%20of&amp;subject3=&amp;subject4="></a>
</li>
<li>
<a href="search.php?subject=population%20growth">population growth</a><a href="search.php?subject=population%20growth&amp;subject2=standard%20of%20living%20and">, standard of living and</a><a href="search.php?subject=population%20growth&amp;subject2=standard%20of%20living%20and&amp;subject3="></a><a href="search.php?subject=population%20growth&amp;subject2=standard%20of%20living%20and&amp;subject3=&amp;subject4="></a>
</li>
</ul><p>
		 Copyright 2003. Margaret Sanger Project
        </p>
  </div>
</div>
	<div><br /></div>

	<p style="margin-top: 0px; margin-bottom: 0px;">
		<a href="http://www.nyu.edu/projects/sanger/aboutms/" onmouseout="MM_swapImgRestore();" onmouseover="MM_swapImage('sanger_foot_r1_c1','','../images/sanger_foot_r1_c1_f2.gif',1);"><img id="sanger_foot_r1_c1" src="../images/sanger_foot_r1_c1.gif" width="104" height="20" alt="" /></a><a href="http://www.nyu.edu/projects/sanger/documents/electroniced.php" onmouseout="MM_swapImgRestore();" onmouseover="MM_swapImage('sanger_foot_r1_c2','','../images/sanger_foot_r1_c2_f2.gif',1);"><img id="sanger_foot_r1_c2" src="../images/sanger_foot_r1_c2.gif" width="104" height="20" alt="" /></a><a href="search.php" onmouseout="MM_swapImgRestore();" onmouseover="MM_swapImage('sanger_foot_r1_c3','','../images/sanger_foot_r1_c3_f2.gif',1);"><img id="sanger_foot_r1_c3" src="../images/sanger_foot_r1_c3.gif" width="104" height="20" alt="" /></a><a href="http://www.nyu.edu/projects/sanger/" onmouseout="MM_swapImgRestore();" onmouseover="MM_swapImage('sanger_foot_r1_c4','','../images/sanger_foot_r1_c4_f2.gif',1);"><img id="sanger_foot_r1_c4" src="../images/sanger_foot_r1_c4.gif" width="104" height="20" alt="" /></a><a href="http://www.nyu.edu/projects/sanger/contactus/" onmouseout="MM_swapImgRestore();" onmouseover="MM_swapImage('sanger_foot_r1_c5','','../images/sanger_foot_r1_c5_f2.gif',1);"><img id="sanger_foot_r1_c5" src="../images/sanger_foot_r1_c5.gif" width="104" height="20" alt="" /></a><img id="sanger_foot_r1_c6" src="../images/sanger_foot_r1_c6.jpg" width="105" height="20" alt="" />
	</p>
	<p style="margin-bottom: 0px; margin-top: -1px; /*\*/margin-top: -4px;/**/">
		<img src="../images/spacer.gif" width="545" height="1" alt="" /><a href="http://validator.w3.org/check/referer"><img src="../images/xhtml11.gif" alt="valid" /></a>
	</p>
</div> <!-- end of Container --> 
</body>
</html>
