<!DOCTYPE html PUBLIC "-//W3C//DTD XHTML 1.1//EN"
        "http://www.w3.org/TR/xhtml11/DTD/xhtml11.dtd">
<html>
<head>
	<title>The Public Papers of Margaret Sanger: Web Edition</title> 
	<meta http-equiv="content-type" content="text/html charset=ISO-8859-1" />
	<link href="../documents/styles.css" rel="stylesheet" type="text/css" />
<script type="text/javascript" src="../documents/global.js"></script> 
</head>
<body onload="MM_preloadImages('../images/header_r2_c1_f2.gif','../images/header_r2_c2_f2.gif','../images/header_r2_c3_f2.gif','../images/header_r2_c4_f2.gif','../images/header_r2_c5_f2.gif');">
<div id="container" style="width: 626px; margin: 0px auto;"> 
<p style="margin-top: 0px; margin-bottom: 0px;">
	<img id="header_r1_c1" src="../images/header_r1_c1.gif" width="625" height="95" alt="" /><img src="../images/spacer.gif" width="1" height="95" alt="" /> 
</p>
<p style="margin-top: 0px; /*\*/margin-top: -3px;/**/">
	<a href="project.php" onmouseout="MM_swapImgRestore();" onmouseover="MM_swapImage('header_r2_c1','','../images/header_r2_c1_f2.gif',1);"><img id="header_r2_c1" src="../images/header_r2_c1.gif" width="104" height="20" alt="" /></a><a href="edition.php" onmouseout="MM_swapImgRestore();" onmouseover="MM_swapImage('header_r2_c2','','../images/header_r2_c2_f2.gif',1);"><img id="header_r2_c2" src="../images/header_r2_c2.gif" width="104" height="20" alt="" /></a><a href="search.php" onmouseout="MM_swapImgRestore();" onmouseover="MM_swapImage('header_r2_c3','','../images/header_r2_c3_f2.gif',1);"><img id="header_r2_c3" src="../images/header_r2_c3.gif" width="104" height="20" alt="" /></a><a href="http://www.nyu.edu/projects/sanger/" onmouseout="MM_swapImgRestore();" onmouseover="MM_swapImage('header_r2_c4','','../images/header_r2_c4_f2.gif',1);"><img id="header_r2_c4" src="../images/header_r2_c4.gif" width="104" height="20" alt="" /></a><a href="contact.php" onmouseout="MM_swapImgRestore();" onmouseover="MM_swapImage('header_r2_c5','','../images/header_r2_c5_f2.gif',1);"><img id="header_r2_c5" src="../images/header_r2_c5.gif" width="104" height="20" alt="" /></a><img id="header_r2_c6" src="../images/header_r2_c6.jpg" width="105" height="20" alt="" /><img src="../images/spacer.gif" width="1" height="20" alt="" /> 
</p>
<div class="outBox">
<div class="docBox">

<p class="title_heading">Margaret Sanger, "Notes on Address before the Woman Rebel Trial," 
        [<em>Jan</em>]
     1916.
		</p><p>Autograph Draft Speech. Source: 
            Margaret Sanger Papers, Library of Congress
            
	, Margaret Sanger Papers Microfilm, Library of Congress, L130:0342
        .
		</p><p class="headnote">A handwritten note by Sanger reads:
                "Notes on address when contemplating trial re Woman
                    Rebel 1916." At the top of the 4th page, Sanger wrote "buck
                up." Portions of this text were used again in the stump speech she gave on her
            1916 national tour. For an example see Condemnation is
                Misunderstanding
            <a href="show.php?sangerDoc=128003.xml">Apr.-July, 1916</a>.</p><hr>
    
    
    
        
            <h2>HISTORY OF EDUCATION.</h2>
            <p>It <span class="del">would</span>
                
       &#8593;might&#8595;
     be surprising to me that in the year 1916 a woman who is a trained
                nurse and a mother, must be brought into this Court as a criminal and plead with you
                for her liberty,
       &#8593;because she&#8595;
     advances a subject of the greatest importance
                to womankind. Were I not acquainted with the long struggle education has had against
                the powers of government and the tyranny of Authority. As we look back to the past
                we find from the beginning of time governments persistently sought to stifle all new
                ideas as well as to suppress all attempts of their expression. We look back with
                horror at the persecution, champions of new ideas have endured at the hands of
                authority. Only thirty years ago Annie Besant
                was prosecuted in England for vindicating ideas of liberty and for
                publishing literature which was then deemed obscene. The results of her educative
                work were to give the English people 
       &#8593;and the English Press&#8595;
     the utmost
                liberty for the free discussion of subjects which the Post Office authorities in this country
                deem to be 
       &#8593;obscene&#8595;
    " <span class="del">non-mailable matter.</span>" To what extent the
                right of the press is 
       &#8593;now&#8595;
     recognized in England may be seen by the
                following extracts from the summing up of <span class="del">immigrants</span>
                
       &#8593;idealists&#8595;
     caused a change in conditions here and a second battle took
                place for the freedom of religious expression and now to-day with our rapidly
                increasing commercial lives, with women out in the industrial field, standing side
                by side with their brothers in the world's work, a new demand has come forth for the
                freedom of moral discussion.</p>
            <p>The three events are epoch-making in the history of the moral progress of every
                country and you are indeed privileged men that you have the opportunity to be
                instrumental in saying <span class="del">that</span>
                
       &#8593;whether&#8595;
     the United Statesof America
                shall go on the map beside other civiliszd nations or whether it shall still lag
                behind in all moral issues as it has continuously done for the past fifty years.</p>
        
        
            <h2>WOMAN AND MORALITY.</h2>
            <p>The moral issue is mainly of greatest concern to women. For centuries woman has gone
                forth with man to till the fields, to feed and clothe the nation. She has shared
                with him the struggles and hardships of his efforts. She has sacrificed her life to
                populate the Earth. She has overdone her labors. She has entrusted Man with the
                wealth of her offspring. He has failed her. He has allowed <span class="del">their</span>
                
       &#8593;her&#8595;
     children to die by the thousands in the social system he has
                constructed and maintains. Woman at last steps forward to demand that she have a
                word to say in her function of Motherhood and her first request is that woman cease
                to produce children in ignorance.</p>
            <p><span class="del">For this</span>
                
       &#8593;Because&#8595;
     twentieth century sees woman emerge from the cave of ignorance
                into the light of knowledge. She demands that she shall have control over her own
                body; that she shall be a mother when she desires to be one, consciously and
                voluntarily. In order to do this she must have the knowledge to control birth. Man
                has seen fit to place the most sacred function of her body on a footing with
                pornography and he calls any education bearing upon it as "Filthy, vile,
                    obscene". Woman must undo that crime. She must raise Man's standards in this
                as she has done in the past to a still higher level and place the function of
                motherhood and its physiology where it rightly belongs. She can only do this through
                education. And this paper, the "Woman Rebel" was a
                pioneer attempt to give her that education.</p>
            <p>It has been said that the issue advocated in this paper is fifty years ahead of the
                times. But this I deny. Rather is it a few narrow-minded officials who are fifty
                years behind the times, for I have found that the great mass of people desire this
                    <span class="del">education</span> knowledge, and it is only the existence of an anti-social
                law inspired by the late Mr. Comstock that
                is keeping them in ignorance. From all over this country letters have come to me
                from women in all departments of life's work, expressing their opinions that the
                knowledge to prevent conception is a great social necessity and is far removed from
                obscenity.</p>
        
        
            <h2>DIFFERENCE IN INTERESTS.</h2>
            <p>As a trained nurse and mother of three children I have reason to consider my views on
                this question far superior to those of the prosecution whose interest in this
                question are so removed from mine, for he is not concerned with the fifty thousand
                women who die each year from abortion in this country. He is not concerned with the
                150,000 abortions that occur each year. He is not concerned with the fact that 95%
                of them are performed on women of the working class; neither is he concerned with
                the tremendous number of babies who die each year before they are one year old. He
                is concerned only in winning a verdict in this case while my interests are prompted
                by the most piteous cry <span class="del">of</span>the women of this country have ever
                uttered.</p>
            <p>What can Man know of the mental agony of carrying beneath one's heart a little life
                which every instinct tells the mother it cannot survive? Little can he know of the
                mental agony and fear of unwanted pregnancy. Why then should he dictate to her in a
                function which chiefly concerns her.</p>
        
        
            <h2>CHARGES.</h2>
            <p>The indictments charge me with publishing and circulating 
       &#8593;indecent&#8595;
     obscene
                literature. What is the meaning <span class="del">obscenity</span> of this word "Obscene"?
                The average <span class="del">men and wo</span>citizen is not familiar with the definition given
                in law books but must rely upon the only available source, that is in dictionaries
                and encyclopedias. I refer you to a standard authority The
                    Encyclopedia Britannica which <span class="del">defines</span> says of
                    "obscenity":-</p>
            <p>"The precise meaning of the word is decidedly ambiguous. It has been
                    defined as something offensive to modesty or decency or expressing or suggesting
                    unchaste or lustful ideas or being impure, indecent or lewd, or <span class="del">tends</span>
                    tending to deprave and corrupt those whose minds 
       &#8593;which&#8595;
     are open to
                    immoral influences."</p>
            <p><span class="del">I deny the charge.</span> I deny that there is one word or sentence or article in
                any of these papers, which can be termed obscene or which in any way violates this
                law or the intent of this law. I have read Section 211 many times and by the wildest
                stretch of the imagination there is nothing from the pages of "The Woman Rebel" which in any way incites to passion or immorality. The
                law distinctly says that no one shall give any information to prevent conception or
                to produce abortion and nowhere in the columns of this paper has this information
                been given. The law does not prohibit a discussion of these questions, but that is
                what Mr. Content wants you to believe. I
                advocate that the knowledge to prevent conception be placed in the hands of women. I
                advocate small families for 
       &#8593;the&#8595;
     working <span class="del">mothers</span> class mothers
                and have encouraged them not to have more children than they can feed, clothe and
                care for. Is this obscene? Why is it that I am indicted for advocating small
                families when others quite prominent in the world's affairs are allowed to go up and
                down the length of the land advocating large families. Certainly if the picture
                brought to 
       &#8593;a&#8595;
     young girl's mind by telling her not to have <span class="del">many</span>
                children is in any way inciting to immorality, what must it be to be told that it is
                her duty to have many children? Which is the most moral? Is it obscene
                    
       &#8593;indecent&#8595;
     to help educate people; to have a responsibility towards
                their actions and towards their offspring or is it not more obscene to keep them in
                ignorance, misery and poverty. This law does not say that one cannot advocate small
                    
       &#8593;families&#8595;
     and therefore nothing that has been read to you from the
                pages of "The Woman Rebel" violates that law.</p>
            <p>Is it moral for two adult people to bring children into the world knowing that there
                is no possible provision made for their survival? Is it moral to leave the welfare
                and health of your offspring to the charity of a few kindly and well-intentioned
                philanthropists or is it not the duty of two people to be responsible for
                    <span class="del">and</span> the consequences of their acts, securing to the best of their
                ability all advantages for their children's development? Is this not the greatest
                moral step forward which the working people of this generation are desirous of
                taking. For it is a noted fact that as soon as a woman raises herself out of the
                lowest stages of poverty and ignorance <span class="del">where the present system of society has
                    placed her</span>, her first step is to seek knowledge whereby she shall have
                control over the size of her family? Where can she go for this knowledge? She knows
                that the woman of the upper-class has this information, which she in her poverty
                cannot afford to pay for. Consequently she must bring forth children who either die
                in infancy <span class="del">or</span> grow up to fill the reformatories jails and poor-houses,
                    <span class="underline">or she must resort to abortions</span>! Abortions and
                their horrible consequences are unnecessary. The "Woman
                    Rebel" has said this and the District Attorney has chosen to call it
                    "obscene" 
       &#8593;indecent&#8595;
    .</p>
            <p>I trust you do not feel that I would have the impertinence to go into a work of this
                kind without realizing the responsibility which the dissemination of such knowledge
                brings; without a thorough study of the question from all points of view. For the
                past four years I have studied this subject and visited <span class="del">different
                    countries</span>
                France, Holland, England and
                    Spain where the subject is considered from the family, the moral,
                the individual and the racial point of view, and before I go any further I should
                like to give you a brief summary of my life's work and the conditions that I met
                with which made me study this question and has brought me here today.</p>
        
        
            <h2>
       &#8593;intent&#8595;
    </h2>
            <p>For in bringing in a verdict it will not be enough for you to decide whether these
                papers are obscene in character but it will also be necessary to get at the intent.
                The prosecution in drawing up the indictment has used great cunning in carefully
                extracting parts of the paper which do not dwell on the bigness of the Cause. He has
                said that the intent was good but that the intent does not matter. I claim that the
                intent is a very vital part of this charge. I further claim that these indictments
                should never have been brought against me, and were those who are back of this
                prosecution really interested in the welfare of the people as they pretend to be,
                they would not be wasting your time here to-day and piling up <span class="del">the</span>
                enormous costs <span class="del">on the people's backs</span> by such proceedings. The intent is
                the very essence of the character of this paper. It may be defiant; it may be bold;
                it may be much that you do not approve of but 
       &#8593;
        [<em>you do not want to
                        agree</em>?]
    &#8595;
    . <span class="del">the intent is certainly not obscene!</span>
                
       &#8593;The question you are to decide is-- Is it obscene?&#8595;
    
            </p>
        
        
            <h2>HISTORY.</h2>
            <p>Far back in my early childhood days, my first impression of life was that large
                families and poverty went hand-in-hand. I was born and brought up in a small factory
                town in the western part of New York State. I was one of eleven
                children, so that I had some personal knowledge of the struggles and hardships which
                a large family endures. At the age of seventeen my mother died from the results of
                overwork and the strain of too-frequent child-bearing which left me with the care of
                four younger children to share the burdens with a lovely poetic Irish father.</p>
            <p>A few years later I entered a hospital to take up the profession of nursing. It is
                impossible for any<span class="del">one</span>
                
       &#8593;woman&#8595;
     to go through a general training without realizing that 
       &#8593;she
                    must revalue ideas of life--&#8595;
     75% of the diseases of men and women are the
                results of their sex lives. This discovery decided me to specialize in women's
                diseases and I devoted myself to gynecological and obstetrical work. A few years of
                work in this special line gave me a still greater discovery, i.e. that knowledge to
                prevent conception was obtained and practiced among the women of wealth while the
                working women were kept in ignorance of this knowledge. I found that the women of
                wealth were able to have abortions performed if it became necessary and such care
                and attention was given them by the medical profession that seldom did a death occur
                among them. I found that the women of the working-class were as anxious to obtain
                this information as their sisters of wealth but that there were laws upon the
                statute book against imparting this information, and the medical profession was most
                religious in obeying the laws when the patient was a poor woman. I found that the
                women of the working-class had emphatic views on the crime of bringing children into
                the world to die of hunger and were willing to risk their lives through abortions
                rather than give birth to unwanted offspring. I found that 300,000 children die each
                year from poverty and neglect, while the parents remain in ignorance of the means of
                preventing 300,000 more from coming into the world to die the following year. I
                found that the children who toil in factories and mills all come from parents who
                average 9 living children. I found <span class="del">that</span>
                
       &#8593;from&#8595;
     the records concerning the woman of the underworld; the so-called
                prostitute--that 85% of them come from parents who average 9 children. I found that
                the laws against imparting knowledge to prevent conception had forced women into the
                hands of filthy midwives and quack abortionists unless they would bear unwanted
                children, with the consequences that the deaths from abortions were almost wholly
                among women of the working-class. I found that no other country in the world has so
                large a number of abortionists nor so large a number of deaths resulting therefrom,
                as the United States of America, and that the quacks and abortionists were rolling
                in wealth while our law-makers were closing their virtuous eyes. What did I find
                that Society was doing to alter these conditions. I found that it was treating with
                the symptoms instead of the <span class="del">disease</span>
                
       &#8593;causes&#8595;
    . They founded the Little Mother Leagues, Babies
                Nurseries, Better Baby Leagues, and hundreds of well-intentioned
                philanthropic and charitable organizations <span class="del">are trying to</span>
                
       &#8593;tried to&#8595;
     cure a social cancer by burning off the top instead of getting
                at the root. These conditions I found resulting from ignorance and I decided to
                arouse the people of this country to these conditions and to put into action some
                means of removing them.</p>
            <p>Before doing this it was necessary to make a thorough study of the special question
                involved. Learning that this information can be obtained in every other civilized
                country in the world except the United States, I decided to go abroad to study it
                there.</p>
            <p>My first visit was to Glasgow where I spent
                several weeks trying to find out what twenty years of municipal ownership had done
                for women and children. I was disappointed in finding that the benefits resulting
                from this system were for those who had few children; the model tenements owned by
                the municipality were constructed for families having not more than three children,
                while working people with more than this number were compelled to huddle in the
                surroundings of their industry. From here, disgusted and disappointed with these
                municipal reforms, I went to Holland, where I found that the Dutch women through the
                knowledge to prevent conception had done more for themselves and their children in
                one year than was done during the whole twenty years of municipal administration in
                Glasgow. I will not dwell upon the conditions I found there but suffice it to say
                that children are loved and cared for in Holland as perhaps in no other country in
                Europe because those who are born are desired and the knowledge of how to prevent
                births is given to all 
       &#8593;married&#8595;
     women, or women old enough to be married,
                in clinics conducted by nurses 
       &#8593;&amp; Doctors&#8595;
    .</p>
            <p>These conditions so impressed me that I was convinced that we in the United States
                cannot advance either morally or socially until we take up the study of the
                knowledge to control births. On my return to this country my desire was to inform
                women of the conditions which I had found. I wanted their opinions on the
                advisability of imparting this information. The best way to find out the opinions of
                people is through the Press. I issued this publication (The
                    Woman Rebel) to the thinking women of the working-class. The first issue
                was suppressed by the Postal Authorities. <span class="del">Let us look again at the first
                    issue.</span> We find here two counts which show definitely that the discussion
                to prevent conception was the objection the censorship had to this issue. This was
                March and the May, July, September and October issues were in turn suppressed and
                confiscated by the Post Office
                authorities in this City. 
       &#8593;Alth'o the paper
                    was mailed as first class matter&#8595;
     all of the articles except the one on
                assassination (with which I shall deal later) are on the discussion of small
                families and the question for you to settle to-day is: Are the working women of
                America to have the use of the mails for the purpose of their moral education and in
                language they can understand; simple, plain, without technical covering, or if the
                mails are only for the use of special people with college or university diplomas.
                When Congress was authorized to establish
                post-offices it was never intended that it should pass judgement on the political,
                religious or moral opinions of the matter to be conveyed. It was intended to fetch
                and carry printed matter regardless of these opinions. If we concede this
                constitutional <span class="del">guarantee</span>
                
       &#8593;right&#8595;
     to this institution we might as well concede the same right to the
                    Interboro Rapid Transit Co., or any other company of public utility.
                There is little doubt that the law was never intended to interfere with serious
                discussions carried on with dignity 
       &#8593;&amp; for a high purpose special
                    purpose&#8595;
     but was for the suppression of pornographic pictures and
                writings.</p>
        
        
            <h2>RESULTS OF PUBLICATION.</h2>
            <p>The publication of the "Woman Rebel" brought me
                    <span class="del">an</span> enthusiastic support from prominent men and women throughout this
                country. It aroused physicians and educators alike to the necessity of Birth Control
                as a national issue and has brought to the notice of all social workers the
                much-neglected question of large families. (Articles have appeared in Harper's, The New Republic,
                    The N.Y. American and the Tribune). <span class="del">Those</span>
                
       &#8593;My&#8595;
     articles on Birth Control have received the approval and support of
                the most eminent authorities in Great Britain
                
       &#8593;as you may see by&#8595;
     the following communication signed by H. G. Wells, Gilbert
                    Murray, Arnold Bennett, Percy Ames, Edward
                    Carpenter, Lena Ashwell, Marie C. Stopes, Aylmer Maude and William
                Archer, was forwarded to President Wilson and reads as follows:-</p>
            <p class="blockquote">"TO THE PRESIDENT OF THE UNITED STATES, WHITE HOUSE, WASH. D.C.</p>
            <p class="blockquote">Sir:- We understand that Mrs Margaret Sanger is in danger of criminal prosecution for circulating a
                paper on birth control. We therefore beg to draw your attention to the fact that
                such work as that of Mrs Sanger's received appreciation and circulation in every
                civilised country except the United States of America, where it is still counted as
                a criminal offense.</p>
            <p class="blockquote">We in England, passed a generation ago, through the phase of
                prohibiting the expressions of serious and disinterested opinion on a subject of
                such grave importance to humanity, and in our view, to suppress any such treatment
                of vital subjects is detrimental to human progress.</p>
            <p class="blockqote">Hence, not only for the benefit of Mrs Sanger, but of humanity, we
                respectfully beg you to exert your powerful influence in the interests of free
                speech and the betterment of the race.</p>
            <p class="blockquote">We beg to remain etc.</p>
            <p>Those who signed this communication have as you doubtless know, made a life-long
                study of Birth Control, and strongly endorse its practice for the benefit of the
                human race.</p>
            <p>I will now take up the article on Marriage which treats of a different subject. </p>
        
        
            <h2>THE MARRIAGE BED.</h2>
            <p>
       &#8593;Gentleman what do we find here.&#8595;
    </p>
            <p>There is nothing here which has a tendency to deprave. On the contrary the language
                and intent of this article show the highest moral purpose, for it is a protest
                against that form of sex-slavery which woman too often has to submit to in married
                life. It is a plea for love in wedlock as opposed to brute force. It appeals to man
                to develop the finer qualities of his sex-nature to <span class="underline">win</span> the object of his affection instead of taking for granted that a
                wife's duty is to submit herself at all times to his needs.</p>
            <p>The fact that there are 85,000 divorces granted each year in the United States goes
                to prove that there is some discordant note in the marriage bond of today which
                needs serious discussion and investigation. In order to do this, as with birth
                control women must have a medium for their discussion.</p>
            <p>On the shelves of my library I have dozens of books dealing with <span class="del">the</span>
                marriage problem in the language similar to that used in this article. All of these
                books pass through the U.S. mails and no action is taken against their publishers. I
                need only to mention G. Bernard Shaw's
                preface to his play "Getting Married" <span class="del">in which he
                    says that</span>
                
       &#8593;extracts which I will read giving the same ideas&#8595;
    </p>
            <p>This book also is forwarded through the U.S. mails but the censorship does not dare
                attack so prominent an author.</p>
            <p>
       &#8593;<span class="del">I submit</span> I deny that&#8595;
    
                <span class="del">In</span> this article on "The Marriage Bed" there
                is anything obscene, lewd or depraving. 
       &#8593;The title may be obnoxious to some but
                    you must judge the article by its content &amp; I believe that the coarsest mind
                    could find nothing filthy vile obscene&#8595;
    </p>
            <p>If the United States Government have indictments out for the Publishers of
                    Wendell Phillips
                
       &#8593;or Roosevelt's&#8595;
     Books as well
                as three of the books mentioned above--then we might consider the justice of this
                accusation, but here again as with the subject of marriage, the petty officials of
                this city dare not attack or indict Publishers or Authors who are well known.</p>
            <p>Now, gentlemen, I have tried prove to you that the language of this Article is
                impartial, clear and cool, appealing to logic and the cold <span class="del">day</span> light of
                reason and I trust you will agree with me that this is so, but I have not told you
                the reason why I published this Article on "The Defense of
                    Assassination."</p>
            <p>When the March issue was suppressed, I wrote at once to the Post Master requesting
                him to inform me what Articles, words or sentences in the issue were objectionable,
                so that I could either alter them or have some guide by which I could be directed.
                His reply was curt and short, but I was no wiser than before. The next issue was
                suppressed and again I requested to be informed what was the special objection to
                the paper, and again the same unintelligent reply.</p>
            <p>I resolved then and there to bring the "nigger out of the wood pile" and to make the
                authorities cease suppressing and confiscating a publication without giving the
                reason and forced them to come out into the open and tell the public where they
                stand.</p>
            <p>I am glad to say this article did it, not because there is anything inciting either
                to murder or immorality at all, but because of the very word "Assassination". This
                indictment is based on a head line alone, for tho one does approve of an act,
                approval does not necessitate inciting others to approve. This man gives us his
                reasons WHY he approves or defends assassination and I claim he has a right to be
                heard.</p>
            <p>I am not going to go further into this defense, I am not going to "sum up" all the
                proof I have placed before you, I am going to conclude by asking you to try and look
                out upon the World with me, as I have tried to tell you what I have seen and to ask
                you to consider the Age, the century, this year 1916--the Country where we have the
                most advanced electrical devices and comforts and construction engineering--we are
                here in what is called the most advanced country in the world and yet within these
                walls in this same age and year here is a woman pleading with you, as if it was
                three hundred years ago. I ask you gentlemen to consider, as Justice Coleridge says in his summing up
                in a case similar to this a year or so ago etc.</p>
            <p>Gentlemen, I have not dwelled upon the personal inconveniences that these indictments
                have caused me, I have not told you of the hardships, the financial outlay, the
                sacrifices, the separation from my children for over a year, the imprisonment of my
                husband and the death of my little girl which have been caused of these indictments,
                all which I lay at the door of the government which has caused me to be insulted,
                slandered and my name and work tainted with that foul
                        <span class="del">
        [<em>stigma</em>]
    </span>
                
       &#8593;
        [<em>tag</em>?]
    &#8595;
     "OBSCENITY".</p>
            <p>I have not dwelt on these personal matters because I want you to consider my
                innocence from a impersonal view, but I cannot refrain from impressing you with the
                inconvenience and the hardships unless I can leave this room acquitted by you of
                these charges, which otherwise a life time cannot wipe from one's name and work.</p>
            <p>And in conclusion let us remind ourselves again of the Appeal to our forefathers by
                that worthy Veteran of liberty, Thos. Paine
                when he said: "O ye who love Mankind, ye who dare oppose not only the
                    tyranny but the tyrants stand forth. Liberty has been chased around the
                    globe--receive ye oh the captive, and let us here in United States prepare an
                    asylum fit for mankind."</p>
        
        
            <h2>DEFENSE OF ASSASSINATION.</h2>
            <p>You have had this article read to you by the prosecution and must realize that it has
                been presented with great care and caution. The subject is <span class="del">a</span>
                
       &#8593;no doubt a disagreeable&#8595;
     painful one but what connection this article has
                with obscenity it would take something more than a legal mind to grasp. Before I go
                any further with this matter I want to draw your attention to the editorial page of
                    "The Woman Rebel" where you will see printed a
                notice to the effect that "The Editor does not necessarily agree with all signed
                articles." I am not here today to defend the principle of assassination but I do
                come to defend the right of the author of this
                    article to express his views in the press in this way. The article in
                question is an academic, scientific, <span class="del">and</span> impartial and logical discussion
                on methods and tactics which may possibly arise in a given society for the removal
                of certain individuals who may have put themselves beyond the reach of
                constitutional law. There was no recommendation made here to slay or assassinate any
                special individual or tyrant and as this article was published over a year ago and
                no one has been assassinated as a result of reading this, I submit these facts bear
                out my contention and judgement that 
       &#8593;it&#8595;
     is a pure academic defense,
                appealing to the intellect and reason and not to the 
       &#8593;passions&#8595;
     emotions of
                my readers.</p>
            <p>(Inciting or Appealing to emotions.)</p>
            <p>Were I defending the principle of assassination I could mention hundreds of
                celebrated writers of moral and political economy who have argued the necessity of
                putting the law of nature in force against tyrants who have the power and desire to
                set themselves above all laws made for the welfare of the society in which they may
                live, but I am defending the freedom of the press 
       &#8593;on this issue.&#8595;
     I could
                have brought here dozens of volumes from the best authorities; authorities whom no
                man in this court would decry, to support the necessity and propriety of putting
                tyrants to death if no other means <span class="del">of</span> for their removal present
                themselves.</p>
            <p>All of these volumes <span class="del">extracts from 
       &#8593;some of them&#8595;
     which I shall
                    read,</span> are allowed to be sent through the U. S. mails and when you shall
                have heard the opinions of these writers, you gentlemen will, I am sure, acquit me
                of either malicious intent or of inciting to assassination. I was not the author of
                the article. The <span class="del">article</span> author is a man whose scientific knowledge
                justifies an opinion which I, as editor and publisher, believing in the freedom of
                the press, had every reason to believe he had the right under our constitution to
                express.</p>
        
        
            <h2>
       &#8593;Extracts from the Classics&#8595;
    </h2>
            <p> You can read again the article in question and I submit to you it is not one
                    <span class="del">whit</span>
                
       &#8593;bit&#8595;
     more cruel or inciting to murder than the dozens and hundreds of
                articles written in our daily papers dealing 
       &#8593;&amp; inciting to&#8595;
     with the
                war. I 
       &#8593;further&#8595;
     submit this article is more moral and 
       &#8593;would have a
                    better&#8595;
     effect upon a community than the sporting page of any daily paper.
                I wish to read you some extracts from the classics.</p>
            <p>I will begin with the philosophers of Greece and Rome, whose opinions are supported by authorities from
                the Bible and which, I trust, will fully exculpate me
                from the charge upon the record.</p>
            <p>Plato, in his plan for a Republic (a
                volume which may be purchased at Brentano's on Fifth Ave and sent through
                the U.S. Mails to your address for the sum of $2.00) says, in part:-</p>
            <p>"The longer a tyrant lives, the more tyrannical humor increases in him,
                    like those beasts who grow more vicious as they grow older." Again he says:-
                    "The ordinary course they took with tyrants in Greece was to
                    dispatch them secretly, if there was no opportunity of expelling them by
                    accusations before the citizens".</p>
            <p>Aristotle also says:-"Tyranny is against the law of
                    human society, in which human nature is preserved."</p>
            <p>Zenophon says:-"The Grecians would not allow murderers
                    to come into their temples yet in those very temples they erected statues to
                    those who killed tyrants thinking their deliverers fit companions for their
                    gods.</p>
            <p>Then there is that beautiful book on 
	[<em>four words illegible</em>]
	
                written by 
	[<em>two words illegible</em>]
	 the great 
        [<em>scholar
                    and prophet</em>?]
     of freedom.</p>
            <p> Cicero, in extolling the assassination of Caesar says:-"What act, O Jupiter, more glorious; more worthy of eternal memory hath been
                    done, not only in this city but in the whole world. All good men killed Caesar.
                    Some wanted capacity, some courage, others opportunity but none wanted the will
                    to do it."</p>
            <p>Tertullian:- (who was one of the Fathers of the Church, says) "Against common enemies and those who are enemies of the
                    commonwealth, every man is a soldier."</p>
            <p>St. Augustine says:- "Is it not incongruous that the
                    laws of Nature and society as well permit a man to kill a thief if he be found
                    breaking into his house at night and that a tyrant who is a common robber of
                    mankind, to whom nothing is sacred, and whom no law can bind, should be
                    considered inviolable."</p>
            <p>I will conclude with an approval of <span class="del">tyrannists</span>assassination written by
                    Theodore Roosevelt in his "Life of Cromwell" published by 
       &#8593;Scribner &amp;
                Son&#8595;
    Quote. . . . . </p>
            <p>The article I have published, gentlemen, you will observe does not
                    <span class="del">necessarily</span>
                
       &#8593;so emphatically or enthusiastically&#8595;
    approve of assassination, as Mr.
                Roosevelt's <span class="del">quotation</span> does. In the Woman
                    Rebel the Article deals with the question in an impartial way, viewing
                it from both the moral and biological standpoints. About a third of the article
                consists of a quotation from Wendell
                    Phillips and the remainder deals with the subject in the general way I
                have described to you.</p>
            <p>
       &#8593; If the U.S. govt have indictments out for the publishers of Wendell Phillips
                    &amp; Theodore Roosevelt's books as well as Those of the books mentioned
                    above--then we might consider the justice of this accusation.&#8595;
    </p>
        
    
<hr><p>
		 	Subject Terms:
		</p><ul>
<li>
<a href="search.php?subject=abortion">abortion</a><a href="search.php?subject=abortion&amp;subject2=MS%20on">, MS on</a><a href="search.php?subject=abortion&amp;subject2=MS%20on&amp;subject3="></a><a href="search.php?subject=abortion&amp;subject2=MS%20on&amp;subject3=&amp;subject4="></a>
</li>
<li>
<a href="search.php?subject=birth%20control">birth control</a><a href="search.php?subject=birth%20control&amp;subject2=access%20to">, access to</a><a href="search.php?subject=birth%20control&amp;subject2=access%20to&amp;subject3="></a><a href="search.php?subject=birth%20control&amp;subject2=access%20to&amp;subject3=&amp;subject4="></a>
</li>
<li>
<a href="search.php?subject=birth%20control">birth control</a><a href="search.php?subject=birth%20control&amp;subject2=class-based">, class-based</a><a href="search.php?subject=birth%20control&amp;subject2=class-based&amp;subject3="></a><a href="search.php?subject=birth%20control&amp;subject2=class-based&amp;subject3=&amp;subject4="></a>
</li>
<li>
<a href="search.php?subject=birth%20control">birth control</a><a href="search.php?subject=birth%20control&amp;subject2=morality%20of">, morality of</a><a href="search.php?subject=birth%20control&amp;subject2=morality%20of&amp;subject3="></a><a href="search.php?subject=birth%20control&amp;subject2=morality%20of&amp;subject3=&amp;subject4="></a>
</li>
<li>
<a href="search.php?subject=birth%20control">birth control</a><a href="search.php?subject=birth%20control&amp;subject2=opposition%20to">, opposition to</a><a href="search.php?subject=birth%20control&amp;subject2=opposition%20to&amp;subject3="></a><a href="search.php?subject=birth%20control&amp;subject2=opposition%20to&amp;subject3=&amp;subject4="></a>
</li>
<li>
<a href="search.php?subject=censorship">censorship</a><a href="search.php?subject=censorship&amp;subject2="></a><a href="search.php?subject=censorship&amp;subject2=&amp;subject3="></a><a href="search.php?subject=censorship&amp;subject2=&amp;subject3=&amp;subject4="></a>
</li>
<li>
<a href="search.php?subject=family%20size">family size</a><a href="search.php?subject=family%20size&amp;subject2=class-based">, class-based</a><a href="search.php?subject=family%20size&amp;subject2=class-based&amp;subject3="></a><a href="search.php?subject=family%20size&amp;subject2=class-based&amp;subject3=&amp;subject4="></a>
</li>
<li>
<a href="search.php?subject=free%20speech%20and%20free%20press">free speech and free press</a><a href="search.php?subject=free%20speech%20and%20free%20press&amp;subject2="></a><a href="search.php?subject=free%20speech%20and%20free%20press&amp;subject2=&amp;subject3="></a><a href="search.php?subject=free%20speech%20and%20free%20press&amp;subject2=&amp;subject3=&amp;subject4="></a>
</li>
<li>
<a href="search.php?subject=law-breaking%20and%20direct%20action">law-breaking and direct action</a><a href="search.php?subject=law-breaking%20and%20direct%20action&amp;subject2="></a><a href="search.php?subject=law-breaking%20and%20direct%20action&amp;subject2=&amp;subject3="></a><a href="search.php?subject=law-breaking%20and%20direct%20action&amp;subject2=&amp;subject3=&amp;subject4="></a>
</li>
<li>
<a href="search.php?subject=mortality%20rates">mortality rates</a><a href="search.php?subject=mortality%20rates&amp;subject2=infant">, infant</a><a href="search.php?subject=mortality%20rates&amp;subject2=infant&amp;subject3="></a><a href="search.php?subject=mortality%20rates&amp;subject2=infant&amp;subject3=&amp;subject4="></a>
</li>
<li>
<a href="search.php?subject=obscenity">obscenity</a><a href="search.php?subject=obscenity&amp;subject2="></a><a href="search.php?subject=obscenity&amp;subject2=&amp;subject3="></a><a href="search.php?subject=obscenity&amp;subject2=&amp;subject3=&amp;subject4="></a>
</li>
<li>
<a href="search.php?subject=Sanger,%20Margaret">Sanger, Margaret</a><a href="search.php?subject=Sanger,%20Margaret&amp;subject2=biography">, biography</a><a href="search.php?subject=Sanger,%20Margaret&amp;subject2=biography&amp;subject3="></a><a href="search.php?subject=Sanger,%20Margaret&amp;subject2=biography&amp;subject3=&amp;subject4="></a>
</li>
<li>
<a href="search.php?subject=Scotland">Scotland</a><a href="search.php?subject=Scotland&amp;subject2=birth%20control%20in">, birth control in</a><a href="search.php?subject=Scotland&amp;subject2=birth%20control%20in&amp;subject3="></a><a href="search.php?subject=Scotland&amp;subject2=birth%20control%20in&amp;subject3=&amp;subject4="></a>
</li>
<li>
<a href="search.php?subject=United%20States">United States</a><a href="search.php?subject=United%20States&amp;subject2=Post%20Office">, Post Office</a><a href="search.php?subject=United%20States&amp;subject2=Post%20Office&amp;subject3="></a><a href="search.php?subject=United%20States&amp;subject2=Post%20Office&amp;subject3=&amp;subject4="></a>
</li>
<li>
<a href="search.php?subject=United%20States%20government">United States government</a><a href="search.php?subject=United%20States%20government&amp;subject2=birth%20control%20and">, birth control and</a><a href="search.php?subject=United%20States%20government&amp;subject2=birth%20control%20and&amp;subject3="></a><a href="search.php?subject=United%20States%20government&amp;subject2=birth%20control%20and&amp;subject3=&amp;subject4="></a>
</li>
<li>
<a href="search.php?subject=Woman%20Rebel,%20The">Woman Rebel, The</a><a href="search.php?subject=Woman%20Rebel,%20The&amp;subject2=legal%20case">, legal case</a><a href="search.php?subject=Woman%20Rebel,%20The&amp;subject2=legal%20case&amp;subject3="></a><a href="search.php?subject=Woman%20Rebel,%20The&amp;subject2=legal%20case&amp;subject3=&amp;subject4="></a>
</li>
<li>
<a href="search.php?subject=Woman%20Rebel,%20The">Woman Rebel, The</a><a href="search.php?subject=Woman%20Rebel,%20The&amp;subject2=suppression%20of">, suppression of</a><a href="search.php?subject=Woman%20Rebel,%20The&amp;subject2=suppression%20of&amp;subject3="></a><a href="search.php?subject=Woman%20Rebel,%20The&amp;subject2=suppression%20of&amp;subject3=&amp;subject4="></a>
</li>
<li>
<a href="search.php?subject=working%20classes">working classes</a><a href="search.php?subject=working%20classes&amp;subject2=MS%20on">, MS on</a><a href="search.php?subject=working%20classes&amp;subject2=MS%20on&amp;subject3="></a><a href="search.php?subject=working%20classes&amp;subject2=MS%20on&amp;subject3=&amp;subject4="></a>
</li>
<li>
<a href="search.php?subject=working%20classes">working classes</a><a href="search.php?subject=working%20classes&amp;subject2=women%20and%20girls">, women and girls</a><a href="search.php?subject=working%20classes&amp;subject2=women%20and%20girls&amp;subject3="></a><a href="search.php?subject=working%20classes&amp;subject2=women%20and%20girls&amp;subject3=&amp;subject4="></a>
</li>
</ul><p>
		 Copyright 2003. Margaret Sanger Project
        </p>
  </div>
</div>
	<div><br /></div>

	<p style="margin-top: 0px; margin-bottom: 0px;">
		<a href="http://www.nyu.edu/projects/sanger/aboutms/" onmouseout="MM_swapImgRestore();" onmouseover="MM_swapImage('sanger_foot_r1_c1','','../images/sanger_foot_r1_c1_f2.gif',1);"><img id="sanger_foot_r1_c1" src="../images/sanger_foot_r1_c1.gif" width="104" height="20" alt="" /></a><a href="http://www.nyu.edu/projects/sanger/documents/electroniced.php" onmouseout="MM_swapImgRestore();" onmouseover="MM_swapImage('sanger_foot_r1_c2','','../images/sanger_foot_r1_c2_f2.gif',1);"><img id="sanger_foot_r1_c2" src="../images/sanger_foot_r1_c2.gif" width="104" height="20" alt="" /></a><a href="search.php" onmouseout="MM_swapImgRestore();" onmouseover="MM_swapImage('sanger_foot_r1_c3','','../images/sanger_foot_r1_c3_f2.gif',1);"><img id="sanger_foot_r1_c3" src="../images/sanger_foot_r1_c3.gif" width="104" height="20" alt="" /></a><a href="http://www.nyu.edu/projects/sanger/" onmouseout="MM_swapImgRestore();" onmouseover="MM_swapImage('sanger_foot_r1_c4','','../images/sanger_foot_r1_c4_f2.gif',1);"><img id="sanger_foot_r1_c4" src="../images/sanger_foot_r1_c4.gif" width="104" height="20" alt="" /></a><a href="http://www.nyu.edu/projects/sanger/contactus/" onmouseout="MM_swapImgRestore();" onmouseover="MM_swapImage('sanger_foot_r1_c5','','../images/sanger_foot_r1_c5_f2.gif',1);"><img id="sanger_foot_r1_c5" src="../images/sanger_foot_r1_c5.gif" width="104" height="20" alt="" /></a><img id="sanger_foot_r1_c6" src="../images/sanger_foot_r1_c6.jpg" width="105" height="20" alt="" />
	</p>
	<p style="margin-bottom: 0px; margin-top: -1px; /*\*/margin-top: -4px;/**/">
		<img src="../images/spacer.gif" width="545" height="1" alt="" /><a href="http://validator.w3.org/check/referer"><img src="../images/xhtml11.gif" alt="valid" /></a>
	</p>
</div> <!-- end of Container --> 
</body>
</html>
