<!DOCTYPE html PUBLIC "-//W3C//DTD XHTML 1.1//EN"
        "http://www.w3.org/TR/xhtml11/DTD/xhtml11.dtd">
<html>
<head>
	<title>The Public Papers of Margaret Sanger: Web Edition</title> 
	<meta http-equiv="content-type" content="text/html charset=ISO-8859-1" />
	<link href="../documents/styles.css" rel="stylesheet" type="text/css" />
<script type="text/javascript" src="../documents/global.js"></script> 
</head>
<body onload="MM_preloadImages('../images/header_r2_c1_f2.gif','../images/header_r2_c2_f2.gif','../images/header_r2_c3_f2.gif','../images/header_r2_c4_f2.gif','../images/header_r2_c5_f2.gif');">
<div id="container" style="width: 626px; margin: 0px auto;"> 
<p style="margin-top: 0px; margin-bottom: 0px;">
	<img id="header_r1_c1" src="../images/header_r1_c1.gif" width="625" height="95" alt="" /><img src="../images/spacer.gif" width="1" height="95" alt="" /> 
</p>
<p style="margin-top: 0px; /*\*/margin-top: -3px;/**/">
	<a href="project.php" onmouseout="MM_swapImgRestore();" onmouseover="MM_swapImage('header_r2_c1','','../images/header_r2_c1_f2.gif',1);"><img id="header_r2_c1" src="../images/header_r2_c1.gif" width="104" height="20" alt="" /></a><a href="edition.php" onmouseout="MM_swapImgRestore();" onmouseover="MM_swapImage('header_r2_c2','','../images/header_r2_c2_f2.gif',1);"><img id="header_r2_c2" src="../images/header_r2_c2.gif" width="104" height="20" alt="" /></a><a href="search.php" onmouseout="MM_swapImgRestore();" onmouseover="MM_swapImage('header_r2_c3','','../images/header_r2_c3_f2.gif',1);"><img id="header_r2_c3" src="../images/header_r2_c3.gif" width="104" height="20" alt="" /></a><a href="http://www.nyu.edu/projects/sanger/" onmouseout="MM_swapImgRestore();" onmouseover="MM_swapImage('header_r2_c4','','../images/header_r2_c4_f2.gif',1);"><img id="header_r2_c4" src="../images/header_r2_c4.gif" width="104" height="20" alt="" /></a><a href="contact.php" onmouseout="MM_swapImgRestore();" onmouseover="MM_swapImage('header_r2_c5','','../images/header_r2_c5_f2.gif',1);"><img id="header_r2_c5" src="../images/header_r2_c5.gif" width="104" height="20" alt="" /></a><img id="header_r2_c6" src="../images/header_r2_c6.jpg" width="105" height="20" alt="" /><img src="../images/spacer.gif" width="1" height="20" alt="" /> 
</p>
<div class="outBox">
<div class="docBox">

<p class="title_heading">Margaret Sanger, "Birth Control: Yes or No?," 
            
        [<em>20 Sept 1919</em>]
    
        .
		</p><p>Published Article. Source: 
            <a href="search.php?journal=%22Fairplay%22"><span class="italics">Fairplay</span></a>, 
        [<em>20 Sept.
                    1919</em>]
    
            
	, <span class="italics">Margaret Sanger Microfilm</span>, C16: 125
        .
		</p><p class="headnote">Portions of this text are missing. This is Sanger's third article in a seven-part series
            on "Prudence and Purity in Sex Matters." Her other two articles were published on <a href="show.php?sangerDoc=302881.xml">Aug. 23, 1919</a> and <a href="show.php?sangerDoc=304453.xml">Oct. 4, 1919</a>. Other articles were written by different authors. The article was introduced by an editorial paragraph referencing the August 23 article and
            obtaining back issues of the journal.</p><hr>
    
    
    
        <h1>Birth Control: Yes or No?</h1>
        <p>
            <span class="bold">Yes, but how about the unfit,--the mental defectives who ought most of
                all to avoid offspring,--would they know enough to use the knowledge if it were
                given to them?</span>
        </p>
        <p>The great majority of mental defectives are not in institutions, but are at large in the
            community. No defective can produce normal offspring. These people are therefore a
            serious menace to community health. Experts such as Dr. H. H. Goddard of the Vineland Training School for the Feeble
                Minded, have expressed the very definite opinion that large numbers of
            defective people are capable of understanding and acting upon contraceptive information,
            and that they should be taught. The institutions for feeble-mindedness and insanity are
            increasingly overflowing. The supply of defectives should be cut off at the source. Mere
            governmental economy demands this,--even if there were no other reasons. To use public
            funds needlessly for the care of the unfit instead of for education and opportunity for
            the normal is criminal stupidity.</p>
        <p> The same reasoning applies to the vast sums given with such warm hearted emotion by the
            rich to charities every year. A substantial part of charitable relief could be
            eliminated if the poor were taught how to avoid over-population in their own families,
            how not to be submerged by their mere numbers. Which is more sensible,--for the
            charity-givers to contribute $50,000 to our League for the repeal of the wretched laws forbidding the knowledge by which
            the poor can help themselves and control their own destinies,--or to spend a thousand
            times that amount in trying endlessly to patch up the wreckage of humanity after the
            misery has been needlessly produced?</p>
        <p>
            <span class="bold">Yes, but Abraham Lincoln was
                one of many children. Suppose his parents had practised family limitation and left
                him out?</span>
        </p>
        <p> True, many great men beside Lincoln have been born in large families, and likewise many
            great people have been born in small families. It proves nothing. Notice that we never
            heard anything of Abraham Lincoln's brothers and sisters, for they, not he, were the
            natural product of hardship and ignorance. They were the rule, he the exception.</p>
        <p> Any country is grateful when a few great souls develop and hold ideals aloft for others
            to follow, but the real test of a country's greatness is whether it will provide
            conditions which will produce many instead of a few great souls,--whether it will
            increase health, education and opportunity so that the average person can be a fine
            specimen.</p>
        <p>If anyone sincerely believed that poverty and hardship produced the best results, he
            would deliberately choose them for himself and his children. But no one does. Health,
            happiness and opportunity are unquestionably a benefit to humanity, otherwise we should
            not be justified in struggling for them.</p>
        <p>If we look after the well-being of the average children, the Lincolns will look after
            themselves and there will be more of them for us to admire.</p>
        <p>
            <span class="bold">Yes, but ought not the country to encourage births now, to make up for
                the loss of life in the war?</span>
        </p>
        <p>The deliberate speeding up of the birth rate without regard to economic conditions and
            health is nothing but disastrous. All efforts of this sort have failed.</p>
        <p>A notable instance occurred in France shortly before the war. In response
            to public action against the decreasing birth-rate, various rewards were offered to
            parents of large families and bonuses were given to those who had children in rapid
            succession. This did increase births, but alas! it also increases the baby death rate,
            so the number of survivors was less and the parents were needlessly depleted.</p>
        <p>If the war loss of life could be replaced by an increase of births in the families of
            those who have remained prosperous in spite of the war, or those who have become
            prosperous because of the war, it might, perhaps, be a good thing. And yet, to enlarge
            profiteering families might not be a real asset to the country!</p>
        <p>At any rate, to ask the mass of people to repopulate when the cost of living is still
            high, wages going down and unemployment increasing, is simply to invite disaster. The
            war-industry worker who has lost his job or the returned soldier who has not yet found
            his job, is not the man who ought to undertake parenthood. He will be a better
                "patriot" if he postpones his family till times are more
            propitious.</p>
        <p class="bold">It must never be inferred that advocates of family limitation are necessarily
            urging small families as such. It is true that relatively few parents can give
            successful care to large families, but all who can ought surely to have as many as they
            want.</p>
        
	[<em>unknown </em>]
	
        <p>two years, it could mean ten children! So as a method of family regulation that sort of
            self-control is hardly useful.</p>
        <p>If by self-control you mean entire abstinence from the marital relation, that is not
            considered ideal by most normal people. They do not find it conducive to health or
            happiness. The old idea, born of certain religious tenets, that sex relations are a
            concession to weakness and at best a compromise with the lower nature, is giving way to
            the newer idealism, fostered by some of the best sex psychologists that there is a dual
            function for the human sex-relation, unknown to the lower orders of life,&#8211;namely, that
            it is to produce children and also to increase well-being, and that both functions,
            under right conditions, can be superlatively fine; both are essential parts of the
            richness and beauty of life. Enlightened people are coming to understand that the sex
            impulse, instead of being a thing to be repressed and disciplined out of existence, is
            something which should produce invaluable reactions,&#8211;physical, emotional, mental and
            spiritual.</p>
        <p>As to abstinence, please note that for two reasons, it has no place at all, in the eyes
            of the law. First, according to the precedent of common law, a wife is supposed to give
            her "services" in exchange for her
                "necessaries." Services are interpreted to mean household
            services and sex relations. If she withholds her services, it is in some states, a cause
            for divorce on the ground that she has "deserted" her husband.
            Second, abstinence is a method of preventing conception, and therefore those who
            advocate it are literally breaking the law, quite as much as those who advocate other
            methods.</p>
        <p>The law therefore does not sanction abstinence, except among the unmarried. Oddly enough,
            however, there are not prosecutions of the "purists" who commend
            abstinence, but in view of the common law provision, they should be prosecuted,&#8211;if the
            law is to be enforced.</p>
        <p class="bold">Yes, But How About Abortion?</p>
        <p>Contraceptive knowledge will do more than anything else to lessen the shocking number of
            abortions. No one can give accurate statistics as to the number of abortions, as most of
            them are illegal and secret, but Dr. William J.
                Robinson estimates that there may be a million annually in the United
            States. It is well known that they are fearfully frequent among the rich, who can
            command the services of skillful operators and have the leisure to devote to safe
            recovery; also that the desperate poor resort to bungling, dangerous, amateur operations
            with terribly fatal results. Mere preaching can not correct this appalling situation but
            the perfection and simplification of contraceptive science will go farther than anything
            else to improve it. </p>
        <p class="bold">Yes, but how about the Opposition of the Catholics? Don't they consider
            contraception as wicked as abortion?</p>
        <p>Yes, the general influence of the church is against contraception, and on the ground that
            it destroys life. But there is no rule of the church against it. There is merely
            precedent. And many Catholics are slipping away from church influence in this
            particular, because they realize
	[<em>last page(s) missing </em>]
	</p>
    
<hr><p>
		 	Subject Terms:
		</p><ul>
<li>
<a href="search.php?subject=abortion">abortion</a><a href="search.php?subject=abortion&amp;subject2=birth%20control%20vs.">, birth control vs.</a><a href="search.php?subject=abortion&amp;subject2=birth%20control%20vs.&amp;subject3="></a><a href="search.php?subject=abortion&amp;subject2=birth%20control%20vs.&amp;subject3=&amp;subject4="></a>
</li>
<li>
<a href="search.php?subject=Catholic%20Church">Catholic Church</a><a href="search.php?subject=Catholic%20Church&amp;subject2=birth%20control%20and%20abortion%20and">, birth control and abortion and</a><a href="search.php?subject=Catholic%20Church&amp;subject2=birth%20control%20and%20abortion%20and&amp;subject3="></a><a href="search.php?subject=Catholic%20Church&amp;subject2=birth%20control%20and%20abortion%20and&amp;subject3=&amp;subject4="></a>
</li>
<li>
<a href="search.php?subject=eugenics">eugenics</a><a href="search.php?subject=eugenics&amp;subject2=birth%20control%20and">, birth control and</a><a href="search.php?subject=eugenics&amp;subject2=birth%20control%20and&amp;subject3="></a><a href="search.php?subject=eugenics&amp;subject2=birth%20control%20and&amp;subject3=&amp;subject4="></a>
</li>
<li>
<a href="search.php?subject=family%20size">family size</a><a href="search.php?subject=family%20size&amp;subject2="></a><a href="search.php?subject=family%20size&amp;subject2=&amp;subject3="></a><a href="search.php?subject=family%20size&amp;subject2=&amp;subject3=&amp;subject4="></a>
</li>
<li>
<a href="search.php?subject=Lincoln,%20Abraham">Lincoln, Abraham</a><a href="search.php?subject=Lincoln,%20Abraham&amp;subject2="></a><a href="search.php?subject=Lincoln,%20Abraham&amp;subject2=&amp;subject3="></a><a href="search.php?subject=Lincoln,%20Abraham&amp;subject2=&amp;subject3=&amp;subject4="></a>
</li>
<li>
<a href="search.php?subject=mentally%20disabled%20and%20diseased">mentally disabled and diseased</a><a href="search.php?subject=mentally%20disabled%20and%20diseased&amp;subject2=birth%20control%20and">, birth control and</a><a href="search.php?subject=mentally%20disabled%20and%20diseased&amp;subject2=birth%20control%20and&amp;subject3="></a><a href="search.php?subject=mentally%20disabled%20and%20diseased&amp;subject2=birth%20control%20and&amp;subject3=&amp;subject4="></a>
</li>
<li>
<a href="search.php?subject=physicians">physicians</a><a href="search.php?subject=physicians&amp;subject2=birth%20control%20and">, birth control and</a><a href="search.php?subject=physicians&amp;subject2=birth%20control%20and&amp;subject3="></a><a href="search.php?subject=physicians&amp;subject2=birth%20control%20and&amp;subject3=&amp;subject4="></a>
</li>
<li>
<a href="search.php?subject=population">population</a><a href="search.php?subject=population&amp;subject2=birth%20control%20and">, birth control and</a><a href="search.php?subject=population&amp;subject2=birth%20control%20and&amp;subject3="></a><a href="search.php?subject=population&amp;subject2=birth%20control%20and&amp;subject3=&amp;subject4="></a>
</li>
<li>
<a href="search.php?subject=United%20States">United States</a><a href="search.php?subject=United%20States&amp;subject2=charitable%20relief%20in">, charitable relief in</a><a href="search.php?subject=United%20States&amp;subject2=charitable%20relief%20in&amp;subject3="></a><a href="search.php?subject=United%20States&amp;subject2=charitable%20relief%20in&amp;subject3=&amp;subject4="></a>
</li>
</ul><p>
		 Copyright 2003. Margaret Sanger Project
        </p>
  </div>
</div>
	<div><br /></div>

	<p style="margin-top: 0px; margin-bottom: 0px;">
		<a href="http://www.nyu.edu/projects/sanger/aboutms/" onmouseout="MM_swapImgRestore();" onmouseover="MM_swapImage('sanger_foot_r1_c1','','../images/sanger_foot_r1_c1_f2.gif',1);"><img id="sanger_foot_r1_c1" src="../images/sanger_foot_r1_c1.gif" width="104" height="20" alt="" /></a><a href="http://www.nyu.edu/projects/sanger/documents/electroniced.php" onmouseout="MM_swapImgRestore();" onmouseover="MM_swapImage('sanger_foot_r1_c2','','../images/sanger_foot_r1_c2_f2.gif',1);"><img id="sanger_foot_r1_c2" src="../images/sanger_foot_r1_c2.gif" width="104" height="20" alt="" /></a><a href="search.php" onmouseout="MM_swapImgRestore();" onmouseover="MM_swapImage('sanger_foot_r1_c3','','../images/sanger_foot_r1_c3_f2.gif',1);"><img id="sanger_foot_r1_c3" src="../images/sanger_foot_r1_c3.gif" width="104" height="20" alt="" /></a><a href="http://www.nyu.edu/projects/sanger/" onmouseout="MM_swapImgRestore();" onmouseover="MM_swapImage('sanger_foot_r1_c4','','../images/sanger_foot_r1_c4_f2.gif',1);"><img id="sanger_foot_r1_c4" src="../images/sanger_foot_r1_c4.gif" width="104" height="20" alt="" /></a><a href="http://www.nyu.edu/projects/sanger/contactus/" onmouseout="MM_swapImgRestore();" onmouseover="MM_swapImage('sanger_foot_r1_c5','','../images/sanger_foot_r1_c5_f2.gif',1);"><img id="sanger_foot_r1_c5" src="../images/sanger_foot_r1_c5.gif" width="104" height="20" alt="" /></a><img id="sanger_foot_r1_c6" src="../images/sanger_foot_r1_c6.jpg" width="105" height="20" alt="" />
	</p>
	<p style="margin-bottom: 0px; margin-top: -1px; /*\*/margin-top: -4px;/**/">
		<img src="../images/spacer.gif" width="545" height="1" alt="" /><a href="http://validator.w3.org/check/referer"><img src="../images/xhtml11.gif" alt="valid" /></a>
	</p>
</div> <!-- end of Container --> 
</body>
</html>
