<!DOCTYPE html PUBLIC "-//W3C//DTD XHTML 1.1//EN"
        "http://www.w3.org/TR/xhtml11/DTD/xhtml11.dtd">
<html>
<head>
	<title>The Public Papers of Margaret Sanger: Web Edition</title> 
	<meta http-equiv="content-type" content="text/html charset=ISO-8859-1" />
	<link href="../documents/styles.css" rel="stylesheet" type="text/css" />
<script type="text/javascript" src="../documents/global.js"></script> 
</head>
<body onload="MM_preloadImages('../images/header_r2_c1_f2.gif','../images/header_r2_c2_f2.gif','../images/header_r2_c3_f2.gif','../images/header_r2_c4_f2.gif','../images/header_r2_c5_f2.gif');">
<div id="container" style="width: 626px; margin: 0px auto;"> 
<p style="margin-top: 0px; margin-bottom: 0px;">
	<img id="header_r1_c1" src="../images/header_r1_c1.gif" width="625" height="95" alt="" /><img src="../images/spacer.gif" width="1" height="95" alt="" /> 
</p>
<p style="margin-top: 0px; /*\*/margin-top: -3px;/**/">
	<a href="project.php" onmouseout="MM_swapImgRestore();" onmouseover="MM_swapImage('header_r2_c1','','../images/header_r2_c1_f2.gif',1);"><img id="header_r2_c1" src="../images/header_r2_c1.gif" width="104" height="20" alt="" /></a><a href="edition.php" onmouseout="MM_swapImgRestore();" onmouseover="MM_swapImage('header_r2_c2','','../images/header_r2_c2_f2.gif',1);"><img id="header_r2_c2" src="../images/header_r2_c2.gif" width="104" height="20" alt="" /></a><a href="search.php" onmouseout="MM_swapImgRestore();" onmouseover="MM_swapImage('header_r2_c3','','../images/header_r2_c3_f2.gif',1);"><img id="header_r2_c3" src="../images/header_r2_c3.gif" width="104" height="20" alt="" /></a><a href="http://www.nyu.edu/projects/sanger/" onmouseout="MM_swapImgRestore();" onmouseover="MM_swapImage('header_r2_c4','','../images/header_r2_c4_f2.gif',1);"><img id="header_r2_c4" src="../images/header_r2_c4.gif" width="104" height="20" alt="" /></a><a href="contact.php" onmouseout="MM_swapImgRestore();" onmouseover="MM_swapImage('header_r2_c5','','../images/header_r2_c5_f2.gif',1);"><img id="header_r2_c5" src="../images/header_r2_c5.gif" width="104" height="20" alt="" /></a><img id="header_r2_c6" src="../images/header_r2_c6.jpg" width="105" height="20" alt="" /><img src="../images/spacer.gif" width="1" height="20" alt="" /> 
</p>
<div class="outBox">
<div class="docBox">

<p class="title_heading">Margaret Sanger, "
        [<em>Historical Interview with Cardinal
                Tisserant</em>]
    ," 18 Sept 1951.
		</p><p>Typed Article. Source: 
            Margaret Sanger Papers, Sophia Smith Collection
            
	, <span class="italics">Margaret Sanger Microfilm</span> S77:0066
        .
		</p><p class="headnote">For a draft version see Margaret Sanger Microfilm
            S77:0055. No published version was found.</p><hr>
    
    
    
        <h1>HISTORICAL INTERVIEW</h1>
        Sept. 18, 1951
        <p>At 3:30 today, Sept. 18th. I arrived promptly at the address--St. Phillip&#8217;s
                Church----to meet again the now Cardinal Tisserant. Angus Macdonald has
            been anxious for several years to have us meet to discuss the possibility of getting the
                Vatican to a better understand of the harm done to the world by the Roman
            Catholic opposition to Birth Control. I had met Mnsr. Tisserant some years ago before he
            was a Cardinal----As he is French--a rather handsome head and face with hair and beard
            turning grey. His red cap and belt, rather impressive with the surroundings of priests
            in black robes, ushering, quietly and softly, into the presence of the Cardinal.</p>
        <p>We talked of Angus and his business problems. Then I launched into the population of
                Italy. He talked on and on for at least the first thirty or forty
            minutes with scarcely a stop for a question. I let him talk as no one could stop him.
            Italy was not overpopulated except in spots--plenty of land if people would only move
            out in it. India not overpopulated if they would not allow the cows, the
            scared cow to eat their produce. Lots of space in India for the population--get rid of
            the cows. America thru the Colorado River project
            will soon be able to send water to all the land and supply food for another 75,000,000
            people (million if you please). He rambled over the world.
                Spain--South America, Africa, then
                Japan. I looked surprised at all this and repeated-Japan? Yes, he
            said, that&#8217;s the only country thats overpopulated. Paul
                Blanchard&#8217;s book is all wrong, he said. Catholics do not insist that people
            have large families, but pleasure without pain can not be countenanced by the
            church----! ! No chance to check on that one. He skipped over that fact. I do not
            believe he believes that tale either.</p>
        <p>When I got a chance to inject an idea, I remarked that it only needed one pleasure in a
            whole year to give a couple a baby every year. Oh no, said he, some women have a
            difficult time to get pregnant! ! We were going on a merry--go--round. His replies were
            so stereotyped and false--it became laughable to take him sincerely. Then he was
            concerned that the negro population of U.S.A. was increasing faster than the white race.
            My fault for Birth Control work among the intelligent, while the less intelligent were
            increasing. I said, &#8220;No,&#8221; not my fault. Your church is the cause of a birth rate. By
            denying the right of people to get Birth Control. Carolina has no Catholics,
                Connecticut has few Catholics. But I retorted, it&#8217;s the political
            Catholics everywhere who block our progress--long time in that safe period--injuries to
            women--Catholic women at Clinic are not Catholic. Mexicans had Catholic.</p>
        <p>I hope to jot down as memory comes back the various things talked about. We left each
            other in a friendly spirit. Russian new experiment--breeding mules with pigmies,
            questionable if I got that correct. His English began to wane. An hour had passed--I
            hope I got under his skin on the safe period. When I said a cow, a mare would kick male
            to hell if he came near her when she was not ready. The safe period is for the man--not
            for the women. He was interested in this: rather</p>
    
<hr><p>
		 	Subject Terms:
		</p><ul>
<li>
<a href="search.php?subject=birth%20control">birth control</a><a href="search.php?subject=birth%20control&amp;subject2=methods">, methods</a><a href="search.php?subject=birth%20control&amp;subject2=methods&amp;subject3=safe%20period">, safe period</a><a href="search.php?subject=birth%20control&amp;subject2=methods&amp;subject3=safe%20period&amp;subject4="></a>
</li>
<li>
<a href="search.php?subject=birth%20control">birth control</a><a href="search.php?subject=birth%20control&amp;subject2=opposition%20to">, opposition to</a><a href="search.php?subject=birth%20control&amp;subject2=opposition%20to&amp;subject3="></a><a href="search.php?subject=birth%20control&amp;subject2=opposition%20to&amp;subject3=&amp;subject4="></a>
</li>
<li>
<a href="search.php?subject=Blanchard,%20Paul">Blanchard, Paul</a><a href="search.php?subject=Blanchard,%20Paul&amp;subject2="></a><a href="search.php?subject=Blanchard,%20Paul&amp;subject2=&amp;subject3="></a><a href="search.php?subject=Blanchard,%20Paul&amp;subject2=&amp;subject3=&amp;subject4="></a>
</li>
<li>
<a href="search.php?subject=Catholic%20Church">Catholic Church</a><a href="search.php?subject=Catholic%20Church&amp;subject2=birth%20control%20and">, birth control and</a><a href="search.php?subject=Catholic%20Church&amp;subject2=birth%20control%20and&amp;subject3="></a><a href="search.php?subject=Catholic%20Church&amp;subject2=birth%20control%20and&amp;subject3=&amp;subject4="></a>
</li>
<li>
<a href="search.php?subject=Catholic%20Church">Catholic Church</a><a href="search.php?subject=Catholic%20Church&amp;subject2=MS%20on">, MS on</a><a href="search.php?subject=Catholic%20Church&amp;subject2=MS%20on&amp;subject3="></a><a href="search.php?subject=Catholic%20Church&amp;subject2=MS%20on&amp;subject3=&amp;subject4="></a>
</li>
<li>
<a href="search.php?subject=Italy">Italy</a><a href="search.php?subject=Italy&amp;subject2=population%20policies%20of">, population policies of</a><a href="search.php?subject=Italy&amp;subject2=population%20policies%20of&amp;subject3="></a><a href="search.php?subject=Italy&amp;subject2=population%20policies%20of&amp;subject3=&amp;subject4="></a>
</li>
<li>
<a href="search.php?subject=Japan">Japan</a><a href="search.php?subject=Japan&amp;subject2=overpopulation%20and">, overpopulation and</a><a href="search.php?subject=Japan&amp;subject2=overpopulation%20and&amp;subject3="></a><a href="search.php?subject=Japan&amp;subject2=overpopulation%20and&amp;subject3=&amp;subject4="></a>
</li>
<li>
<a href="search.php?subject=Tisserant,%20Eugene">Tisserant, Eugene</a><a href="search.php?subject=Tisserant,%20Eugene&amp;subject2="></a><a href="search.php?subject=Tisserant,%20Eugene&amp;subject2=&amp;subject3="></a><a href="search.php?subject=Tisserant,%20Eugene&amp;subject2=&amp;subject3=&amp;subject4="></a>
</li>
</ul><p>
		 Copyright 2003. Margaret Sanger Project
        </p>
  </div>
</div>
	<div><br /></div>

	<p style="margin-top: 0px; margin-bottom: 0px;">
		<a href="http://www.nyu.edu/projects/sanger/aboutms/" onmouseout="MM_swapImgRestore();" onmouseover="MM_swapImage('sanger_foot_r1_c1','','../images/sanger_foot_r1_c1_f2.gif',1);"><img id="sanger_foot_r1_c1" src="../images/sanger_foot_r1_c1.gif" width="104" height="20" alt="" /></a><a href="http://www.nyu.edu/projects/sanger/documents/electroniced.php" onmouseout="MM_swapImgRestore();" onmouseover="MM_swapImage('sanger_foot_r1_c2','','../images/sanger_foot_r1_c2_f2.gif',1);"><img id="sanger_foot_r1_c2" src="../images/sanger_foot_r1_c2.gif" width="104" height="20" alt="" /></a><a href="search.php" onmouseout="MM_swapImgRestore();" onmouseover="MM_swapImage('sanger_foot_r1_c3','','../images/sanger_foot_r1_c3_f2.gif',1);"><img id="sanger_foot_r1_c3" src="../images/sanger_foot_r1_c3.gif" width="104" height="20" alt="" /></a><a href="http://www.nyu.edu/projects/sanger/" onmouseout="MM_swapImgRestore();" onmouseover="MM_swapImage('sanger_foot_r1_c4','','../images/sanger_foot_r1_c4_f2.gif',1);"><img id="sanger_foot_r1_c4" src="../images/sanger_foot_r1_c4.gif" width="104" height="20" alt="" /></a><a href="http://www.nyu.edu/projects/sanger/contactus/" onmouseout="MM_swapImgRestore();" onmouseover="MM_swapImage('sanger_foot_r1_c5','','../images/sanger_foot_r1_c5_f2.gif',1);"><img id="sanger_foot_r1_c5" src="../images/sanger_foot_r1_c5.gif" width="104" height="20" alt="" /></a><img id="sanger_foot_r1_c6" src="../images/sanger_foot_r1_c6.jpg" width="105" height="20" alt="" />
	</p>
	<p style="margin-bottom: 0px; margin-top: -1px; /*\*/margin-top: -4px;/**/">
		<img src="../images/spacer.gif" width="545" height="1" alt="" /><a href="http://validator.w3.org/check/referer"><img src="../images/xhtml11.gif" alt="valid" /></a>
	</p>
</div> <!-- end of Container --> 
</body>
</html>
