<!DOCTYPE html PUBLIC "-//W3C//DTD XHTML 1.1//EN"
        "http://www.w3.org/TR/xhtml11/DTD/xhtml11.dtd">
<html>
<head>
	<title>The Public Papers of Margaret Sanger: Web Edition</title> 
	<meta http-equiv="content-type" content="text/html charset=ISO-8859-1" />
	<link href="../documents/styles.css" rel="stylesheet" type="text/css" />
<script type="text/javascript" src="../documents/global.js"></script> 
</head>
<body onload="MM_preloadImages('../images/header_r2_c1_f2.gif','../images/header_r2_c2_f2.gif','../images/header_r2_c3_f2.gif','../images/header_r2_c4_f2.gif','../images/header_r2_c5_f2.gif');">
<div id="container" style="width: 626px; margin: 0px auto;"> 
<p style="margin-top: 0px; margin-bottom: 0px;">
	<img id="header_r1_c1" src="../images/header_r1_c1.gif" width="625" height="95" alt="" /><img src="../images/spacer.gif" width="1" height="95" alt="" /> 
</p>
<p style="margin-top: 0px; /*\*/margin-top: -3px;/**/">
	<a href="project.php" onmouseout="MM_swapImgRestore();" onmouseover="MM_swapImage('header_r2_c1','','../images/header_r2_c1_f2.gif',1);"><img id="header_r2_c1" src="../images/header_r2_c1.gif" width="104" height="20" alt="" /></a><a href="edition.php" onmouseout="MM_swapImgRestore();" onmouseover="MM_swapImage('header_r2_c2','','../images/header_r2_c2_f2.gif',1);"><img id="header_r2_c2" src="../images/header_r2_c2.gif" width="104" height="20" alt="" /></a><a href="search.php" onmouseout="MM_swapImgRestore();" onmouseover="MM_swapImage('header_r2_c3','','../images/header_r2_c3_f2.gif',1);"><img id="header_r2_c3" src="../images/header_r2_c3.gif" width="104" height="20" alt="" /></a><a href="http://www.nyu.edu/projects/sanger/" onmouseout="MM_swapImgRestore();" onmouseover="MM_swapImage('header_r2_c4','','../images/header_r2_c4_f2.gif',1);"><img id="header_r2_c4" src="../images/header_r2_c4.gif" width="104" height="20" alt="" /></a><a href="contact.php" onmouseout="MM_swapImgRestore();" onmouseover="MM_swapImage('header_r2_c5','','../images/header_r2_c5_f2.gif',1);"><img id="header_r2_c5" src="../images/header_r2_c5.gif" width="104" height="20" alt="" /></a><img id="header_r2_c6" src="../images/header_r2_c6.jpg" width="105" height="20" alt="" /><img src="../images/spacer.gif" width="1" height="20" alt="" /> 
</p>
<div class="outBox">
<div class="docBox">

<p class="title_heading">Margaret Sanger, "Birth Control, 1944," 1945.
		</p><p>Published Article. Source: 
            <a href="search.php?journal=%22Britannica%20Book%20of%20the%20Year%22"><span class="italics">Britannica Book of the Year</span></a>(1945), p. 108
        .
		</p><p class="headnote">For other articles in the Britannica Book of the
                Year series, see <a href="show.php?sangerDoc=320980.xml">Birth
                    Control, 1946</a>; <a href="show.php?sangerDoc=320979.xml">Birth Control, 1947</a>; <a href="show.php?sangerDoc=321981.xml">Birth Control, 1948, 1949</a>;<a href="show.php?sangerDoc=320981.xml">Birth Control, 1949</a>; <a href="show.php?sangerDoc=321981.xml">Birth Control, 1950</a>; <a href="show.php?sangerDoc=320983.xml">Birth Control, 1951</a>; <a href="show.php?sangerDoc=320984.xml">Birth Control, 1952</a>; <a href="show.php?sangerDoc=321984.xml">Birth Control, 1953</a>; <a href="show.php?sangerDoc=320985.xml">Birth Control, 1954</a>; <a href="show.php?sangerDoc=320986.xml">Birth Control, 1955</a>; <a href="show.php?sangerDoc=none.xml">Birth Control, 1956</a>; <a href="show.php?sangerDoc=320987.xml">Birth Control, 1957</a>; <a href="show.php?sangerDoc=320988.xml">Birth Control, 1958</a></p><hr>
    
    
    
        <h1>Birth Control.</h1>
        
            <p>The Planned Parenthood Federation of America, Inc., formerly the
                    Birth Control Federation of America, Inc., and its 37 affiliated
                state leagues expanded the national state and local programs in 1944.</p>
        
        
            <h2>Medical and Public Health.&#8211;</h2>
            <p>The Council on Pharmacy and Chemistry of the American Medical association
                began to test all contraceptive products and to report thereon and two more state
                medical societies, Iowa and Minnesota, passed resolutions
                favourable to Planned Parenthood as a medical and public health service.</p>
            <p>Copies of the manual, &#8220;Techniques of Conception Control,&#8221;
                were requested from the federation by 47,000 physicians throughout the country.</p>
            <p>Increasing emphasis on the positive phases on its program, the federation published
                and distributed a pamphlet, &#8220;To Those Denied a Child&#8221; to
                assist childless couples in understanding the problem and knowing what medical
                facilities were available for treatment.</p>
        
        
            <h2>Education.&#8211;</h2>
            <p>New technical manuals were published and copies were requested by 21,000 nurses,
                11,000 clergymen, 4,000 social workers and 1,300 professors of sociology. Refresher
                courses for nurses were held in six states reaching some 1,000 nurses particularly
                in the public health field.</p>
        
        
            <h2>Research.&#8211;</h2>
            <p>Research in chemical contraceptives was undertaken in two university laboratories. No
                new discoveries were made. Two awards of $500 were offered by the federation for
                scientists making the most significant contribution to research in contraception and
                the correction of sterility.</p>
        
        
            <h2>Social Work.&#8211;</h2>
            <p>The federation retained a full-time social work consultant on its staff. An
                    Outline for a Course in Planned Parenthood by Mary A. Cannon, professor of social work,
                    Columbia University, N.Y., was
                published as a teaching guide for courses in schools of social work and colleges.
                The federation and many of its affiliated state leagues participated in the
                    National and State Conferences of Social Work and in institute
                programs on marriage and the family.</p>
        
        
            <h2>Negro Program.&#8211;</h2>
            <p>A full-time consultant on work with Negroes was added to the staff, to co-ordinate
                work in this field. Assistance was given in 14 states and the District of Columbia. The National Planning
                    Committee on Work with Negroes was formed, held regular meetings, and
                issued two printed appeals for support and action. The National Medical
                    Association, the National Negro Insurance association, the
                    National Council of Negro Women and the National Conference of
                    Colored Parent-Teachers associations were among the national organizations
                affirming or reaffirming their support of the Planned Parenthood program.</p>
        
        
            <h2>Religious.&#8211;</h2>
            <p>The National Clergymen&#8217;s Advisory council, with more than 1,000 members, was
                organized to carry on an active program; and officers, regional chairmen and an
                executive committee were elected by its members.</p>
        
        
            <h2>Press and Radio.&#8211;</h2>
            <p>Articles appeared in 32 magazines, and more than 50 radio stations put the
                federation&#8217;s transcription of &#8220;Freedom from Fear&#8221; on
                the air.</p>
        
        
            <h2>State Organizations.&#8211;</h2>
            <p>Five states and the District of Columbia added professional workers to their staffs
                and all were given orientation at national headquarters.</p>
        
        
            <h2>International.&#8211;</h2>
            <p>Other groups continued activities in Great Britain and
                    India, but the war disrupted all other organized effort. A royal
                commission, to study population trends, was setup in England, where
                the birth rate was the highest in many years and the nation&#8217;s general health was the
                best in years in spite of the war. Population growth in the neutral countries of
                    Sweden, Switzerland and Eire was reported. India&#8217;s population continued its increase and
                leaders there advocated birth control as partial answer to the problem. In other
                countries in Europe birth rates were low, although
                    Germany alleged a rise, which, if true, might be due to the
                policy of stimulating illegitimacy. (For U.S. births, see CENSUS DATA, 1944.)</p>
            <p>Russia adopted a new policy to stimulate its birth
                rate, including state aid to mothers of large families, with medals and honourary
                titles added.</p>
            <p>Canada also adopted a &#8220;child allowance&#8221; policy, to cover all children
                from birth to 16 years. A substitute for the Beveridge plan was presented in Great Britain, which would provide
                compulsory insurance covering, among other things, maternity benefits and family
                allowances. The question of attempting to ban the sale of contraceptives, and thus
                stimulate the birth rate, was debated n parliament, but not adopted, because of
                vigorous opposition to such a policy. (See also BIRTH STATISTICS.)</p>
        
        
            <h2>BIBLIOGRAPHY.&#8211;</h2>
            <p>Nils. P. Larsen, &#8220;Birth Spacing; Its Effect on Health of Mothers and Infants,&#8221; Human Fertility 9:1-6 (March 1944); Bernard Becker and C.J. Gamble, &#8220;Spermicidal Times of Samples of Contraceptives Secured in 1944,&#8221; Human Fertility 9:6-12 (March 1944); C.C. Pierce, &#8220;Contraceptive Services in the U.S.,&#8221; Human
                    Fertility 8:91-93 (Sept. 1943); N.J.
                    Eastman, &#8220;Phenylmercuric Acetate as a
                    Contraceptive,&#8221; Human Fertility 9:33-43
                (June 1944); R.E. Seibels, &#8220;The Effectiveness of a Simple Contraceptive Method,&#8221;
                    Human Fertility 9:43-48 (June 1944); &#8220;Two Billion People,&#8221; Fortune (Feb. 1944); &#8220;84.9% Said Yes. Poll on
                    Planned Parenthood,&#8221; Fortune (Aug. 1944);
                National Negro Advisory Council, Statement on Planned Parenthood (1944); L.F. Wood and A.
                    Stone, &#8220;Marriage Counsel in Relation to Planned
                    Parenthood&#8221; (1944); Mary A. Cannon, Outline for a
                    Course in Planned Parenthood (1944); Planned Parenthood Federation of
                America, Inc., &#8220;Planned Parenthood: Its Contribution to Family,
                    Community and Nation&#8221; (1944), &#8220;To Those Denied a
                    Child; A Guide for Husbands and Wives Seeking Parenthood&#8221; (1944) and
                    &#8220;Legal Status of Contraception&#8221; (1944); &#8220;National Negro Leaders Agree: Planned Parenthood Means Better
                    Families&#8221; (1944); J.H.J.
                    Upham, &#8220;Catholics and Planned
                Parenthood,&#8221; American Mercury (Feb. 1944);
                    Arnold Keller, &#8220;Roman Catholicism&#8217;s Moral Certainties,&#8221; Lutheran Church Quart. 17 (April 1944);
                    S. Chandrasekar, &#8220;India&#8217;s Human Resources,&#8221; An. Am.
                    Acad. Polit. and Soc. Sciences (May 1944); Gyan Chand,
                    &#8220;The Frozen Manpower of India,&#8221; An. Am.
                    Acad. Polit. and Soc. Sciences (May 1944); E. Grafenberg and R.L. Dickinson, &#8220;Conception Control by Plastic Cervix Cap,&#8221; West. J. Surg.,
                    Obstet. and Gynec. 52:335-340 (Aug. 1944).</p>
            <h3>(M.Sr.)</h3>
        
    
<hr><p>
		 	Subject Terms:
		</p><ul>
<li>
<a href="search.php?subject=African-Americans">African-Americans</a><a href="search.php?subject=African-Americans&amp;subject2=birth%20control%20and">, birth control and</a><a href="search.php?subject=African-Americans&amp;subject2=birth%20control%20and&amp;subject3="></a><a href="search.php?subject=African-Americans&amp;subject2=birth%20control%20and&amp;subject3=&amp;subject4="></a>
</li>
<li>
<a href="search.php?subject=birth%20control">birth control</a><a href="search.php?subject=birth%20control&amp;subject2=clinics%20and%20leagues">, clinics and leagues</a><a href="search.php?subject=birth%20control&amp;subject2=clinics%20and%20leagues&amp;subject3=in%20US">, in US</a><a href="search.php?subject=birth%20control&amp;subject2=clinics%20and%20leagues&amp;subject3=in%20US&amp;subject4="></a>
</li>
<li>
<a href="search.php?subject=birth%20control">birth control</a><a href="search.php?subject=birth%20control&amp;subject2=international">, international</a><a href="search.php?subject=birth%20control&amp;subject2=international&amp;subject3="></a><a href="search.php?subject=birth%20control&amp;subject2=international&amp;subject3=&amp;subject4="></a>
</li>
<li>
<a href="search.php?subject=birth%20control">birth control</a><a href="search.php?subject=birth%20control&amp;subject2=methods">, methods</a><a href="search.php?subject=birth%20control&amp;subject2=methods&amp;subject3=research">, research</a><a href="search.php?subject=birth%20control&amp;subject2=methods&amp;subject3=research&amp;subject4="></a>
</li>
<li>
<a href="search.php?subject=birth%20control">birth control</a><a href="search.php?subject=birth%20control&amp;subject2=movement">, movement</a><a href="search.php?subject=birth%20control&amp;subject2=movement&amp;subject3=American">, American</a><a href="search.php?subject=birth%20control&amp;subject2=movement&amp;subject3=American&amp;subject4="></a>
</li>
<li>
<a href="search.php?subject=birth%20control">birth control</a><a href="search.php?subject=birth%20control&amp;subject2=propaganda%20and%20publicity">, propaganda and publicity</a><a href="search.php?subject=birth%20control&amp;subject2=propaganda%20and%20publicity&amp;subject3="></a><a href="search.php?subject=birth%20control&amp;subject2=propaganda%20and%20publicity&amp;subject3=&amp;subject4="></a>
</li>
<li>
<a href="search.php?subject=birth%20control">birth control</a><a href="search.php?subject=birth%20control&amp;subject2=religion%20and">, religion and</a><a href="search.php?subject=birth%20control&amp;subject2=religion%20and&amp;subject3="></a><a href="search.php?subject=birth%20control&amp;subject2=religion%20and&amp;subject3=&amp;subject4="></a>
</li>
<li>
<a href="search.php?subject=Europe">Europe</a><a href="search.php?subject=Europe&amp;subject2=birth%20control%20in">, birth control in</a><a href="search.php?subject=Europe&amp;subject2=birth%20control%20in&amp;subject3="></a><a href="search.php?subject=Europe&amp;subject2=birth%20control%20in&amp;subject3=&amp;subject4="></a>
</li>
<li>
<a href="search.php?subject=family%20planning">family planning</a><a href="search.php?subject=family%20planning&amp;subject2="></a><a href="search.php?subject=family%20planning&amp;subject2=&amp;subject3="></a><a href="search.php?subject=family%20planning&amp;subject2=&amp;subject3=&amp;subject4="></a>
</li>
<li>
<a href="search.php?subject=Germany">Germany</a><a href="search.php?subject=Germany&amp;subject2=birth%20rate%20in">, birth rate in</a><a href="search.php?subject=Germany&amp;subject2=birth%20rate%20in&amp;subject3="></a><a href="search.php?subject=Germany&amp;subject2=birth%20rate%20in&amp;subject3=&amp;subject4="></a>
</li>
<li>
<a href="search.php?subject=India">India</a><a href="search.php?subject=India&amp;subject2=birth%20control%20in">, birth control in</a><a href="search.php?subject=India&amp;subject2=birth%20control%20in&amp;subject3="></a><a href="search.php?subject=India&amp;subject2=birth%20control%20in&amp;subject3=&amp;subject4="></a>
</li>
<li>
<a href="search.php?subject=physicians">physicians</a><a href="search.php?subject=physicians&amp;subject2=birth%20control%20and">, birth control and</a><a href="search.php?subject=physicians&amp;subject2=birth%20control%20and&amp;subject3="></a><a href="search.php?subject=physicians&amp;subject2=birth%20control%20and&amp;subject3=&amp;subject4="></a>
</li>
<li>
<a href="search.php?subject=Russia">Russia</a><a href="search.php?subject=Russia&amp;subject2=population%20policies">, population policies</a><a href="search.php?subject=Russia&amp;subject2=population%20policies&amp;subject3="></a><a href="search.php?subject=Russia&amp;subject2=population%20policies&amp;subject3=&amp;subject4="></a>
</li>
<li>
<a href="search.php?subject=United%20States">United States</a><a href="search.php?subject=United%20States&amp;subject2=government">, government</a><a href="search.php?subject=United%20States&amp;subject2=government&amp;subject3=public%20health%20programs">, public health programs</a><a href="search.php?subject=United%20States&amp;subject2=government&amp;subject3=public%20health%20programs&amp;subject4="></a>
</li>
<li>
<a href="search.php?subject=World%20War%20II">World War II</a><a href="search.php?subject=World%20War%20II&amp;subject2=population%20and">, population and</a><a href="search.php?subject=World%20War%20II&amp;subject2=population%20and&amp;subject3="></a><a href="search.php?subject=World%20War%20II&amp;subject2=population%20and&amp;subject3=&amp;subject4="></a>
</li>
</ul><p>
		 Copyright 2003. Margaret Sanger Project
        </p>
  </div>
</div>
	<div><br /></div>

	<p style="margin-top: 0px; margin-bottom: 0px;">
		<a href="http://www.nyu.edu/projects/sanger/aboutms/" onmouseout="MM_swapImgRestore();" onmouseover="MM_swapImage('sanger_foot_r1_c1','','../images/sanger_foot_r1_c1_f2.gif',1);"><img id="sanger_foot_r1_c1" src="../images/sanger_foot_r1_c1.gif" width="104" height="20" alt="" /></a><a href="http://www.nyu.edu/projects/sanger/documents/electroniced.php" onmouseout="MM_swapImgRestore();" onmouseover="MM_swapImage('sanger_foot_r1_c2','','../images/sanger_foot_r1_c2_f2.gif',1);"><img id="sanger_foot_r1_c2" src="../images/sanger_foot_r1_c2.gif" width="104" height="20" alt="" /></a><a href="search.php" onmouseout="MM_swapImgRestore();" onmouseover="MM_swapImage('sanger_foot_r1_c3','','../images/sanger_foot_r1_c3_f2.gif',1);"><img id="sanger_foot_r1_c3" src="../images/sanger_foot_r1_c3.gif" width="104" height="20" alt="" /></a><a href="http://www.nyu.edu/projects/sanger/" onmouseout="MM_swapImgRestore();" onmouseover="MM_swapImage('sanger_foot_r1_c4','','../images/sanger_foot_r1_c4_f2.gif',1);"><img id="sanger_foot_r1_c4" src="../images/sanger_foot_r1_c4.gif" width="104" height="20" alt="" /></a><a href="http://www.nyu.edu/projects/sanger/contactus/" onmouseout="MM_swapImgRestore();" onmouseover="MM_swapImage('sanger_foot_r1_c5','','../images/sanger_foot_r1_c5_f2.gif',1);"><img id="sanger_foot_r1_c5" src="../images/sanger_foot_r1_c5.gif" width="104" height="20" alt="" /></a><img id="sanger_foot_r1_c6" src="../images/sanger_foot_r1_c6.jpg" width="105" height="20" alt="" />
	</p>
	<p style="margin-bottom: 0px; margin-top: -1px; /*\*/margin-top: -4px;/**/">
		<img src="../images/spacer.gif" width="545" height="1" alt="" /><a href="http://validator.w3.org/check/referer"><img src="../images/xhtml11.gif" alt="valid" /></a>
	</p>
</div> <!-- end of Container --> 
</body>
</html>
