<!DOCTYPE html PUBLIC "-//W3C//DTD XHTML 1.1//EN"
        "http://www.w3.org/TR/xhtml11/DTD/xhtml11.dtd">
<html>
<head>
	<title>The Public Papers of Margaret Sanger: Web Edition</title> 
	<meta http-equiv="content-type" content="text/html charset=ISO-8859-1" />
	<link href="../documents/styles.css" rel="stylesheet" type="text/css" />
<script type="text/javascript" src="../documents/global.js"></script> 
</head>
<body onload="MM_preloadImages('../images/header_r2_c1_f2.gif','../images/header_r2_c2_f2.gif','../images/header_r2_c3_f2.gif','../images/header_r2_c4_f2.gif','../images/header_r2_c5_f2.gif');">
<div id="container" style="width: 626px; margin: 0px auto;"> 
<p style="margin-top: 0px; margin-bottom: 0px;">
	<img id="header_r1_c1" src="../images/header_r1_c1.gif" width="625" height="95" alt="" /><img src="../images/spacer.gif" width="1" height="95" alt="" /> 
</p>
<p style="margin-top: 0px; /*\*/margin-top: -3px;/**/">
	<a href="project.php" onmouseout="MM_swapImgRestore();" onmouseover="MM_swapImage('header_r2_c1','','../images/header_r2_c1_f2.gif',1);"><img id="header_r2_c1" src="../images/header_r2_c1.gif" width="104" height="20" alt="" /></a><a href="edition.php" onmouseout="MM_swapImgRestore();" onmouseover="MM_swapImage('header_r2_c2','','../images/header_r2_c2_f2.gif',1);"><img id="header_r2_c2" src="../images/header_r2_c2.gif" width="104" height="20" alt="" /></a><a href="search.php" onmouseout="MM_swapImgRestore();" onmouseover="MM_swapImage('header_r2_c3','','../images/header_r2_c3_f2.gif',1);"><img id="header_r2_c3" src="../images/header_r2_c3.gif" width="104" height="20" alt="" /></a><a href="http://www.nyu.edu/projects/sanger/" onmouseout="MM_swapImgRestore();" onmouseover="MM_swapImage('header_r2_c4','','../images/header_r2_c4_f2.gif',1);"><img id="header_r2_c4" src="../images/header_r2_c4.gif" width="104" height="20" alt="" /></a><a href="contact.php" onmouseout="MM_swapImgRestore();" onmouseover="MM_swapImage('header_r2_c5','','../images/header_r2_c5_f2.gif',1);"><img id="header_r2_c5" src="../images/header_r2_c5.gif" width="104" height="20" alt="" /></a><img id="header_r2_c6" src="../images/header_r2_c6.jpg" width="105" height="20" alt="" /><img src="../images/spacer.gif" width="1" height="20" alt="" /> 
</p>
<div class="outBox">
<div class="docBox">

<p class="title_heading">, "," .
		</p><p>. Source: .
		</p><p class="headnote"></p><hr>
    
        
            
                How Six Little Children Were Taught the Truth, Part 2
                Margaret Sanger
            
               
                   msp320082
               
            
                
                    New York Call, Nov. 5, 1911
                
            
        
        
            
                Nov. 5, 1911
            
        
        
            
                2001-10-23 MH
                
                    MH
                
                
             
            
               2002-08-20
                
                    KH
                
                            
            
            
                2003-10-14
                
                    NS
                
                            
            
            
                2003/11/25
                
                    CH
                
                clean up tags and xref
             
            
                2014-11-10
                
                    CH
                 
                cleanup regs            
            
          
    
    
        
            
            
        This is Part 2 of an eight-part series of the same title. For Part 1, see <a href="show.php?sangerDoc=320081.xml">Oct. 19, 1911</a>, for Part 3 see <a href="show.php?sangerDoc=320083.xml">Nov.
                            12, 1911</a>, for Part 4 see <a href="show.php?sangerDoc=320084.xml">Nov. 19, 1911</a>, for
                        Part 5 see <a href="show.php?sangerDoc=320085.xml">Nov. 26, 1911</a> and <a href="show.php?sangerDoc=320086.xml">Dec.
                            3, 1911</a>, for Part 6 see <a href="show.php?sangerDoc=320087.xml">Dec. 10, 1911.</a>, and
                        for Part 7, see <a href="show.php?sangerDoc=320088.xml">Dec. 17, 1911.</a>
           This series was compiled and published as What Every Mother Should Know, (New York, 1912). 
        
            
            <li>
<a href="search.php?subject=Sanger,%20Margaret">Sanger, Margaret</a><a href="search.php?subject=Sanger,%20Margaret&amp;subject2=books">, books</a><a href="search.php?subject=Sanger,%20Margaret&amp;subject2=books&amp;subject3=What%20Every%20Mother%20Should%20Know">, What Every Mother Should Know</a><a href="search.php?subject=Sanger,%20Margaret&amp;subject2=books&amp;subject3=What%20Every%20Mother%20Should%20Know&amp;subject4="></a>
</li>
            <li>
<a href="search.php?subject=reproduction">reproduction</a><a href="search.php?subject=reproduction&amp;subject2="></a><a href="search.php?subject=reproduction&amp;subject2=&amp;subject3="></a><a href="search.php?subject=reproduction&amp;subject2=&amp;subject3=&amp;subject4="></a>
</li>
            <li>
<a href="search.php?subject=sex%20education">sex education</a><a href="search.php?subject=sex%20education&amp;subject2="></a><a href="search.php?subject=sex%20education&amp;subject2=&amp;subject3="></a><a href="search.php?subject=sex%20education&amp;subject2=&amp;subject3=&amp;subject4="></a>
</li>
            <li>
<a href="search.php?subject=sex%20and%20sexuality">sex and sexuality</a><a href="search.php?subject=sex%20and%20sexuality&amp;subject2=MS%20on">, MS on</a><a href="search.php?subject=sex%20and%20sexuality&amp;subject2=MS%20on&amp;subject3="></a><a href="search.php?subject=sex%20and%20sexuality&amp;subject2=MS%20on&amp;subject3=&amp;subject4="></a>
</li>
          
        
          <h1>HOW SIX LITTLE CHILDREN WERE TAUGHT THE TRUTH</h1>
        <h3>By Margaret H. Sanger</h3>
        <h2 class="italics">Part II--The Flowers, Mr. and Mrs. Buttercup, Their Home and
            Children--Copyright, 1911.</h2>
        Little 5-year-old Bobby sat playing in the sand pile one lovely afternoon in May, and,
            judging by the glimpses his mother had of him through the open door of their cottage,
            his mind was to all appearances intent on making a sand fish perfect. For in and out the
            damp sand was thrown from the pile to the fish mold many times, until at last being
            perfect, at least to his satisfaction, he got up and ran to find his mother, who was
            busy within the small two-room shack where they were living for the summer.
        He caught hold of her apron to attract her attention, and said: "Mother, where did I
                come from?" 
        Needless to say, his mother was greatly surprised at this question, just at that time,
            for she had not the faintest idea that his thoughts were on anything but the perfection
            of that sand fish. However, she quickly recovered from her surprise and taking his
            little face between her hands, said:
        "Bobby, dear, that is the most wonderful secret in all the world, and if you are quite
                sure you can keep this secret and only talk about it to father and mother, I'll tell
                you all about it."
        The curly head bobbed up and down in answer to this and as his eyes grew big and bright,
            he answered: 
        "Do tell me the secret mother, I'll never tell."
        Then she told him that as soon as the dishes were put away, she would take him for a walk
            in the woods and first show him where the baby flowers come from, where the mother kept
            them when they were baby seeds and also tell him how the father and mother flower gave
            life to the little baby seeds, which afterward grew into the lovely flowers we see all
            about us.
        Bobby's mother now regretted that she had not begun earlier to tell this story of the
            flower to Bobby. For she realized that had she done this then, now when he had reached
            the stage of development where he was curious about his own being, she could at once
            have taken up the story of his own creation, and, of course, referred back to the story
            of the creation of the lower species. This would have simplified matters greatly.
            However, she decided it could never be too late and the easiest and quickest way, even
            now, was to begin with the flowers.
        It now occurred to Bobby's mother that to teach her child alone the truths of Nature
            would be a most fruitless task; for in playing with his companions, they would undo all
            her work unless they, too, were taught the truths, and in the same way.
        She consequently set about gathering in the children of the neighborhood with whom Bobby
            played. She explained to the mothers what she was about to do. Most of them strongly
            objected to their boys learning these things which they considered of interest only to
            grown-ups. But five of the mothers consented, and seemed delighted to have their
            children taught the truths in this most beautiful and interesting way.
        Accordingly, she took five little children, together with her own, ranging in age from
            five to six and one-half years and started in the woods to hunt for the common wild
            flowers. Soon they were scrambling over boulders and fallen trees in search of mountain
            pinks, violets, buttercups, anemones, etc., calling and shouting to each other at each
            new find, their faces bright and happy with the glow of health. It was a picture never
            to be forgotten; and as they gathered around Bobby's mother, who was seated on a most
            covered, fallen tree, they received their first lesson.
        As the buttercup was a little early - those on this particular outing being the first
            ones found of the season - they naturally made it the most popular flower and so it
            became logically the first family to be studied.
        They were told that the whole buttercup, as they held it, was the Buttercup House whose
            color was yellow, and that inside the house, on the petals, was the Buttercup Family. 
        "Is there a father?" asked one, "and a mother?" asked another.
        "Yes, indeed; there must be a father and mother if there are to be any seeds," was
            the reply.
        Then they were told that all forms of plant life have but one object and that object is
            to reproduce their kind --"to make more flowers." 
        They were told that the flowers have reproductive organs--"parts that make
                more flowers"--called pistils and stamen.
        The pistils we called the "mothers" because at the bottom of the
            thin tube are the ovules or seeds. The pistils were examined carefully and the very top
            or stamen was found to be very sticky. "Why?" asked the children. But they were
            told they must wait and find out about the father before they found out why the mother
            was sticky.
        Now attention was again called to the seeds lying within the pistil of mother, and the
            fact that they were not developed yet. "Why?" Again we must wait to learn
            something about the father.
        Now we come to the stamen, or "father." This is a slender
            thread-like fiber which has at its end a little case or sac which contains a very fine
            powder-like substance, called the pollen.
        In most of the flowers there are several stamen and one pistil; but in the buttercup,
            there were several of each - so that the Buttercup House contained several families, the
            children were told.
        Now to come back to the fathers, or stamens, and the tiny sacs containing the pollen.
            This pollen is a very important part of the growing of all flowers. The children were
            asked to name some of the flowers which they knew that had this powder on them. Answer
            came in the name of golden rod, wild rose, cherry blossom and many others.
        Now it was explained that this pollen from the stamen, or father, must get into the
            pistil or mother, and reach the ovules or seeds, or the seeds cannot grow and develop
            into new plants. And as this process of developing the seed is the one object of plant
            life, we must see how they go about accomplishing this object. 
        This we shall do next week.
      
    
 <hr><p>
		 	Subject Terms:
		</p><ul></ul><p>
		 Copyright 2003. Margaret Sanger Project
        </p>
  </div>
</div>
	<div><br /></div>

	<p style="margin-top: 0px; margin-bottom: 0px;">
		<a href="http://www.nyu.edu/projects/sanger/aboutms/" onmouseout="MM_swapImgRestore();" onmouseover="MM_swapImage('sanger_foot_r1_c1','','../images/sanger_foot_r1_c1_f2.gif',1);"><img id="sanger_foot_r1_c1" src="../images/sanger_foot_r1_c1.gif" width="104" height="20" alt="" /></a><a href="http://www.nyu.edu/projects/sanger/documents/electroniced.php" onmouseout="MM_swapImgRestore();" onmouseover="MM_swapImage('sanger_foot_r1_c2','','../images/sanger_foot_r1_c2_f2.gif',1);"><img id="sanger_foot_r1_c2" src="../images/sanger_foot_r1_c2.gif" width="104" height="20" alt="" /></a><a href="search.php" onmouseout="MM_swapImgRestore();" onmouseover="MM_swapImage('sanger_foot_r1_c3','','../images/sanger_foot_r1_c3_f2.gif',1);"><img id="sanger_foot_r1_c3" src="../images/sanger_foot_r1_c3.gif" width="104" height="20" alt="" /></a><a href="http://www.nyu.edu/projects/sanger/" onmouseout="MM_swapImgRestore();" onmouseover="MM_swapImage('sanger_foot_r1_c4','','../images/sanger_foot_r1_c4_f2.gif',1);"><img id="sanger_foot_r1_c4" src="../images/sanger_foot_r1_c4.gif" width="104" height="20" alt="" /></a><a href="http://www.nyu.edu/projects/sanger/contactus/" onmouseout="MM_swapImgRestore();" onmouseover="MM_swapImage('sanger_foot_r1_c5','','../images/sanger_foot_r1_c5_f2.gif',1);"><img id="sanger_foot_r1_c5" src="../images/sanger_foot_r1_c5.gif" width="104" height="20" alt="" /></a><img id="sanger_foot_r1_c6" src="../images/sanger_foot_r1_c6.jpg" width="105" height="20" alt="" />
	</p>
	<p style="margin-bottom: 0px; margin-top: -1px; /*\*/margin-top: -4px;/**/">
		<img src="../images/spacer.gif" width="545" height="1" alt="" /><a href="http://validator.w3.org/check/referer"><img src="../images/xhtml11.gif" alt="valid" /></a>
	</p>
</div> <!-- end of Container --> 
</body>
</html>
