<!DOCTYPE html PUBLIC "-//W3C//DTD XHTML 1.1//EN"
        "http://www.w3.org/TR/xhtml11/DTD/xhtml11.dtd">
<html>
<head>
	<title>The Public Papers of Margaret Sanger: Web Edition</title> 
	<meta http-equiv="content-type" content="text/html charset=ISO-8859-1" />
	<link href="../documents/styles.css" rel="stylesheet" type="text/css" />
<script type="text/javascript" src="../documents/global.js"></script> 
</head>
<body onload="MM_preloadImages('../images/header_r2_c1_f2.gif','../images/header_r2_c2_f2.gif','../images/header_r2_c3_f2.gif','../images/header_r2_c4_f2.gif','../images/header_r2_c5_f2.gif');">
<div id="container" style="width: 626px; margin: 0px auto;"> 
<p style="margin-top: 0px; margin-bottom: 0px;">
	<img id="header_r1_c1" src="../images/header_r1_c1.gif" width="625" height="95" alt="" /><img src="../images/spacer.gif" width="1" height="95" alt="" /> 
</p>
<p style="margin-top: 0px; /*\*/margin-top: -3px;/**/">
	<a href="project.php" onmouseout="MM_swapImgRestore();" onmouseover="MM_swapImage('header_r2_c1','','../images/header_r2_c1_f2.gif',1);"><img id="header_r2_c1" src="../images/header_r2_c1.gif" width="104" height="20" alt="" /></a><a href="edition.php" onmouseout="MM_swapImgRestore();" onmouseover="MM_swapImage('header_r2_c2','','../images/header_r2_c2_f2.gif',1);"><img id="header_r2_c2" src="../images/header_r2_c2.gif" width="104" height="20" alt="" /></a><a href="search.php" onmouseout="MM_swapImgRestore();" onmouseover="MM_swapImage('header_r2_c3','','../images/header_r2_c3_f2.gif',1);"><img id="header_r2_c3" src="../images/header_r2_c3.gif" width="104" height="20" alt="" /></a><a href="http://www.nyu.edu/projects/sanger/" onmouseout="MM_swapImgRestore();" onmouseover="MM_swapImage('header_r2_c4','','../images/header_r2_c4_f2.gif',1);"><img id="header_r2_c4" src="../images/header_r2_c4.gif" width="104" height="20" alt="" /></a><a href="contact.php" onmouseout="MM_swapImgRestore();" onmouseover="MM_swapImage('header_r2_c5','','../images/header_r2_c5_f2.gif',1);"><img id="header_r2_c5" src="../images/header_r2_c5.gif" width="104" height="20" alt="" /></a><img id="header_r2_c6" src="../images/header_r2_c6.jpg" width="105" height="20" alt="" /><img src="../images/spacer.gif" width="1" height="20" alt="" /> 
</p>
<div class="outBox">
<div class="docBox">

<p class="title_heading">Margaret Sanger, "Birth Control," Feb 1918.
		</p><p>Published article. Source: 
            <a href="search.php?journal=%22Western%20Comrade%22"><span class="italics">Western Comrade</span></a>, Feb. 1918, 9
        .
		</p><p class="headnote"></p><hr>
    
    
    
        <h1>Birth Control</h1>
        <h3>By Margaret Sanger</h3>
        <p>Birth Control is a new philosophy of social relations which has recently arisen in this
            country, the basis of which is prevention of conception. It differs from other social
            philosophies in that it goes at once to the heart of the social problems of our times
            and applies to nearly every individual.</p>
        <p>In my work in the nursing field I came in daily contact with various aspects of social
            conditions, as they exist today. I was confronted with two classes of society. In the
            first class, where wealth, leisure, education are enjoyed, prevention of conception is
            known and practiced. The problems of the day do not come from this class. While on the
            other side, where prevention of conception is not known, we have poverty, disease,
            prostitution, drunkenness, vagrancy, unemployment, infant and maternal mortality, and
            the alarming increase in abortions.</p>
        <p>I found that the mothers of this class are kept in ignorance, but are anxious and
            desirous of the knowledge which will prevent their bringing children into world to die
            of poverty. I found that they would face death through abortions rather than bring
            children into the world and compel them to spend their childhood days toiling in mills
            and factories. I found that the great average woman, living on the average workingman's
            wage of $12 a week, does not want a large family, but is forced to endure the pains of
            childbirth because of her ignorance to prevent conception. The United
                States is forcing undesired motherhood upon millions of its women
            victims.</p>
        <p>And I claim that the state has no more right to ravish a woman against her will by
            keeping her in ignorance than a man has through brute force.</p>
        <p>The women of today do not desire to spend the whole of their adult lives in bringing
            children into the world, and refuse to be mere child-bearing machines. The state has not
            accorded women the dignity of freedom so long as her body remains the slave of
            ignorance, for no woman can call herself free who cannot choose the time to be a mother
            or not, as she sees fit. Out of this desire for voluntary motherhood has arisen this
            great struggle for woman's liberty, for the freedom of her own body, for its release
            from the domination of ignorance enforced by church and state. Out of this rebellion has
            risen the birth control movement in the United States.</p>
        <p>The astounding fact is, and statistics bear out the facts, that though there is a larger
            expenditure yearly in this country on charities, philanthropies and decadent
            institutions, such as penitentiaries, feeble-minded institutions, insane asylums, poor
            houses, reform schools, and the like, that these great funds do nothing but alleviate,
            that they do not touch the root of the cause, which is as agreed by all social workers
            and prominent medical and sociological authorities of the day throughout the world, the
            over-production of the poor, diseased and unfit population.</p>
        <p>Our social problems increase on all sides and can never be solved until those who are
            working for racial social betterment are free to discuss and to provide these victims of
            ignorance with knowledge and means to prevent conception. </p>
        <p>Our problems of war will never be solved until the birth rate is controlled by the people
            themselves. Birth control is practiced among the advanced and educated people of all
            countries. In Holland, France, and
                New Zealand it is quite generally practiced by the common people. The
            results of 30 years work in Holland should be known to all. The fact that during these
            years, with the fall of the birth rate, the death rate has fallen so perceptibly that
            the population has accelerated, is proof against the loud-mouthed orators who say that
            birth control means race suicide.</p>
        <p>Birth control means race improvement: it means fewer babies, but it also means less
            sickly and dead babies. It means fewer children to toil in factories and mills, but it
            means more babies playing in the open sunshine in the fields and playgrounds. It also
            means early marriage, free from the diseases which late marriage and promiscuous living
            bring. It means a wanted children born in love, reared in comfort. It means a freer
            womanhood: a healthier manhood. It means ultimately an emancipated race.</p>
    
<hr><p>
		 	Subject Terms:
		</p><ul>
<li>
<a href="search.php?subject=birth%20control">birth control</a><a href="search.php?subject=birth%20control&amp;subject2=class-based">, class-based</a><a href="search.php?subject=birth%20control&amp;subject2=class-based&amp;subject3="></a><a href="search.php?subject=birth%20control&amp;subject2=class-based&amp;subject3=&amp;subject4="></a>
</li>
<li>
<a href="search.php?subject=birth%20control">birth control</a><a href="search.php?subject=birth%20control&amp;subject2=health%20benefits%20and%20risks">, health benefits and risks</a><a href="search.php?subject=birth%20control&amp;subject2=health%20benefits%20and%20risks&amp;subject3="></a><a href="search.php?subject=birth%20control&amp;subject2=health%20benefits%20and%20risks&amp;subject3=&amp;subject4="></a>
</li>
<li>
<a href="search.php?subject=birth%20control">birth control</a><a href="search.php?subject=birth%20control&amp;subject2=lack%20of%20knowledge%20of">, lack of knowledge of</a><a href="search.php?subject=birth%20control&amp;subject2=lack%20of%20knowledge%20of&amp;subject3="></a><a href="search.php?subject=birth%20control&amp;subject2=lack%20of%20knowledge%20of&amp;subject3=&amp;subject4="></a>
</li>
<li>
<a href="search.php?subject=birth%20control">birth control</a><a href="search.php?subject=birth%20control&amp;subject2=movement">, movement</a><a href="search.php?subject=birth%20control&amp;subject2=movement&amp;subject3="></a><a href="search.php?subject=birth%20control&amp;subject2=movement&amp;subject3=&amp;subject4="></a>
</li>
<li>
<a href="search.php?subject=United%20States">United States</a><a href="search.php?subject=United%20States&amp;subject2=charitable%20relief%20in">, charitable relief in</a><a href="search.php?subject=United%20States&amp;subject2=charitable%20relief%20in&amp;subject3="></a><a href="search.php?subject=United%20States&amp;subject2=charitable%20relief%20in&amp;subject3=&amp;subject4="></a>
</li>
<li>
<a href="search.php?subject=upper%20classes">upper classes</a><a href="search.php?subject=upper%20classes&amp;subject2=birth%20control%20and">, birth control and</a><a href="search.php?subject=upper%20classes&amp;subject2=birth%20control%20and&amp;subject3="></a><a href="search.php?subject=upper%20classes&amp;subject2=birth%20control%20and&amp;subject3=&amp;subject4="></a>
</li>
<li>
<a href="search.php?subject=women">women</a><a href="search.php?subject=women&amp;subject2=enslavement%20of">, enslavement of</a><a href="search.php?subject=women&amp;subject2=enslavement%20of&amp;subject3="></a><a href="search.php?subject=women&amp;subject2=enslavement%20of&amp;subject3=&amp;subject4="></a>
</li>
<li>
<a href="search.php?subject=women">women</a><a href="search.php?subject=women&amp;subject2=freedom%20and%20rights%20of">, freedom and rights of</a><a href="search.php?subject=women&amp;subject2=freedom%20and%20rights%20of&amp;subject3="></a><a href="search.php?subject=women&amp;subject2=freedom%20and%20rights%20of&amp;subject3=&amp;subject4="></a>
</li>
<li>
<a href="search.php?subject=women">women</a><a href="search.php?subject=women&amp;subject2=reproductive%20choices%20and%20decisions">, reproductive choices and decisions</a><a href="search.php?subject=women&amp;subject2=reproductive%20choices%20and%20decisions&amp;subject3="></a><a href="search.php?subject=women&amp;subject2=reproductive%20choices%20and%20decisions&amp;subject3=&amp;subject4="></a>
</li>
<li>
<a href="search.php?subject=working%20classes">working classes</a><a href="search.php?subject=working%20classes&amp;subject2=birth%20control%20and">, birth control and</a><a href="search.php?subject=working%20classes&amp;subject2=birth%20control%20and&amp;subject3="></a><a href="search.php?subject=working%20classes&amp;subject2=birth%20control%20and&amp;subject3=&amp;subject4="></a>
</li>
</ul><p>
		 Copyright 2003. Margaret Sanger Project
        </p>
  </div>
</div>
	<div><br /></div>

	<p style="margin-top: 0px; margin-bottom: 0px;">
		<a href="http://www.nyu.edu/projects/sanger/aboutms/" onmouseout="MM_swapImgRestore();" onmouseover="MM_swapImage('sanger_foot_r1_c1','','../images/sanger_foot_r1_c1_f2.gif',1);"><img id="sanger_foot_r1_c1" src="../images/sanger_foot_r1_c1.gif" width="104" height="20" alt="" /></a><a href="http://www.nyu.edu/projects/sanger/documents/electroniced.php" onmouseout="MM_swapImgRestore();" onmouseover="MM_swapImage('sanger_foot_r1_c2','','../images/sanger_foot_r1_c2_f2.gif',1);"><img id="sanger_foot_r1_c2" src="../images/sanger_foot_r1_c2.gif" width="104" height="20" alt="" /></a><a href="search.php" onmouseout="MM_swapImgRestore();" onmouseover="MM_swapImage('sanger_foot_r1_c3','','../images/sanger_foot_r1_c3_f2.gif',1);"><img id="sanger_foot_r1_c3" src="../images/sanger_foot_r1_c3.gif" width="104" height="20" alt="" /></a><a href="http://www.nyu.edu/projects/sanger/" onmouseout="MM_swapImgRestore();" onmouseover="MM_swapImage('sanger_foot_r1_c4','','../images/sanger_foot_r1_c4_f2.gif',1);"><img id="sanger_foot_r1_c4" src="../images/sanger_foot_r1_c4.gif" width="104" height="20" alt="" /></a><a href="http://www.nyu.edu/projects/sanger/contactus/" onmouseout="MM_swapImgRestore();" onmouseover="MM_swapImage('sanger_foot_r1_c5','','../images/sanger_foot_r1_c5_f2.gif',1);"><img id="sanger_foot_r1_c5" src="../images/sanger_foot_r1_c5.gif" width="104" height="20" alt="" /></a><img id="sanger_foot_r1_c6" src="../images/sanger_foot_r1_c6.jpg" width="105" height="20" alt="" />
	</p>
	<p style="margin-bottom: 0px; margin-top: -1px; /*\*/margin-top: -4px;/**/">
		<img src="../images/spacer.gif" width="545" height="1" alt="" /><a href="http://validator.w3.org/check/referer"><img src="../images/xhtml11.gif" alt="valid" /></a>
	</p>
</div> <!-- end of Container --> 
</body>
</html>
