<!DOCTYPE html PUBLIC "-//W3C//DTD XHTML 1.1//EN"
        "http://www.w3.org/TR/xhtml11/DTD/xhtml11.dtd">
<html>
<head>
	<title>The Public Papers of Margaret Sanger: Web Edition</title> 
	<meta http-equiv="content-type" content="text/html charset=ISO-8859-1" />
	<link href="../documents/styles.css" rel="stylesheet" type="text/css" />
<script type="text/javascript" src="../documents/global.js"></script> 
</head>
<body onload="MM_preloadImages('../images/header_r2_c1_f2.gif','../images/header_r2_c2_f2.gif','../images/header_r2_c3_f2.gif','../images/header_r2_c4_f2.gif','../images/header_r2_c5_f2.gif');">
<div id="container" style="width: 626px; margin: 0px auto;"> 
<p style="margin-top: 0px; margin-bottom: 0px;">
	<img id="header_r1_c1" src="../images/header_r1_c1.gif" width="625" height="95" alt="" /><img src="../images/spacer.gif" width="1" height="95" alt="" /> 
</p>
<p style="margin-top: 0px; /*\*/margin-top: -3px;/**/">
	<a href="project.php" onmouseout="MM_swapImgRestore();" onmouseover="MM_swapImage('header_r2_c1','','../images/header_r2_c1_f2.gif',1);"><img id="header_r2_c1" src="../images/header_r2_c1.gif" width="104" height="20" alt="" /></a><a href="edition.php" onmouseout="MM_swapImgRestore();" onmouseover="MM_swapImage('header_r2_c2','','../images/header_r2_c2_f2.gif',1);"><img id="header_r2_c2" src="../images/header_r2_c2.gif" width="104" height="20" alt="" /></a><a href="search.php" onmouseout="MM_swapImgRestore();" onmouseover="MM_swapImage('header_r2_c3','','../images/header_r2_c3_f2.gif',1);"><img id="header_r2_c3" src="../images/header_r2_c3.gif" width="104" height="20" alt="" /></a><a href="http://www.nyu.edu/projects/sanger/" onmouseout="MM_swapImgRestore();" onmouseover="MM_swapImage('header_r2_c4','','../images/header_r2_c4_f2.gif',1);"><img id="header_r2_c4" src="../images/header_r2_c4.gif" width="104" height="20" alt="" /></a><a href="contact.php" onmouseout="MM_swapImgRestore();" onmouseover="MM_swapImage('header_r2_c5','','../images/header_r2_c5_f2.gif',1);"><img id="header_r2_c5" src="../images/header_r2_c5.gif" width="104" height="20" alt="" /></a><img id="header_r2_c6" src="../images/header_r2_c6.jpg" width="105" height="20" alt="" /><img src="../images/spacer.gif" width="1" height="20" alt="" /> 
</p>
<div class="outBox">
<div class="docBox">

<p class="title_heading">Margaret Sanger, "Individual and Family Aspects of Birth Control," 11 Jul 1922.
		</p><p>Published Speech. Source: 
            <a href="search.php?journal=%22Report%20of%20the%20Fifth%20International%20Neo-Malthusian%20and%20Birth%0A%20%20%20%20%20%20%20%20%20%20%20%20%20%20%20%20%20%20%20%20Control%20Conference%22"><span class="italics">Report of the Fifth International Neo-Malthusian and Birth
                    Control Conference</span></a>, Kingsway Hall, London, July 11-14, 1922, 30-32
            
	, <span class="italics">Margaret Sanger Microfilm</span> S70:937
        .
		</p><p class="headnote"></p><hr>
    
    
    
        <h1>INDIVIDUAL AND FAMILY ASPECTS OF BIRTH CONTROL</h1>
        <h3>
<span class="italics">President</span>. MRS. MARGARET
                SANGER</h3>
        <p>We will now begin the process of work for this afternoon. I believe that the power of
            this Conference and part of the interest of it is in discussion of the various papers at
            the end of the session, and so I believe it would be of advantage to make my address as
            brief as possible, and to put aside some of our time this afternoon for open and free
            discussion from the floor.</p>
        <p>Therefore, I am going to be a model chairman. According to the rules of chairmen in
                 America, a good chairman must get up, sit down,
            and shut up. My rules for chairmanship are going to be based on that rule this
            afternoon.</p>
        <p>It seems to me very fitting indeed that this Conference should open with a session on the
            subject of the individual, for I believe that in the rapid evolution which has been in
            progress during the past fifty years we have spent most of our energies, time, and
            thought upon the creation and construction of material things, such as roads, railroads,
            bridges, and steamships, to say nothing of prisons, insane asylums, and various other
            institutions. We realise that consideration for the individual and for the quality of
            human life itself has almost been neglected and overlooked. The old saying that "a chain is only as strong as its weakest link" has become quite
            evident to-day, for the civilisation of the future depends, and will depend, upon the
            quality of the individual to-day.</p>
        <p>In our programme for the welfare and happiness of humanity we must modify our ideals.
            To-day the average reliance of civilisation is based upon iron and steel, bricks and
            mortar, and we must change this to the construction and evolution of humanity
            itself.</p>
        <p>From the dawn of humanity, and even the dawn of civilisation, we have recognised that
            there are two fundamental urges which have prodded mankind forward. These have been
            hunger and sex. While they have both been neglected factors to a great extent in our
            recognition of them, the French Revolution aroused the whole civilised world to
            realisation of the fact that the urge of hunger cannot be ignored without dire
            consequences to all.</p>
        <p>The other urge, of sex, however, has been almost entirely ignored, and it is now time for
            us to awaken the conscience of the present generation to a realisation of the
            consequences to civilsation unless we accept this instinct, and recognise it as fully
            fundamental and equally dynamic and fateful in its consequences as hunger. In the
            building of a new world, we cannot ignore either of these primary instincts. They must
            go hand in hand in solving the problems of the present and immediate future.</p>
        <p>It seems to me that the subject of Birth Control is particularly an individual issue. In
            my own work in America and other countries, I have found that it is the most
            extraordinary movement because of that factor. It interests every adult, matured
            individual. It makes no difference, whatever may be the race, colour of the skin,
            economic principles, theories or religious creeds, Birth Control is of interest to every
            individual, and it seems to me that is the thing we must work upon. Recognising that, we
            have in a way an easier avenue of approach than other movements, which are divided by
            class, creeds, and dogmas.</p>
        <p>Again, I have found that while in some countries there is special antagonism by the
            official Church, and even by official Labour, it has been my experience that the various
            members of the Church are desirous of having the information by which they may limit
            their numbers. I have found the same with Labour. While official Labour may object to
            the theories of the advocates of Birth Control, and particularly their economic
            theories, as far as the individual is concerned, they agree to the right of the
            individual to have this particular knowledge.</p>
        <p>So it is my hope that out of this Conference will come a great awakening of all people,
            of all creeds and all nations, and that after that we will recognise that we must get to
            work on the two fundamental urges of humanity--sex and hunger. They must go hand in hand
            if we are to bring about the great international goal of peace.</p>
        <p>Now, it seems to me that the thing to do to-day is to leave our discussion and expression
            of the various opinions that we all have until after the papers have been read, and
            inasmuch as some of the writers of the addresses on this afternoon's programme have
            indicated their desire to read their papers at another section--I think at the medical
            section--that leaves us more time for discussion, and also, perhaps, for an extra
            paper.</p>
    
<hr><p>
		 	Subject Terms:
		</p><ul>
<li>
<a href="search.php?subject=birth%20control">birth control</a><a href="search.php?subject=birth%20control&amp;subject2=opposition%20to">, opposition to</a><a href="search.php?subject=birth%20control&amp;subject2=opposition%20to&amp;subject3="></a><a href="search.php?subject=birth%20control&amp;subject2=opposition%20to&amp;subject3=&amp;subject4="></a>
</li>
<li>
<a href="search.php?subject=Catholic%20Church">Catholic Church</a><a href="search.php?subject=Catholic%20Church&amp;subject2=birth%20control%20and%20abortion%20and">, birth control and abortion and</a><a href="search.php?subject=Catholic%20Church&amp;subject2=birth%20control%20and%20abortion%20and&amp;subject3="></a><a href="search.php?subject=Catholic%20Church&amp;subject2=birth%20control%20and%20abortion%20and&amp;subject3=&amp;subject4="></a>
</li>
<li>
<a href="search.php?subject=civilization">civilization</a><a href="search.php?subject=civilization&amp;subject2=MS%20on">, MS on</a><a href="search.php?subject=civilization&amp;subject2=MS%20on&amp;subject3="></a><a href="search.php?subject=civilization&amp;subject2=MS%20on&amp;subject3=&amp;subject4="></a>
</li>
<li>
<a href="search.php?subject=individuals">individuals</a><a href="search.php?subject=individuals&amp;subject2=rights%20of">, rights of</a><a href="search.php?subject=individuals&amp;subject2=rights%20of&amp;subject3="></a><a href="search.php?subject=individuals&amp;subject2=rights%20of&amp;subject3=&amp;subject4="></a>
</li>
<li>
<a href="search.php?subject=International%20Neo-Malthusian%20and%20Birth%20Control%20Conferences">International Neo-Malthusian and Birth Control Conferences</a><a href="search.php?subject=International%20Neo-Malthusian%20and%20Birth%20Control%20Conferences&amp;subject2=in%201922%20(5th--London)">, in 1922 (5th--London)</a><a href="search.php?subject=International%20Neo-Malthusian%20and%20Birth%20Control%20Conferences&amp;subject2=in%201922%20(5th--London)&amp;subject3="></a><a href="search.php?subject=International%20Neo-Malthusian%20and%20Birth%20Control%20Conferences&amp;subject2=in%201922%20(5th--London)&amp;subject3=&amp;subject4="></a>
</li>
<li>
<a href="search.php?subject=labor%20movement">labor movement</a><a href="search.php?subject=labor%20movement&amp;subject2=birth%20control%20and">, birth control and</a><a href="search.php?subject=labor%20movement&amp;subject2=birth%20control%20and&amp;subject3="></a><a href="search.php?subject=labor%20movement&amp;subject2=birth%20control%20and&amp;subject3=&amp;subject4="></a>
</li>
<li>
<a href="search.php?subject=sexuality">sexuality</a><a href="search.php?subject=sexuality&amp;subject2="></a><a href="search.php?subject=sexuality&amp;subject2=&amp;subject3="></a><a href="search.php?subject=sexuality&amp;subject2=&amp;subject3=&amp;subject4="></a>
</li>
</ul><p>
		 Copyright 2003. Margaret Sanger Project
        </p>
  </div>
</div>
	<div><br /></div>

	<p style="margin-top: 0px; margin-bottom: 0px;">
		<a href="http://www.nyu.edu/projects/sanger/aboutms/" onmouseout="MM_swapImgRestore();" onmouseover="MM_swapImage('sanger_foot_r1_c1','','../images/sanger_foot_r1_c1_f2.gif',1);"><img id="sanger_foot_r1_c1" src="../images/sanger_foot_r1_c1.gif" width="104" height="20" alt="" /></a><a href="http://www.nyu.edu/projects/sanger/documents/electroniced.php" onmouseout="MM_swapImgRestore();" onmouseover="MM_swapImage('sanger_foot_r1_c2','','../images/sanger_foot_r1_c2_f2.gif',1);"><img id="sanger_foot_r1_c2" src="../images/sanger_foot_r1_c2.gif" width="104" height="20" alt="" /></a><a href="search.php" onmouseout="MM_swapImgRestore();" onmouseover="MM_swapImage('sanger_foot_r1_c3','','../images/sanger_foot_r1_c3_f2.gif',1);"><img id="sanger_foot_r1_c3" src="../images/sanger_foot_r1_c3.gif" width="104" height="20" alt="" /></a><a href="http://www.nyu.edu/projects/sanger/" onmouseout="MM_swapImgRestore();" onmouseover="MM_swapImage('sanger_foot_r1_c4','','../images/sanger_foot_r1_c4_f2.gif',1);"><img id="sanger_foot_r1_c4" src="../images/sanger_foot_r1_c4.gif" width="104" height="20" alt="" /></a><a href="http://www.nyu.edu/projects/sanger/contactus/" onmouseout="MM_swapImgRestore();" onmouseover="MM_swapImage('sanger_foot_r1_c5','','../images/sanger_foot_r1_c5_f2.gif',1);"><img id="sanger_foot_r1_c5" src="../images/sanger_foot_r1_c5.gif" width="104" height="20" alt="" /></a><img id="sanger_foot_r1_c6" src="../images/sanger_foot_r1_c6.jpg" width="105" height="20" alt="" />
	</p>
	<p style="margin-bottom: 0px; margin-top: -1px; /*\*/margin-top: -4px;/**/">
		<img src="../images/spacer.gif" width="545" height="1" alt="" /><a href="http://validator.w3.org/check/referer"><img src="../images/xhtml11.gif" alt="valid" /></a>
	</p>
</div> <!-- end of Container --> 
</body>
</html>
