<!DOCTYPE html PUBLIC "-//W3C//DTD XHTML 1.1//EN"
        "http://www.w3.org/TR/xhtml11/DTD/xhtml11.dtd">
<html>
<head>
	<title>The Public Papers of Margaret Sanger: Web Edition</title> 
	<meta http-equiv="content-type" content="text/html charset=ISO-8859-1" />
	<link href="../documents/styles.css" rel="stylesheet" type="text/css" />
<script type="text/javascript" src="../documents/global.js"></script> 
</head>
<body onload="MM_preloadImages('../images/header_r2_c1_f2.gif','../images/header_r2_c2_f2.gif','../images/header_r2_c3_f2.gif','../images/header_r2_c4_f2.gif','../images/header_r2_c5_f2.gif');">
<div id="container" style="width: 626px; margin: 0px auto;"> 
<p style="margin-top: 0px; margin-bottom: 0px;">
	<img id="header_r1_c1" src="../images/header_r1_c1.gif" width="625" height="95" alt="" /><img src="../images/spacer.gif" width="1" height="95" alt="" /> 
</p>
<p style="margin-top: 0px; /*\*/margin-top: -3px;/**/">
	<a href="project.php" onmouseout="MM_swapImgRestore();" onmouseover="MM_swapImage('header_r2_c1','','../images/header_r2_c1_f2.gif',1);"><img id="header_r2_c1" src="../images/header_r2_c1.gif" width="104" height="20" alt="" /></a><a href="edition.php" onmouseout="MM_swapImgRestore();" onmouseover="MM_swapImage('header_r2_c2','','../images/header_r2_c2_f2.gif',1);"><img id="header_r2_c2" src="../images/header_r2_c2.gif" width="104" height="20" alt="" /></a><a href="search.php" onmouseout="MM_swapImgRestore();" onmouseover="MM_swapImage('header_r2_c3','','../images/header_r2_c3_f2.gif',1);"><img id="header_r2_c3" src="../images/header_r2_c3.gif" width="104" height="20" alt="" /></a><a href="http://www.nyu.edu/projects/sanger/" onmouseout="MM_swapImgRestore();" onmouseover="MM_swapImage('header_r2_c4','','../images/header_r2_c4_f2.gif',1);"><img id="header_r2_c4" src="../images/header_r2_c4.gif" width="104" height="20" alt="" /></a><a href="contact.php" onmouseout="MM_swapImgRestore();" onmouseover="MM_swapImage('header_r2_c5','','../images/header_r2_c5_f2.gif',1);"><img id="header_r2_c5" src="../images/header_r2_c5.gif" width="104" height="20" alt="" /></a><img id="header_r2_c6" src="../images/header_r2_c6.jpg" width="105" height="20" alt="" /><img src="../images/spacer.gif" width="1" height="20" alt="" /> 
</p>
<div class="outBox">
<div class="docBox">

<p class="title_heading">Margaret Sanger, "Birth Control--The Fundamental Freedom," 30 December, 1920.
		</p><p>Published article. Source: 
            <a href="search.php?journal=%22Birth%20Control%20--%20The%20Fundamental%20Freedom%20%22"><span class="italics">Birth Control -- The Fundamental Freedom </span></a><a href="search.php?journal=%22Oklahoma%20State%20Register%22"><span class="italics">Oklahoma State Register</span></a> in the Margaret Sanger Papers,
                Library of Congress.
            
	, <span class="italics">Margaret Sanger Microfilm</span> C16:146
        .
		</p><p class="headnote">The article was originally published in "the National Suffragist". For an incomplete version, see Margaret Sanger
            Microfilm C16:146.</p><hr>
    
    
    
        <h1>Birth Control--The Fundamental Freedom</h1>
        <p>I have just returned from Europe
            having spent six months in England, Ireland,
                Scotland and Germany. I return more convinced than
            ever before of the outstanding importance to women and to the world of the conscious,
            voluntary control of the birth rate.</p>
        <p>
	[<em>two words torn</em>]
	 conditions, the form of 
	[<em>two words torn</em>]
	 customs and traditions, 
	[<em>one word torn</em>]
	
            in the countries I have just visited but in all of them one thing is evident: a
            tremendous movement of women toward intellectual and spiritual freedom. In none of these
            countries has this movement reached its goal, no matter what the economic structure. In
                Russia, where the workers claim to have won
            political and economic freedom, women find themselves according to good authority,
            unable to participate fully in the advantages of the new order, because they do not
            control the function of maternity. There is no subject about which the women of Russia
            more urgently seek information today than of birth control. The same thing is true of
            women of Germany, England and France.</p>
        <p>The situation in Germany is peculiarly appalling. In spite of the last five years'
            desperate struggle and the lack of necessities of all kinds still existing, women have,
            at the command of the state, continued to bear large families. Babies have been born
            only to die, or to lead at best a pitiable half-existence (while authority has frowned
            upon the movement to prevent conception and to control birth).</p>
        <p>I saw more than ten thousand children in Germany, hundreds of whom could hardly hold up
            their heads and many more who, at the age of three or four years, could not walk or use
            their legs.</p>
        <p>One Saturday I visited the home of a family in Munich where the father was unemployed and the family, wife and ten
            children under twelve years, were subsisting upon an unemployment dole worth, in our
            money, about one dollar a week. The food in the house had given out on Friday and the
            next payment was not due until Monday.</p>
        <p>When I arrived one child was gnawing at her mother's breast though her milk had long been
            exhausted, while another baby lay on the bed gnawing painfully, instead of food, a tiny
            thumb. The father had gone to the woods in a desperate attempt to find mushrooms on
            which they might exist over Sunday. Yet the insane cry is still--more children!</p>
        <p>It is the women of Germany who are, and have been the worst sufferers from the evils of
            war and the blockade. It is these same women through whom permanent alleviation to
            Germany will come. Already the women of Munich and southern Germany are awake to the
            horrors of their situation and they are leading in the first strike of its kind - - the
            most fundamental of all strikes - - a birth strike. Going from door to door these women
            are calling upon their fellow women to cease to bear children until their babies shall
            be assured the chance for a decent life.</p>
        <p>The women of northern Germany have gone still further and are backing a bill before the
            German Reischstag which would legalize abortion. To many of us this is a most
            shocking proposal, and one that would in any other country be in no way justifiable but
            the women of Germany claim that as long as the blockade exists, which they consider
            still to be the case because of the unfavorable rate of exchange and other factors, they
            cannot obtain the material for hygienic cleanliness and that therefore they are entitled
            to make use of this means of limiting the family.</p>
        <p>Strange to say, there are many among the medical profession of Germany who favor the
            abortion bill while opposing the prevention of conception. I asked one of the leading
            gynecologists there why he took this stand, and his reply was significant. "I am willing," he said, "to help check our population during this
                period of intense struggle, but merely as a temporary expedient. Abortion is in the
                hands of the medical profession and therefore can be controlled. To give women the
                knowledge of birth control, would be to place in their hands dangerous power, power
                which could not be recalled when conditions improve."</p>
        <p>Leaving Germany, I traveled through Holland, where I
            found conditions by far the best of any country in the world, not excluding America. In Holland the laws of free press and free
            speech have enabled women to obtain birth control information and to attend medical
            clinics for expert advice on this question. As a result Dutch women participate in
            public activities at the same time have a normal family life. That working woman is
            encouraged to marry early the man of her choice and not to have a family until the child
            may come into a home prepared for it.</p>
        <p>What is the result? While the birth rate of Holland has gone down the death rate has also
            been lowered and the population increased in a ratio which does not tax the country's
            resources. Had this little country not limited its birth rate for the past twenty-five
            years it would have been so involved that it must have lost its national existence in
            the turmoil of the war. As it was, the nation has, unlike most of the other warring
            countries, held its own through the most crucial period of its national life. Freedom of
            the press and of speech has been preserved. Standards of health have been improved.
            Conditions are today more nearly normal there than in any other European countries and
            today it is illegal not only to give birth control information through clinics, or
            through the mails, but even to discuss anything which would tend to sanction or
            encourage a reduction of the birth rate.</p>
        <p>In England, where I lectured to working women on the subject of birth control, I found
            everywhere intense interest. There are no laws in England preventing the working woman
            from obtaining birth control information. The obstacle to its widespread has heretofore
            been a peculiar prejudice on the part of the workers themselves. This feeling may be
            traced back to the time of Malthus who, on
            the basis of his theory that poverty was caused by prolific breeding, advocated
            continence until a late marriage and then family limitation through abstinence. This
            proposal of Malthus was opposed by the workers who approved the Marxian conception of
            poverty as the result of the capitalist system rather than of an excess population. The
            economic after-the-war conditions coupled with the strong woman's movement in England,
            have gone far to break down this prejudice of the workers and even the communists
            attended my meetings in large numbers.</p>
        <p> News of a similar keen interest in birth control in Asiatic countries is continually
            reaching me. In India, the movement has already assumed dimensions which
            make it of national importance, and the Japanese government has sent officials here to
            study the subject, recognizing that it is for that over-crowded island empire a choice
            between birth control or a war of aggression within thirty years.</p>
        <p> In the United States, our movement struggles under the enormous handicap of state laws
            which place scientific birth control information in the category of the obscene and
            punish by $1,000 fine or a year in prison the giving of oral or written information on
            the subject, in addition to the federal law
            which imposes a $5,000 fine and five years in prison for sending such information
            through the mails. Until these laws are repealed, it is impossible to establish clinics
            or to give such information in any way to the thousands of women clamoring for it,
            without risking a prison sentence. Thirty-five women have so far gone to jail in their
            efforts to perform this service for their fellow women.</p>
        <p> It is evident therefore that the movement is already an international one, as the
            population question must necessarily be. Some of the ablest statesmen and economists of
            Europe are now awake to the tremendous significance of over-breeding and to its relation
            to the great world evils of child labor, unemployment, poverty and war. Until it is
            scientifically and openly understood, they contend, there can never be a real league of
            nations.</p>
        <p> The time is now ripe, therefore for the women of all nations to demand the right of
            conscious voluntary control of the birth rate through the prevention of conception and
            to insist upon the placing in their hands of the best scientific knowledge on this
            subject.</p>
        <p> Fortunately the women of the world are now stepping into government as fully
            enfranchised citizens, with the power to demand their rights. A few of us, a small
            handful in fact, have been holding the fort until women had the vote and their energies
            could be released to attack this tremendous subject. If, in our own country, one-tenth
            of the energy which has been used to win the franchise would be used to attack the
            fossilized birth control laws on the statute books in would it would only be a few years
            until the women of the United States would have the fundamental freedom which underlies
            all others, power to control their own bodies.</p>
    
<hr><p>
		 	Subject Terms:
		</p><ul>
<li>
<a href="search.php?subject=abortion">abortion</a><a href="search.php?subject=abortion&amp;subject2=laws%20and%20legislation">, laws and legislation</a><a href="search.php?subject=abortion&amp;subject2=laws%20and%20legislation&amp;subject3="></a><a href="search.php?subject=abortion&amp;subject2=laws%20and%20legislation&amp;subject3=&amp;subject4="></a>
</li>
<li>
<a href="search.php?subject=England">England</a><a href="search.php?subject=England&amp;subject2=birth%20control%20in">, birth control in</a><a href="search.php?subject=England&amp;subject2=birth%20control%20in&amp;subject3="></a><a href="search.php?subject=England&amp;subject2=birth%20control%20in&amp;subject3=&amp;subject4="></a>
</li>
<li>
<a href="search.php?subject=Gemany">Gemany</a><a href="search.php?subject=Gemany&amp;subject2=socioeconomic%20conditions">, socioeconomic conditions</a><a href="search.php?subject=Gemany&amp;subject2=socioeconomic%20conditions&amp;subject3="></a><a href="search.php?subject=Gemany&amp;subject2=socioeconomic%20conditions&amp;subject3=&amp;subject4="></a>
</li>
<li>
<a href="search.php?subject=Germany">Germany</a><a href="search.php?subject=Germany&amp;subject2=abortion%20in">, abortion in</a><a href="search.php?subject=Germany&amp;subject2=abortion%20in&amp;subject3="></a><a href="search.php?subject=Germany&amp;subject2=abortion%20in&amp;subject3=&amp;subject4="></a>
</li>
<li>
<a href="search.php?subject=Germany">Germany</a><a href="search.php?subject=Germany&amp;subject2=birth%20control%20in">, birth control in</a><a href="search.php?subject=Germany&amp;subject2=birth%20control%20in&amp;subject3="></a><a href="search.php?subject=Germany&amp;subject2=birth%20control%20in&amp;subject3=&amp;subject4="></a>
</li>
<li>
<a href="search.php?subject=Germany">Germany</a><a href="search.php?subject=Germany&amp;subject2=population%20policies%20of">, population policies of</a><a href="search.php?subject=Germany&amp;subject2=population%20policies%20of&amp;subject3="></a><a href="search.php?subject=Germany&amp;subject2=population%20policies%20of&amp;subject3=&amp;subject4="></a>
</li>
<li>
<a href="search.php?subject=Germany">Germany</a><a href="search.php?subject=Germany&amp;subject2=working%20classes%20in">, working classes in</a><a href="search.php?subject=Germany&amp;subject2=working%20classes%20in&amp;subject3="></a><a href="search.php?subject=Germany&amp;subject2=working%20classes%20in&amp;subject3=&amp;subject4="></a>
</li>
<li>
<a href="search.php?subject=Malthusian%20theory">Malthusian theory</a><a href="search.php?subject=Malthusian%20theory&amp;subject2=opposition%20to">, opposition to</a><a href="search.php?subject=Malthusian%20theory&amp;subject2=opposition%20to&amp;subject3="></a><a href="search.php?subject=Malthusian%20theory&amp;subject2=opposition%20to&amp;subject3=&amp;subject4="></a>
</li>
<li>
<a href="search.php?subject=Netherlands">Netherlands</a><a href="search.php?subject=Netherlands&amp;subject2=birth%20control%20in">, birth control in</a><a href="search.php?subject=Netherlands&amp;subject2=birth%20control%20in&amp;subject3="></a><a href="search.php?subject=Netherlands&amp;subject2=birth%20control%20in&amp;subject3=&amp;subject4="></a>
</li>
<li>
<a href="search.php?subject=Netherlands">Netherlands</a><a href="search.php?subject=Netherlands&amp;subject2=population%20policies%20in">, population policies in</a><a href="search.php?subject=Netherlands&amp;subject2=population%20policies%20in&amp;subject3="></a><a href="search.php?subject=Netherlands&amp;subject2=population%20policies%20in&amp;subject3=&amp;subject4="></a>
</li>
<li>
<a href="search.php?subject=Netherlands">Netherlands</a><a href="search.php?subject=Netherlands&amp;subject2=socioeconomic%20conditions">, socioeconomic conditions</a><a href="search.php?subject=Netherlands&amp;subject2=socioeconomic%20conditions&amp;subject3="></a><a href="search.php?subject=Netherlands&amp;subject2=socioeconomic%20conditions&amp;subject3=&amp;subject4="></a>
</li>
<li>
<a href="search.php?subject=Netherlands">Netherlands</a><a href="search.php?subject=Netherlands&amp;subject2=women%20in">, women in</a><a href="search.php?subject=Netherlands&amp;subject2=women%20in&amp;subject3="></a><a href="search.php?subject=Netherlands&amp;subject2=women%20in&amp;subject3=&amp;subject4="></a>
</li>
<li>
<a href="search.php?subject=physicians">physicians</a><a href="search.php?subject=physicians&amp;subject2=birth%20control%20and">, birth control and</a><a href="search.php?subject=physicians&amp;subject2=birth%20control%20and&amp;subject3="></a><a href="search.php?subject=physicians&amp;subject2=birth%20control%20and&amp;subject3=&amp;subject4="></a>
</li>
<li>
<a href="search.php?subject=Soviet%20Union">Soviet Union</a><a href="search.php?subject=Soviet%20Union&amp;subject2=birth%20control%20in">, birth control in</a><a href="search.php?subject=Soviet%20Union&amp;subject2=birth%20control%20in&amp;subject3="></a><a href="search.php?subject=Soviet%20Union&amp;subject2=birth%20control%20in&amp;subject3=&amp;subject4="></a>
</li>
<li>
<a href="search.php?subject=women">women</a><a href="search.php?subject=women&amp;subject2=enslavement%20of">, enslavement of</a><a href="search.php?subject=women&amp;subject2=enslavement%20of&amp;subject3="></a><a href="search.php?subject=women&amp;subject2=enslavement%20of&amp;subject3=&amp;subject4="></a>
</li>
<li>
<a href="search.php?subject=women">women</a><a href="search.php?subject=women&amp;subject2=reproductive%20choices%20and%20decisions">, reproductive choices and decisions</a><a href="search.php?subject=women&amp;subject2=reproductive%20choices%20and%20decisions&amp;subject3="></a><a href="search.php?subject=women&amp;subject2=reproductive%20choices%20and%20decisions&amp;subject3=&amp;subject4="></a>
</li>
</ul><p>
		 Copyright 2003. Margaret Sanger Project
        </p>
  </div>
</div>
	<div><br /></div>

	<p style="margin-top: 0px; margin-bottom: 0px;">
		<a href="http://www.nyu.edu/projects/sanger/aboutms/" onmouseout="MM_swapImgRestore();" onmouseover="MM_swapImage('sanger_foot_r1_c1','','../images/sanger_foot_r1_c1_f2.gif',1);"><img id="sanger_foot_r1_c1" src="../images/sanger_foot_r1_c1.gif" width="104" height="20" alt="" /></a><a href="http://www.nyu.edu/projects/sanger/documents/electroniced.php" onmouseout="MM_swapImgRestore();" onmouseover="MM_swapImage('sanger_foot_r1_c2','','../images/sanger_foot_r1_c2_f2.gif',1);"><img id="sanger_foot_r1_c2" src="../images/sanger_foot_r1_c2.gif" width="104" height="20" alt="" /></a><a href="search.php" onmouseout="MM_swapImgRestore();" onmouseover="MM_swapImage('sanger_foot_r1_c3','','../images/sanger_foot_r1_c3_f2.gif',1);"><img id="sanger_foot_r1_c3" src="../images/sanger_foot_r1_c3.gif" width="104" height="20" alt="" /></a><a href="http://www.nyu.edu/projects/sanger/" onmouseout="MM_swapImgRestore();" onmouseover="MM_swapImage('sanger_foot_r1_c4','','../images/sanger_foot_r1_c4_f2.gif',1);"><img id="sanger_foot_r1_c4" src="../images/sanger_foot_r1_c4.gif" width="104" height="20" alt="" /></a><a href="http://www.nyu.edu/projects/sanger/contactus/" onmouseout="MM_swapImgRestore();" onmouseover="MM_swapImage('sanger_foot_r1_c5','','../images/sanger_foot_r1_c5_f2.gif',1);"><img id="sanger_foot_r1_c5" src="../images/sanger_foot_r1_c5.gif" width="104" height="20" alt="" /></a><img id="sanger_foot_r1_c6" src="../images/sanger_foot_r1_c6.jpg" width="105" height="20" alt="" />
	</p>
	<p style="margin-bottom: 0px; margin-top: -1px; /*\*/margin-top: -4px;/**/">
		<img src="../images/spacer.gif" width="545" height="1" alt="" /><a href="http://validator.w3.org/check/referer"><img src="../images/xhtml11.gif" alt="valid" /></a>
	</p>
</div> <!-- end of Container --> 
</body>
</html>
