<!DOCTYPE html PUBLIC "-//W3C//DTD XHTML 1.1//EN"
        "http://www.w3.org/TR/xhtml11/DTD/xhtml11.dtd">
<html>
<head>
	<title>The Public Papers of Margaret Sanger: Web Edition</title> 
	<meta http-equiv="content-type" content="text/html charset=ISO-8859-1" />
	<link href="../documents/styles.css" rel="stylesheet" type="text/css" />
<script type="text/javascript" src="../documents/global.js"></script> 
</head>
<body onload="MM_preloadImages('../images/header_r2_c1_f2.gif','../images/header_r2_c2_f2.gif','../images/header_r2_c3_f2.gif','../images/header_r2_c4_f2.gif','../images/header_r2_c5_f2.gif');">
<div id="container" style="width: 626px; margin: 0px auto;"> 
<p style="margin-top: 0px; margin-bottom: 0px;">
	<img id="header_r1_c1" src="../images/header_r1_c1.gif" width="625" height="95" alt="" /><img src="../images/spacer.gif" width="1" height="95" alt="" /> 
</p>
<p style="margin-top: 0px; /*\*/margin-top: -3px;/**/">
	<a href="project.php" onmouseout="MM_swapImgRestore();" onmouseover="MM_swapImage('header_r2_c1','','../images/header_r2_c1_f2.gif',1);"><img id="header_r2_c1" src="../images/header_r2_c1.gif" width="104" height="20" alt="" /></a><a href="edition.php" onmouseout="MM_swapImgRestore();" onmouseover="MM_swapImage('header_r2_c2','','../images/header_r2_c2_f2.gif',1);"><img id="header_r2_c2" src="../images/header_r2_c2.gif" width="104" height="20" alt="" /></a><a href="search.php" onmouseout="MM_swapImgRestore();" onmouseover="MM_swapImage('header_r2_c3','','../images/header_r2_c3_f2.gif',1);"><img id="header_r2_c3" src="../images/header_r2_c3.gif" width="104" height="20" alt="" /></a><a href="http://www.nyu.edu/projects/sanger/" onmouseout="MM_swapImgRestore();" onmouseover="MM_swapImage('header_r2_c4','','../images/header_r2_c4_f2.gif',1);"><img id="header_r2_c4" src="../images/header_r2_c4.gif" width="104" height="20" alt="" /></a><a href="contact.php" onmouseout="MM_swapImgRestore();" onmouseover="MM_swapImage('header_r2_c5','','../images/header_r2_c5_f2.gif',1);"><img id="header_r2_c5" src="../images/header_r2_c5.gif" width="104" height="20" alt="" /></a><img id="header_r2_c6" src="../images/header_r2_c6.jpg" width="105" height="20" alt="" /><img src="../images/spacer.gif" width="1" height="20" alt="" /> 
</p>
<div class="outBox">
<div class="docBox">

<p class="title_heading">Margaret Sanger, "Birth Control, 1946," 1947.
		</p><p>Published Article. Source: 
            <a href="search.php?journal=%22Britannica%20Book%20of%20the%20Year%22"><span class="italics">Britannica Book of the Year</span></a>(1947), p. 128
        .
		</p><p class="headnote">For other articles in the Britannica Book of the
                Year series, see <a href="show.php?sangerDoc=320976.xml">Birth
                    Control, 1944</a>; <a href="show.php?sangerDoc=320979.xml">Birth Control, 1947</a>; <a href="show.php?sangerDoc=321981.xml">Birth Control, 1948, 1949</a>;<a href="show.php?sangerDoc=320981.xml">Birth Control, 1949</a>; <a href="show.php?sangerDoc=321981.xml">Birth Control, 1950</a>; <a href="show.php?sangerDoc=320983.xml">Birth Control, 1951</a>; <a href="show.php?sangerDoc=320984.xml">Birth Control, 1952</a>; <a href="show.php?sangerDoc=321984.xml">Birth Control, 1953</a>; <a href="show.php?sangerDoc=320985.xml">Birth Control, 1954</a>; <a href="show.php?sangerDoc=320986.xml">Birth Control, 1955</a>; <a href="show.php?sangerDoc=none.xml">Birth Control, 1956</a>; <a href="show.php?sangerDoc=320987.xml">Birth Control, 1957</a>; <a href="show.php?sangerDoc=320988.xml">Birth Control, 1958</a></p><hr>
    
    
    
        <h1>Birth Control.</h1>
        
            <p>The year 1946 marked the 25th anniversary of the Planned Parenthood Federation
                    of America, Inc. (formerly the Birth Control Federation of
                    America). The year was distinguished by advances in the field of religious
                acceptance and by international recognition of family planning as an aid in solving
                population problems related to world peace.</p>
        
        
            <h2>International.&#8211;</h2>
            <p>Speaking before the International Health conference of the United Nations, Dr. Djamil Pasha Tutunji, health director of
                    Trans-Jordan, declared that birth control is as important to
                world peace as the control of the atom bomb.</p>
            <p>The first postwar international sex conference, attended by representatives of eight
                countries, was held in Stockholm, Sweden. Delegates from the
                unoccupied countries, where planned parenthood programs had been curtailed but not
                abolished, reported development of a three-fold program of child-spacing, treatment
                of infertility and education for marriage, in line with work of the U.S. group. Visiting physicians from
                    India, China, Japan, New
                    Zealand, Spain, Brazil,
                    Argentina, South Africa and Italy
                all reported growing awareness of the importance of planned parenthood in an
                over-all health program.</p>
        
        
            <h2>Religion.&#8211;</h2>
            <p>Recognizing that planned parenthood is one way to combat the country&#8217;s growing
                divorce, abortion and juvenile delinquency rates, the National Clergymen&#8217;s Advisory committee of the Planned Parenthood
                federation passed a resolution seeking the establishment of planned parenthood
                services in hospitals, public health clinics and other agencies where the service
                should be given. The resolution, signed by 3,200 Protestant and Jewish religious
                leaders, was given nation-wide publicity by the press. The united action of
                clergymen in favour of planned parenthood completed the year&#8217;s program which opened
                with an address by Bishop G. Bromley
                    Oxnam, president of the Federal Council of the Churches of Christ
                    in America, before the 25th annual dinner.</p>
        
        
            <h2>Medical and Public Health.&#8211;</h2>
            <p>The New York Academy of Medicine conducted a survey of contraceptive
                services in New York city hospitals and found that
                only 5 of the city&#8217;s 89 hospitals had contraceptive clinics. The mistaken belief
                that birth control is illegal was believed to keep many patients from seeking
                medical advice on child-spacing from out-patient departments which they attended for
                other medical help. The New York academy report recommended that contraceptive
                information be made available when it was medically indicated. The addition of
                    Virginia and Mississippi to the states which
                include planned parenthood in their public health services brought the total number
                of such states to eight.</p>
        
        
            <h2>Press and Radio.&#8211;</h2>
            <p>Fifty-six articles making favourable mentions of planned parenthood appeared during
                the year in popular and technical magazines. Both the United Press and
                the Associated Press wire services carried the story of the clergymen&#8217;s
                resolution, and in many communities newspaper editors augmented the original story
                with statements from local clergymen whose names appeared among the 3,200
                signers.</p>
            <p>Radio&#8217;s attitude toward planned parenthood underwent a noticeable change during 1946.
                Bishop Oxnam&#8217;s address broadcast over the network of the Columbia Broadcasting
                    system was the most frank discussion of the religious significance of
                birth control ever heard on a network. The National Broadcasting Company
                gave the federation network time for a roundtable discussion of &#8220;Birth&#8211;By Choice or
                Chance.&#8221; Participants, who discussed the religious, medical and social aspects of
                planned parenthood were: Dr. Guy Emery
                    Shipler, editor of The Churchman; Dr.
                    Janet Fowler Nelson, newly appointed
                consultant on education for marriage and family living, for the federation; and Dr.
                    Alan F. Guttmacher, associate
                professor of obstetrics, Johns
                    Hopkins medical school. The program was transcribed and copies made
                available to planned parenthood groups for rebroadcast.</p>
            <p>The first series of planned parenthood programs was broadcast in the spring over
                    WFAS, White Plains, N.Y. Scheduled originally as a 13-week series, it was
                extended to 20 weeks, and the entire series was repeated over the same station in
                the fall. Scripts of this series were made available to all planned-parenthood
                leagues and committees.</p>
        
        
            <h2>Education.&#8211;</h2>
            <p>In addition to its extensive literature on child spacing, infertility, marriage
                counselling and population, the federation published two new pamphlets dealing with
                venereal disease and juvenile delinquency. The Story of Two Families,
                produced in co-operation with the Institute for Venereal Disease Education of
                        North Carolina, pointed out in popular cartoon style
                the relationship between venereal disease and parenthood. The Roots of
                    Delinquency stressed the fact that most juvenile delinquency began at
                home and was traceable in a large measure to irresponsible parents.</p>
        
        
            <h2>Fund Raising.&#8211;</h2>
            <p>Preparations were made for the first nationwide campaign for $2,000,000 to open in
                Feb. 1947. A portion of the money was to be used for research which it was hoped
                would lead to the development of a simple, inexpensive contraceptive and add to
                current knowledge of the treatment of infertility. The federation also hoped to
                expand its current program and establish new clinics which would place medically
                reliable methods of contraception within the reach of all married women regardless
                of geographical location or economic status.</p>
        
        
            <h2>Organization.&#8211;</h2>
            <p>The Planned Parenthood federation was the national agency and local clearinghouse for
                38 state leagues and more than 200 affiliated local committees. There were in 1946
                about 600 planned parenthood centres in hospitals, public health clinics and
                extramural clinics operated by volunteer committees.</p>
        
    
<hr><p>
		 	Subject Terms:
		</p><ul>
<li>
<a href="search.php?subject=birth%20control">birth control</a><a href="search.php?subject=birth%20control&amp;subject2=American%20opinion%20on">, American opinion on</a><a href="search.php?subject=birth%20control&amp;subject2=American%20opinion%20on&amp;subject3="></a><a href="search.php?subject=birth%20control&amp;subject2=American%20opinion%20on&amp;subject3=&amp;subject4="></a>
</li>
<li>
<a href="search.php?subject=birth%20control">birth control</a><a href="search.php?subject=birth%20control&amp;subject2=clinics%20and%20leagues">, clinics and leagues</a><a href="search.php?subject=birth%20control&amp;subject2=clinics%20and%20leagues&amp;subject3=in%20US">, in US</a><a href="search.php?subject=birth%20control&amp;subject2=clinics%20and%20leagues&amp;subject3=in%20US&amp;subject4="></a>
</li>
<li>
<a href="search.php?subject=birth%20control">birth control</a><a href="search.php?subject=birth%20control&amp;subject2=international">, international</a><a href="search.php?subject=birth%20control&amp;subject2=international&amp;subject3="></a><a href="search.php?subject=birth%20control&amp;subject2=international&amp;subject3=&amp;subject4="></a>
</li>
<li>
<a href="search.php?subject=birth%20control">birth control</a><a href="search.php?subject=birth%20control&amp;subject2=international%20conferences%20on">, international conferences on</a><a href="search.php?subject=birth%20control&amp;subject2=international%20conferences%20on&amp;subject3="></a><a href="search.php?subject=birth%20control&amp;subject2=international%20conferences%20on&amp;subject3=&amp;subject4="></a>
</li>
<li>
<a href="search.php?subject=birth%20control">birth control</a><a href="search.php?subject=birth%20control&amp;subject2=movement">, movement</a><a href="search.php?subject=birth%20control&amp;subject2=movement&amp;subject3=American">, American</a><a href="search.php?subject=birth%20control&amp;subject2=movement&amp;subject3=American&amp;subject4="></a>
</li>
<li>
<a href="search.php?subject=birth%20control">birth control</a><a href="search.php?subject=birth%20control&amp;subject2=propaganda%20and%20publicity">, propaganda and publicity</a><a href="search.php?subject=birth%20control&amp;subject2=propaganda%20and%20publicity&amp;subject3="></a><a href="search.php?subject=birth%20control&amp;subject2=propaganda%20and%20publicity&amp;subject3=&amp;subject4="></a>
</li>
<li>
<a href="search.php?subject=birth%20control">birth control</a><a href="search.php?subject=birth%20control&amp;subject2=religion%20and">, religion and</a><a href="search.php?subject=birth%20control&amp;subject2=religion%20and&amp;subject3="></a><a href="search.php?subject=birth%20control&amp;subject2=religion%20and&amp;subject3=&amp;subject4="></a>
</li>
<li>
<a href="search.php?subject=child%20spacing">child spacing</a><a href="search.php?subject=child%20spacing&amp;subject2="></a><a href="search.php?subject=child%20spacing&amp;subject2=&amp;subject3="></a><a href="search.php?subject=child%20spacing&amp;subject2=&amp;subject3=&amp;subject4="></a>
</li>
<li>
<a href="search.php?subject=family%20planning">family planning</a><a href="search.php?subject=family%20planning&amp;subject2="></a><a href="search.php?subject=family%20planning&amp;subject2=&amp;subject3="></a><a href="search.php?subject=family%20planning&amp;subject2=&amp;subject3=&amp;subject4="></a>
</li>
<li>
<a href="search.php?subject=New%20York%20City">New York City</a><a href="search.php?subject=New%20York%20City&amp;subject2=birth%20control%20in">, birth control in</a><a href="search.php?subject=New%20York%20City&amp;subject2=birth%20control%20in&amp;subject3="></a><a href="search.php?subject=New%20York%20City&amp;subject2=birth%20control%20in&amp;subject3=&amp;subject4="></a>
</li>
<li>
<a href="search.php?subject=Planned%20Parenthood%20Federation%20of%20America">Planned Parenthood Federation of America</a><a href="search.php?subject=Planned%20Parenthood%20Federation%20of%20America&amp;subject2="></a><a href="search.php?subject=Planned%20Parenthood%20Federation%20of%20America&amp;subject2=&amp;subject3="></a><a href="search.php?subject=Planned%20Parenthood%20Federation%20of%20America&amp;subject2=&amp;subject3=&amp;subject4="></a>
</li>
<li>
<a href="search.php?subject=United%20States">United States</a><a href="search.php?subject=United%20States&amp;subject2=government">, government</a><a href="search.php?subject=United%20States&amp;subject2=government&amp;subject3=public%20health%20programs">, public health programs</a><a href="search.php?subject=United%20States&amp;subject2=government&amp;subject3=public%20health%20programs&amp;subject4="></a>
</li>
<li>
<a href="search.php?subject=venereal%20disease">venereal disease</a><a href="search.php?subject=venereal%20disease&amp;subject2="></a><a href="search.php?subject=venereal%20disease&amp;subject2=&amp;subject3="></a><a href="search.php?subject=venereal%20disease&amp;subject2=&amp;subject3=&amp;subject4="></a>
</li>
</ul><p>
		 Copyright 2003. Margaret Sanger Project
        </p>
  </div>
</div>
	<div><br /></div>

	<p style="margin-top: 0px; margin-bottom: 0px;">
		<a href="http://www.nyu.edu/projects/sanger/aboutms/" onmouseout="MM_swapImgRestore();" onmouseover="MM_swapImage('sanger_foot_r1_c1','','../images/sanger_foot_r1_c1_f2.gif',1);"><img id="sanger_foot_r1_c1" src="../images/sanger_foot_r1_c1.gif" width="104" height="20" alt="" /></a><a href="http://www.nyu.edu/projects/sanger/documents/electroniced.php" onmouseout="MM_swapImgRestore();" onmouseover="MM_swapImage('sanger_foot_r1_c2','','../images/sanger_foot_r1_c2_f2.gif',1);"><img id="sanger_foot_r1_c2" src="../images/sanger_foot_r1_c2.gif" width="104" height="20" alt="" /></a><a href="search.php" onmouseout="MM_swapImgRestore();" onmouseover="MM_swapImage('sanger_foot_r1_c3','','../images/sanger_foot_r1_c3_f2.gif',1);"><img id="sanger_foot_r1_c3" src="../images/sanger_foot_r1_c3.gif" width="104" height="20" alt="" /></a><a href="http://www.nyu.edu/projects/sanger/" onmouseout="MM_swapImgRestore();" onmouseover="MM_swapImage('sanger_foot_r1_c4','','../images/sanger_foot_r1_c4_f2.gif',1);"><img id="sanger_foot_r1_c4" src="../images/sanger_foot_r1_c4.gif" width="104" height="20" alt="" /></a><a href="http://www.nyu.edu/projects/sanger/contactus/" onmouseout="MM_swapImgRestore();" onmouseover="MM_swapImage('sanger_foot_r1_c5','','../images/sanger_foot_r1_c5_f2.gif',1);"><img id="sanger_foot_r1_c5" src="../images/sanger_foot_r1_c5.gif" width="104" height="20" alt="" /></a><img id="sanger_foot_r1_c6" src="../images/sanger_foot_r1_c6.jpg" width="105" height="20" alt="" />
	</p>
	<p style="margin-bottom: 0px; margin-top: -1px; /*\*/margin-top: -4px;/**/">
		<img src="../images/spacer.gif" width="545" height="1" alt="" /><a href="http://validator.w3.org/check/referer"><img src="../images/xhtml11.gif" alt="valid" /></a>
	</p>
</div> <!-- end of Container --> 
</body>
</html>
