<!DOCTYPE html PUBLIC "-//W3C//DTD XHTML 1.1//EN"
        "http://www.w3.org/TR/xhtml11/DTD/xhtml11.dtd">
<html>
<head>
	<title>The Public Papers of Margaret Sanger: Web Edition</title> 
	<meta http-equiv="content-type" content="text/html charset=ISO-8859-1" />
	<link href="../documents/styles.css" rel="stylesheet" type="text/css" />
<script type="text/javascript" src="../documents/global.js"></script> 
</head>
<body onload="MM_preloadImages('../images/header_r2_c1_f2.gif','../images/header_r2_c2_f2.gif','../images/header_r2_c3_f2.gif','../images/header_r2_c4_f2.gif','../images/header_r2_c5_f2.gif');">
<div id="container" style="width: 626px; margin: 0px auto;"> 
<p style="margin-top: 0px; margin-bottom: 0px;">
	<img id="header_r1_c1" src="../images/header_r1_c1.gif" width="625" height="95" alt="" /><img src="../images/spacer.gif" width="1" height="95" alt="" /> 
</p>
<p style="margin-top: 0px; /*\*/margin-top: -3px;/**/">
	<a href="project.php" onmouseout="MM_swapImgRestore();" onmouseover="MM_swapImage('header_r2_c1','','../images/header_r2_c1_f2.gif',1);"><img id="header_r2_c1" src="../images/header_r2_c1.gif" width="104" height="20" alt="" /></a><a href="edition.php" onmouseout="MM_swapImgRestore();" onmouseover="MM_swapImage('header_r2_c2','','../images/header_r2_c2_f2.gif',1);"><img id="header_r2_c2" src="../images/header_r2_c2.gif" width="104" height="20" alt="" /></a><a href="search.php" onmouseout="MM_swapImgRestore();" onmouseover="MM_swapImage('header_r2_c3','','../images/header_r2_c3_f2.gif',1);"><img id="header_r2_c3" src="../images/header_r2_c3.gif" width="104" height="20" alt="" /></a><a href="http://www.nyu.edu/projects/sanger/" onmouseout="MM_swapImgRestore();" onmouseover="MM_swapImage('header_r2_c4','','../images/header_r2_c4_f2.gif',1);"><img id="header_r2_c4" src="../images/header_r2_c4.gif" width="104" height="20" alt="" /></a><a href="contact.php" onmouseout="MM_swapImgRestore();" onmouseover="MM_swapImage('header_r2_c5','','../images/header_r2_c5_f2.gif',1);"><img id="header_r2_c5" src="../images/header_r2_c5.gif" width="104" height="20" alt="" /></a><img id="header_r2_c6" src="../images/header_r2_c6.jpg" width="105" height="20" alt="" /><img src="../images/spacer.gif" width="1" height="20" alt="" /> 
</p>
<div class="outBox">
<div class="docBox">

<p class="title_heading">Margaret Sanger, ""The Woman Rebel" and The Fight for Birth Control," 
            
        [<em>Apr 1916</em>]
    
        .
		</p><p>Published article. Source: 
             Records of the Joint Legislative Committee to Investigate Seditious Activities,
                New York State Archives
            
	, <span class="italics">Margaret Sanger Microfilm</span>, C16:1035
        .
		</p><p class="headnote"></p><hr>
    
    
    
        <h1>"The Woman Rebel" and The Fight for Birth Control</h1>
        <p>During fourteen years experience as a trained nurse, I found that a great percentage of
            women's diseases were due to ignorance of the means to prevent conception. I found that
            quackery was thriving on this ignorance, and that thousands of abortions were being
            performed each year-- principally upon the women of the working class. Since the laws
            deter reliable and expert surgeons from performing abortions, working women have always
            been thrown into the hands of the incompetent, with fatal results. The deaths from
            abortions mount very high.</p>
        <p>I found that physicians and nurses were dealing with these symptoms rather than their
            causes, and I decided to help remove the chief cause by imparting knowledge to prevent
            conception, in defiance of existing laws and their extreme penalty. I sent out a call to
            the proletarian women of America to assist me in this
            work, and their answers came by the thousands. I started The Woman
                Rebel early in 1914. The first issue of the magazine was suppressed. Seven
            issues out of nine were suppressed, and although sent out as first-class mail, the
            editions were confiscated. The newspapers--even the most radical-- declined to give this
            official tyranny any publicity.</p>
        <p>In August, 1914, a Federal Grand Jury returned three indictments against me, based on
            articles in the March, May and July issues of The Woman
                Rebel. The articles branded as "obscene" merely discussed the question and
            contained no information how to prevent conception. But the authorities were anxious to
            forestall the distribution of this knowledge and knew that this could only be done by
            imprisoning me. I decided to avoid the imprisonment, at least until I had given out the
            information. One hundred thousand copies of a pamphlet, Family
                Limitation, were prepared and distributed, and I sailed for
                England.</p>
        <p>I studied the question in England, Holland,
                France and Spain, and prepared three other pamphlets:
                English Methods of Birth Control, Dutch Methods of Birth Control, and Magnetation Methods
                of Birth Control.</p>
        <p>After these had been mailed to the United States, I returned to take up the fight with
            the authorities. The latter had, in the meantime, set a Comstock trap for William Sanger
            and railroaded him to jail for 30 days. Nevertheless they postponed my case time and
            again, although I was anxious to face the issue and get the decision of a jury. They
            noted the widespread agitation in favor of birth control. They saw that interest had
            been thoroughly aroused. Never had there been an issue that had so aroused the entire
            country. Letters at the rate of 40 to 50 a day poured in upon the authorities and
            educated them.</p>
        <p>Finally, it was decided by Federal Judge Dayton,
            United States District Attorney Marshall and
            Assistant United States District Attorney Content to acquit me, instead of allowing a jury to do it. This decision
            is fully as important a precedent for future work as the decision of a jury would have
            been. </p>
        <p>Hundreds of requests have been made to me to revive The Woman
                Rebel; but I feel that it has already accomplished its purpose--to arouse
            interest. Now more constructive work is needed, in meeting the people directly and
            interesting them in establishing free clinics in those sections where women are
            overburdened with large families.</p>
        <h3>MARGARET SANGER, 163 Lexington Avenue,
                New York, N.Y.</h3>
    
<hr><p>
		 	Subject Terms:
		</p><ul>
<li>
<a href="search.php?subject=birth%20control">birth control</a><a href="search.php?subject=birth%20control&amp;subject2=lack%20of%20knowledge%20of">, lack of knowledge of</a><a href="search.php?subject=birth%20control&amp;subject2=lack%20of%20knowledge%20of&amp;subject3="></a><a href="search.php?subject=birth%20control&amp;subject2=lack%20of%20knowledge%20of&amp;subject3=&amp;subject4="></a>
</li>
<li>
<a href="search.php?subject=birth%20control">birth control</a><a href="search.php?subject=birth%20control&amp;subject2=laws%20and%20legislation">, laws and legislation</a><a href="search.php?subject=birth%20control&amp;subject2=laws%20and%20legislation&amp;subject3=Comstock%20Act">, Comstock Act</a><a href="search.php?subject=birth%20control&amp;subject2=laws%20and%20legislation&amp;subject3=Comstock%20Act&amp;subject4="></a>
</li>
<li>
<a href="search.php?subject=obscenity">obscenity</a><a href="search.php?subject=obscenity&amp;subject2="></a><a href="search.php?subject=obscenity&amp;subject2=&amp;subject3="></a><a href="search.php?subject=obscenity&amp;subject2=&amp;subject3=&amp;subject4="></a>
</li>
<li>
<a href="search.php?subject=Sanger,%20Margaret">Sanger, Margaret</a><a href="search.php?subject=Sanger,%20Margaret&amp;subject2=arrests">, arrests</a><a href="search.php?subject=Sanger,%20Margaret&amp;subject2=arrests&amp;subject3="></a><a href="search.php?subject=Sanger,%20Margaret&amp;subject2=arrests&amp;subject3=&amp;subject4="></a>
</li>
<li>
<a href="search.php?subject=Sanger,%20William">Sanger, William</a><a href="search.php?subject=Sanger,%20William&amp;subject2=arrest,%20trial%20and%20imprisonment">, arrest, trial and imprisonment</a><a href="search.php?subject=Sanger,%20William&amp;subject2=arrest,%20trial%20and%20imprisonment&amp;subject3="></a><a href="search.php?subject=Sanger,%20William&amp;subject2=arrest,%20trial%20and%20imprisonment&amp;subject3=&amp;subject4="></a>
</li>
<li>
<a href="search.php?subject=Woman%20Rebel">Woman Rebel</a><a href="search.php?subject=Woman%20Rebel&amp;subject2=birth%20control%20and">, birth control and</a><a href="search.php?subject=Woman%20Rebel&amp;subject2=birth%20control%20and&amp;subject3="></a><a href="search.php?subject=Woman%20Rebel&amp;subject2=birth%20control%20and&amp;subject3=&amp;subject4="></a>
</li>
<li>
<a href="search.php?subject=Woman%20Rebel">Woman Rebel</a><a href="search.php?subject=Woman%20Rebel&amp;subject2=legal%20case">, legal case</a><a href="search.php?subject=Woman%20Rebel&amp;subject2=legal%20case&amp;subject3="></a><a href="search.php?subject=Woman%20Rebel&amp;subject2=legal%20case&amp;subject3=&amp;subject4="></a>
</li>
<li>
<a href="search.php?subject=Woman%20Rebel">Woman Rebel</a><a href="search.php?subject=Woman%20Rebel&amp;subject2=suppression%20of%20">, suppression of </a><a href="search.php?subject=Woman%20Rebel&amp;subject2=suppression%20of%20&amp;subject3="></a><a href="search.php?subject=Woman%20Rebel&amp;subject2=suppression%20of%20&amp;subject3=&amp;subject4="></a>
</li>
<li>
<a href="search.php?subject=working%20classes%20">working classes </a><a href="search.php?subject=working%20classes%20&amp;subject2=women%20and%20girls">, women and girls</a><a href="search.php?subject=working%20classes%20&amp;subject2=women%20and%20girls&amp;subject3="></a><a href="search.php?subject=working%20classes%20&amp;subject2=women%20and%20girls&amp;subject3=&amp;subject4="></a>
</li>
</ul><p>
		 Copyright 2003. Margaret Sanger Project
        </p>
  </div>
</div>
	<div><br /></div>

	<p style="margin-top: 0px; margin-bottom: 0px;">
		<a href="http://www.nyu.edu/projects/sanger/aboutms/" onmouseout="MM_swapImgRestore();" onmouseover="MM_swapImage('sanger_foot_r1_c1','','../images/sanger_foot_r1_c1_f2.gif',1);"><img id="sanger_foot_r1_c1" src="../images/sanger_foot_r1_c1.gif" width="104" height="20" alt="" /></a><a href="http://www.nyu.edu/projects/sanger/documents/electroniced.php" onmouseout="MM_swapImgRestore();" onmouseover="MM_swapImage('sanger_foot_r1_c2','','../images/sanger_foot_r1_c2_f2.gif',1);"><img id="sanger_foot_r1_c2" src="../images/sanger_foot_r1_c2.gif" width="104" height="20" alt="" /></a><a href="search.php" onmouseout="MM_swapImgRestore();" onmouseover="MM_swapImage('sanger_foot_r1_c3','','../images/sanger_foot_r1_c3_f2.gif',1);"><img id="sanger_foot_r1_c3" src="../images/sanger_foot_r1_c3.gif" width="104" height="20" alt="" /></a><a href="http://www.nyu.edu/projects/sanger/" onmouseout="MM_swapImgRestore();" onmouseover="MM_swapImage('sanger_foot_r1_c4','','../images/sanger_foot_r1_c4_f2.gif',1);"><img id="sanger_foot_r1_c4" src="../images/sanger_foot_r1_c4.gif" width="104" height="20" alt="" /></a><a href="http://www.nyu.edu/projects/sanger/contactus/" onmouseout="MM_swapImgRestore();" onmouseover="MM_swapImage('sanger_foot_r1_c5','','../images/sanger_foot_r1_c5_f2.gif',1);"><img id="sanger_foot_r1_c5" src="../images/sanger_foot_r1_c5.gif" width="104" height="20" alt="" /></a><img id="sanger_foot_r1_c6" src="../images/sanger_foot_r1_c6.jpg" width="105" height="20" alt="" />
	</p>
	<p style="margin-bottom: 0px; margin-top: -1px; /*\*/margin-top: -4px;/**/">
		<img src="../images/spacer.gif" width="545" height="1" alt="" /><a href="http://validator.w3.org/check/referer"><img src="../images/xhtml11.gif" alt="valid" /></a>
	</p>
</div> <!-- end of Container --> 
</body>
</html>
