<!DOCTYPE html PUBLIC "-//W3C//DTD XHTML 1.1//EN"
        "http://www.w3.org/TR/xhtml11/DTD/xhtml11.dtd">
<html>
<head>
	<title>The Public Papers of Margaret Sanger: Web Edition</title> 
	<meta http-equiv="content-type" content="text/html charset=ISO-8859-1" />
	<link href="../documents/styles.css" rel="stylesheet" type="text/css" />
<script type="text/javascript" src="../documents/global.js"></script> 
</head>
<body onload="MM_preloadImages('../images/header_r2_c1_f2.gif','../images/header_r2_c2_f2.gif','../images/header_r2_c3_f2.gif','../images/header_r2_c4_f2.gif','../images/header_r2_c5_f2.gif');">
<div id="container" style="width: 626px; margin: 0px auto;"> 
<p style="margin-top: 0px; margin-bottom: 0px;">
	<img id="header_r1_c1" src="../images/header_r1_c1.gif" width="625" height="95" alt="" /><img src="../images/spacer.gif" width="1" height="95" alt="" /> 
</p>
<p style="margin-top: 0px; /*\*/margin-top: -3px;/**/">
	<a href="project.php" onmouseout="MM_swapImgRestore();" onmouseover="MM_swapImage('header_r2_c1','','../images/header_r2_c1_f2.gif',1);"><img id="header_r2_c1" src="../images/header_r2_c1.gif" width="104" height="20" alt="" /></a><a href="edition.php" onmouseout="MM_swapImgRestore();" onmouseover="MM_swapImage('header_r2_c2','','../images/header_r2_c2_f2.gif',1);"><img id="header_r2_c2" src="../images/header_r2_c2.gif" width="104" height="20" alt="" /></a><a href="search.php" onmouseout="MM_swapImgRestore();" onmouseover="MM_swapImage('header_r2_c3','','../images/header_r2_c3_f2.gif',1);"><img id="header_r2_c3" src="../images/header_r2_c3.gif" width="104" height="20" alt="" /></a><a href="http://www.nyu.edu/projects/sanger/" onmouseout="MM_swapImgRestore();" onmouseover="MM_swapImage('header_r2_c4','','../images/header_r2_c4_f2.gif',1);"><img id="header_r2_c4" src="../images/header_r2_c4.gif" width="104" height="20" alt="" /></a><a href="contact.php" onmouseout="MM_swapImgRestore();" onmouseover="MM_swapImage('header_r2_c5','','../images/header_r2_c5_f2.gif',1);"><img id="header_r2_c5" src="../images/header_r2_c5.gif" width="104" height="20" alt="" /></a><img id="header_r2_c6" src="../images/header_r2_c6.jpg" width="105" height="20" alt="" /><img src="../images/spacer.gif" width="1" height="20" alt="" /> 
</p>
<div class="outBox">
<div class="docBox">

<p class="title_heading">Margaret Sanger, "
        [<em>England's Birth Control Movement</em>]
    ," n.d..
		</p><p>Autograph Draft Article. Source: 
            Margaret Sanger Papers, Sophia Smith Collection
            
	, <span class="italics">Margaret Sanger Microfilm</span> S73L0074
        .
		</p><p class="headnote">No further information has been found for this drafted article.</p><hr>
    
    
    
        <p>England--the home of the B.C. movement has during the past ten years shown
            tremendous advance.</p>
        <p>From the time of the Besant &amp; Bradlaugh in 1878 the theories of Malthus were advocated by a small intelligent
            fearless group of idealists who labored through the years to educate -- not the
            masses -- but the educators. This process has certainly been successful as is seen by the
            differential birth rate of not only England but of <span class="del">nearly all English speaking
                    France</span> Western Europe as well.</p>
        <p>The work now is to <span class="del">spread</span>
            
       &#8593;direct&#8595;
     the information to that class of the population called 3-C class for
            health as well as Economic <span class="del">needs</span> reasons.</p>
        <p>While there are 22 clinics operating in England under private auspices, this is not
            sufficient to cover the huge population &amp; especially to reach these mothers whose
            physical condition or that of their childrens show the necessity of controlling the size
            of the family. There are in England hundreds of centers known as Maternity &amp; Infant
            Welfare which are partly or wholly supported by grants from the government. The Movement
            is now directed toward getting governmental approval of alluring the Doctors in charge
            of these centers to advise &amp; instruct the mothers who ask for such instruction. This
            is the only way the quality of the population can be raised by directing the knowledge
            of B.C. to those whose physical &amp; Economic conditions <span class="del">demand it</span> would be
            benefitted by it.</p>
        <p>The House of Lords
            <span class="del">voted</span>
            
       &#8593;through&#8595;
     Lord Buckmaster passed a
            resolution, in favor of this act. This lead a most profound influx on British public
            opinion . The Commons turned it down, but it will be
            brought up again at an early date. </p>
        <p>The birth rate of England is the lowest in Europe, its death rate is also correspondingly
            low. 16 . . France 18.</p>
        <p>With Australia &amp; Canada refusing her slum populations,
            but desiring her better quality citizens--England has set her face to improve her
            quality--I believe she will be the first government in the world to sanction openly
            &amp; fearlessly the practice of birth control. Instead of looking to the future--she
            mourns on the past. France--who sees that within the last 50 years.
                Germany has increased her population 28 million. Italy
            16 millions while she has 2 millions.--70,000 Poles 1926 to France. </p>
    
<hr><p>
		 	Subject Terms:
		</p><ul>
<li>
<a href="search.php?subject=birth%20control">birth control</a><a href="search.php?subject=birth%20control&amp;subject2=distribution%20of%20information%20about">, distribution of information about</a><a href="search.php?subject=birth%20control&amp;subject2=distribution%20of%20information%20about&amp;subject3="></a><a href="search.php?subject=birth%20control&amp;subject2=distribution%20of%20information%20about&amp;subject3=&amp;subject4="></a>
</li>
<li>
<a href="search.php?subject=birth%20control">birth control</a><a href="search.php?subject=birth%20control&amp;subject2=movement">, movement</a><a href="search.php?subject=birth%20control&amp;subject2=movement&amp;subject3="></a><a href="search.php?subject=birth%20control&amp;subject2=movement&amp;subject3=&amp;subject4="></a>
</li>
<li>
<a href="search.php?subject=birth%20control">birth control</a><a href="search.php?subject=birth%20control&amp;subject2=movement">, movement</a><a href="search.php?subject=birth%20control&amp;subject2=movement&amp;subject3=history%20of">, history of</a><a href="search.php?subject=birth%20control&amp;subject2=movement&amp;subject3=history%20of&amp;subject4="></a>
</li>
<li>
<a href="search.php?subject=birth%20control">birth control</a><a href="search.php?subject=birth%20control&amp;subject2=movement">, movement</a><a href="search.php?subject=birth%20control&amp;subject2=movement&amp;subject3=international">, international</a><a href="search.php?subject=birth%20control&amp;subject2=movement&amp;subject3=international&amp;subject4="></a>
</li>
<li>
<a href="search.php?subject=birth%20rate">birth rate</a><a href="search.php?subject=birth%20rate&amp;subject2=efforts%20to%20reduce">, efforts to reduce</a><a href="search.php?subject=birth%20rate&amp;subject2=efforts%20to%20reduce&amp;subject3="></a><a href="search.php?subject=birth%20rate&amp;subject2=efforts%20to%20reduce&amp;subject3=&amp;subject4="></a>
</li>
<li>
<a href="search.php?subject=England">England</a><a href="search.php?subject=England&amp;subject2=birth%20control%20clinics%20and%20leagues%20in">, birth control clinics and leagues in</a><a href="search.php?subject=England&amp;subject2=birth%20control%20clinics%20and%20leagues%20in&amp;subject3="></a><a href="search.php?subject=England&amp;subject2=birth%20control%20clinics%20and%20leagues%20in&amp;subject3=&amp;subject4="></a>
</li>
<li>
<a href="search.php?subject=England">England</a><a href="search.php?subject=England&amp;subject2=birth%20control%20in">, birth control in</a><a href="search.php?subject=England&amp;subject2=birth%20control%20in&amp;subject3="></a><a href="search.php?subject=England&amp;subject2=birth%20control%20in&amp;subject3=&amp;subject4="></a>
</li>
<li>
<a href="search.php?subject=England">England</a><a href="search.php?subject=England&amp;subject2=birth%20rate%20in">, birth rate in</a><a href="search.php?subject=England&amp;subject2=birth%20rate%20in&amp;subject3="></a><a href="search.php?subject=England&amp;subject2=birth%20rate%20in&amp;subject3=&amp;subject4="></a>
</li>
</ul><p>
		 Copyright 2003. Margaret Sanger Project
        </p>
  </div>
</div>
	<div><br /></div>

	<p style="margin-top: 0px; margin-bottom: 0px;">
		<a href="http://www.nyu.edu/projects/sanger/aboutms/" onmouseout="MM_swapImgRestore();" onmouseover="MM_swapImage('sanger_foot_r1_c1','','../images/sanger_foot_r1_c1_f2.gif',1);"><img id="sanger_foot_r1_c1" src="../images/sanger_foot_r1_c1.gif" width="104" height="20" alt="" /></a><a href="http://www.nyu.edu/projects/sanger/documents/electroniced.php" onmouseout="MM_swapImgRestore();" onmouseover="MM_swapImage('sanger_foot_r1_c2','','../images/sanger_foot_r1_c2_f2.gif',1);"><img id="sanger_foot_r1_c2" src="../images/sanger_foot_r1_c2.gif" width="104" height="20" alt="" /></a><a href="search.php" onmouseout="MM_swapImgRestore();" onmouseover="MM_swapImage('sanger_foot_r1_c3','','../images/sanger_foot_r1_c3_f2.gif',1);"><img id="sanger_foot_r1_c3" src="../images/sanger_foot_r1_c3.gif" width="104" height="20" alt="" /></a><a href="http://www.nyu.edu/projects/sanger/" onmouseout="MM_swapImgRestore();" onmouseover="MM_swapImage('sanger_foot_r1_c4','','../images/sanger_foot_r1_c4_f2.gif',1);"><img id="sanger_foot_r1_c4" src="../images/sanger_foot_r1_c4.gif" width="104" height="20" alt="" /></a><a href="http://www.nyu.edu/projects/sanger/contactus/" onmouseout="MM_swapImgRestore();" onmouseover="MM_swapImage('sanger_foot_r1_c5','','../images/sanger_foot_r1_c5_f2.gif',1);"><img id="sanger_foot_r1_c5" src="../images/sanger_foot_r1_c5.gif" width="104" height="20" alt="" /></a><img id="sanger_foot_r1_c6" src="../images/sanger_foot_r1_c6.jpg" width="105" height="20" alt="" />
	</p>
	<p style="margin-bottom: 0px; margin-top: -1px; /*\*/margin-top: -4px;/**/">
		<img src="../images/spacer.gif" width="545" height="1" alt="" /><a href="http://validator.w3.org/check/referer"><img src="../images/xhtml11.gif" alt="valid" /></a>
	</p>
</div> <!-- end of Container --> 
</body>
</html>
