<!DOCTYPE html PUBLIC "-//W3C//DTD XHTML 1.1//EN"
        "http://www.w3.org/TR/xhtml11/DTD/xhtml11.dtd">
<html>
<head>
	<title>The Public Papers of Margaret Sanger: Web Edition</title> 
	<meta http-equiv="content-type" content="text/html charset=ISO-8859-1" />
	<link href="../documents/styles.css" rel="stylesheet" type="text/css" />
<script type="text/javascript" src="../documents/global.js"></script> 
</head>
<body onload="MM_preloadImages('../images/header_r2_c1_f2.gif','../images/header_r2_c2_f2.gif','../images/header_r2_c3_f2.gif','../images/header_r2_c4_f2.gif','../images/header_r2_c5_f2.gif');">
<div id="container" style="width: 626px; margin: 0px auto;"> 
<p style="margin-top: 0px; margin-bottom: 0px;">
	<img id="header_r1_c1" src="../images/header_r1_c1.gif" width="625" height="95" alt="" /><img src="../images/spacer.gif" width="1" height="95" alt="" /> 
</p>
<p style="margin-top: 0px; /*\*/margin-top: -3px;/**/">
	<a href="project.php" onmouseout="MM_swapImgRestore();" onmouseover="MM_swapImage('header_r2_c1','','../images/header_r2_c1_f2.gif',1);"><img id="header_r2_c1" src="../images/header_r2_c1.gif" width="104" height="20" alt="" /></a><a href="edition.php" onmouseout="MM_swapImgRestore();" onmouseover="MM_swapImage('header_r2_c2','','../images/header_r2_c2_f2.gif',1);"><img id="header_r2_c2" src="../images/header_r2_c2.gif" width="104" height="20" alt="" /></a><a href="search.php" onmouseout="MM_swapImgRestore();" onmouseover="MM_swapImage('header_r2_c3','','../images/header_r2_c3_f2.gif',1);"><img id="header_r2_c3" src="../images/header_r2_c3.gif" width="104" height="20" alt="" /></a><a href="http://www.nyu.edu/projects/sanger/" onmouseout="MM_swapImgRestore();" onmouseover="MM_swapImage('header_r2_c4','','../images/header_r2_c4_f2.gif',1);"><img id="header_r2_c4" src="../images/header_r2_c4.gif" width="104" height="20" alt="" /></a><a href="contact.php" onmouseout="MM_swapImgRestore();" onmouseover="MM_swapImage('header_r2_c5','','../images/header_r2_c5_f2.gif',1);"><img id="header_r2_c5" src="../images/header_r2_c5.gif" width="104" height="20" alt="" /></a><img id="header_r2_c6" src="../images/header_r2_c6.jpg" width="105" height="20" alt="" /><img src="../images/spacer.gif" width="1" height="20" alt="" /> 
</p>
<div class="outBox">
<div class="docBox">

<p class="title_heading">Margaret Sanger, "Comment at the Sixth International Neo-Malthusian and Birth Control
                Conference," 26 Mar. 1926.
		</p><p>Typed Speech. Source: 
            Margaret Sanger Papers, Library of Congress
            
	, Library of Congress Microfilm 122:148-149
        .
		</p><p class="headnote">Sanger made the following remarks during the on the "Differential Birth Rate" at the Sixth
                International Neo-Malthusian and Birth Control Conference in New York City. Papers read at that session include:
                Francis B. Sumner's
            "Is Volunary Control of the Human Population an Idle
                Dream?", Walter Wilcox,
            "Decreasing the birth Rate in the United States", Ellsworth Huntington, "The Effect of Overpopulation on Chinese Character", Malcolm Bissell,"Some Neglected
                Aspects of the Population Problem", J.O.P.
                Bland,
            "Race Suicide Fallacy", and Binnie
                Dunlop, "Small Families and Willing Work".
            For the text of these papers, see LCM 122:105.</p><hr>
    
    
    
        <p>CHAIRMAN PEARL: If there is no
                further discussion, I would like to ask Mrs.
                    Sanger to say a few words. (Applause) </p>
        <p>MRS. SANGER: I would just like to make a point on Prof. Sumner's paper. He spoke of the
            Catholics. I want to say that our information from our Clinical Research Department shows that as far
            as the desire to have information to restrict or control the family runs at 33 per cent
            of the people who come to us are Protestants and 32 per cent Catholics, 31 per cent
            Jewish. So it seems to me that there is not quite the fear of alarm; that these women
            have just the same desires, the same economic standards that they want to uphold in the
            Catholic families as Jewish and Protestant.</p>
        <p>I think as we have our facts there that it will dissolve any theory that the Catholics
            are going to out-number the others, if they so desire and will restrict their families
            in the face of opposition and in face of the laws that are here. It seems to me when we
            get to them the freedom we are trying to get, especially the restrictions out of the
            way, there will be absolutely no reason why they should not go along even better than
            they are.</p>
        <p>There was also a point raised about the Federal and State Laws. I want to point out that
            the reason the American Birth Control League has not gone in for Federal
            Legislation is because of our experience and our knowledge of the facts. The question of
            practical contraception still is in the almost experimental state and we believe we can
            get far better results if we confine our work to state restrictions, or rather state
            legislatures, where we will have the benefit of the doctor or the members of the medical
            profession in personal contact in giving personal advice to the individual. We believe
            that the medical profession should give the proper information, and that the average
            physician would not use the mails to prescribe to a patient. We believe that that
            personal contact and personal instruction is going to give us far better results than
            the best kind of a book that could be written.</p>
        <p>We know both sides. We know pamphlets have been written. There was one out some years
            ago. I have never felt, even with thousands of them, that they were going to be as
            effective as the individual instruction to the woman herself. The more we get on with
            this work in our Research Department, we are positive that is the right attitude.</p>
        <p>Many of these women we are trying to reach cannot read at all. We know to follow even the
            plainest sort of instructions that it would be difficult for her. She comes to us and
            she is tired, and she is weary, and she can&#8217;t understand what she reads, and we can
            instruct her and examine her, as our physician does, and teach her. It only takes a few
            minutes for her to learn what to do, while a whole book could be written and she would
            not know what to do. We contend we are going to get better results by having personal
            instruction.</p>
        <p>There is no question but what the Federal Law needs to be changed. We certainly come up
            against it when we want scientific information. Still, I think the laws we want changed
            in the Federal way need to go along consistently with the policy of the American Birth
            Control League. We think they should be changed at the present for the medical
            profession.</p>
        <p>On the other hand people say, &#8220;What are you bothering about the medical profession for
            when they don&#8217;t stand for you?&#8221; The principle is the same and we are going to fight for
            it. We say we are going to make the public clamor at the doors of the medical profession
            until they take up this work and do it for us. (Applause)</p>
    
<hr><p>
		 	Subject Terms:
		</p><ul>
<li>
<a href="search.php?subject=American%20Birth%20Control%20League">American Birth Control League</a><a href="search.php?subject=American%20Birth%20Control%20League&amp;subject2="></a><a href="search.php?subject=American%20Birth%20Control%20League&amp;subject2=&amp;subject3="></a><a href="search.php?subject=American%20Birth%20Control%20League&amp;subject2=&amp;subject3=&amp;subject4="></a>
</li>
<li>
<a href="search.php?subject=birth%20control">birth control</a><a href="search.php?subject=birth%20control&amp;subject2=access%20to">, access to</a><a href="search.php?subject=birth%20control&amp;subject2=access%20to&amp;subject3="></a><a href="search.php?subject=birth%20control&amp;subject2=access%20to&amp;subject3=&amp;subject4="></a>
</li>
<li>
<a href="search.php?subject=birth%20control">birth control</a><a href="search.php?subject=birth%20control&amp;subject2=lack%20of%20knowledge%20of">, lack of knowledge of</a><a href="search.php?subject=birth%20control&amp;subject2=lack%20of%20knowledge%20of&amp;subject3="></a><a href="search.php?subject=birth%20control&amp;subject2=lack%20of%20knowledge%20of&amp;subject3=&amp;subject4="></a>
</li>
<li>
<a href="search.php?subject=birth%20control">birth control</a><a href="search.php?subject=birth%20control&amp;subject2=laws%20and%20legislation">, laws and legislation</a><a href="search.php?subject=birth%20control&amp;subject2=laws%20and%20legislation&amp;subject3=doctor's%20only%20laws">, doctor's only laws</a><a href="search.php?subject=birth%20control&amp;subject2=laws%20and%20legislation&amp;subject3=doctor's%20only%20laws&amp;subject4="></a>
</li>
<li>
<a href="search.php?subject=birth%20control">birth control</a><a href="search.php?subject=birth%20control&amp;subject2=laws%20and%20legislation">, laws and legislation</a><a href="search.php?subject=birth%20control&amp;subject2=laws%20and%20legislation&amp;subject3=Federal">, Federal</a><a href="search.php?subject=birth%20control&amp;subject2=laws%20and%20legislation&amp;subject3=Federal&amp;subject4="></a>
</li>
<li>
<a href="search.php?subject=birth%20control">birth control</a><a href="search.php?subject=birth%20control&amp;subject2=laws%20and%20legislation">, laws and legislation</a><a href="search.php?subject=birth%20control&amp;subject2=laws%20and%20legislation&amp;subject3=State">, State</a><a href="search.php?subject=birth%20control&amp;subject2=laws%20and%20legislation&amp;subject3=State&amp;subject4="></a>
</li>
<li>
<a href="search.php?subject=birth%20control">birth control</a><a href="search.php?subject=birth%20control&amp;subject2=medical%20community%20and">, medical community and</a><a href="search.php?subject=birth%20control&amp;subject2=medical%20community%20and&amp;subject3="></a><a href="search.php?subject=birth%20control&amp;subject2=medical%20community%20and&amp;subject3=&amp;subject4="></a>
</li>
<li>
<a href="search.php?subject=birth%20control">birth control</a><a href="search.php?subject=birth%20control&amp;subject2=religion%20and">, religion and</a><a href="search.php?subject=birth%20control&amp;subject2=religion%20and&amp;subject3="></a><a href="search.php?subject=birth%20control&amp;subject2=religion%20and&amp;subject3=&amp;subject4="></a>
</li>
<li>
<a href="search.php?subject=Birth%20Control%20Clinical%20Research%20Bureau">Birth Control Clinical Research Bureau</a><a href="search.php?subject=Birth%20Control%20Clinical%20Research%20Bureau&amp;subject2="></a><a href="search.php?subject=Birth%20Control%20Clinical%20Research%20Bureau&amp;subject2=&amp;subject3="></a><a href="search.php?subject=Birth%20Control%20Clinical%20Research%20Bureau&amp;subject2=&amp;subject3=&amp;subject4="></a>
</li>
<li>
<a href="search.php?subject=Catholic%20Church">Catholic Church</a><a href="search.php?subject=Catholic%20Church&amp;subject2=birth%20control%20and">, birth control and</a><a href="search.php?subject=Catholic%20Church&amp;subject2=birth%20control%20and&amp;subject3="></a><a href="search.php?subject=Catholic%20Church&amp;subject2=birth%20control%20and&amp;subject3=&amp;subject4="></a>
</li>
<li>
<a href="search.php?subject=conferences">conferences</a><a href="search.php?subject=conferences&amp;subject2=International%20Neo-Malthusian%20and%20birth%20Control%20Conference">, International Neo-Malthusian and birth Control Conference</a><a href="search.php?subject=conferences&amp;subject2=International%20Neo-Malthusian%20and%20birth%20Control%20Conference&amp;subject3=1925%20(6th)">, 1925 (6th)</a><a href="search.php?subject=conferences&amp;subject2=International%20Neo-Malthusian%20and%20birth%20Control%20Conference&amp;subject3=1925%20(6th)&amp;subject4="></a>
</li>
<li>
<a href="search.php?subject=working%20classes">working classes</a><a href="search.php?subject=working%20classes&amp;subject2=birth%20control%20and">, birth control and</a><a href="search.php?subject=working%20classes&amp;subject2=birth%20control%20and&amp;subject3="></a><a href="search.php?subject=working%20classes&amp;subject2=birth%20control%20and&amp;subject3=&amp;subject4="></a>
</li>
</ul><p>
		 Copyright 2003. Margaret Sanger Project
        </p>
  </div>
</div>
	<div><br /></div>

	<p style="margin-top: 0px; margin-bottom: 0px;">
		<a href="http://www.nyu.edu/projects/sanger/aboutms/" onmouseout="MM_swapImgRestore();" onmouseover="MM_swapImage('sanger_foot_r1_c1','','../images/sanger_foot_r1_c1_f2.gif',1);"><img id="sanger_foot_r1_c1" src="../images/sanger_foot_r1_c1.gif" width="104" height="20" alt="" /></a><a href="http://www.nyu.edu/projects/sanger/documents/electroniced.php" onmouseout="MM_swapImgRestore();" onmouseover="MM_swapImage('sanger_foot_r1_c2','','../images/sanger_foot_r1_c2_f2.gif',1);"><img id="sanger_foot_r1_c2" src="../images/sanger_foot_r1_c2.gif" width="104" height="20" alt="" /></a><a href="search.php" onmouseout="MM_swapImgRestore();" onmouseover="MM_swapImage('sanger_foot_r1_c3','','../images/sanger_foot_r1_c3_f2.gif',1);"><img id="sanger_foot_r1_c3" src="../images/sanger_foot_r1_c3.gif" width="104" height="20" alt="" /></a><a href="http://www.nyu.edu/projects/sanger/" onmouseout="MM_swapImgRestore();" onmouseover="MM_swapImage('sanger_foot_r1_c4','','../images/sanger_foot_r1_c4_f2.gif',1);"><img id="sanger_foot_r1_c4" src="../images/sanger_foot_r1_c4.gif" width="104" height="20" alt="" /></a><a href="http://www.nyu.edu/projects/sanger/contactus/" onmouseout="MM_swapImgRestore();" onmouseover="MM_swapImage('sanger_foot_r1_c5','','../images/sanger_foot_r1_c5_f2.gif',1);"><img id="sanger_foot_r1_c5" src="../images/sanger_foot_r1_c5.gif" width="104" height="20" alt="" /></a><img id="sanger_foot_r1_c6" src="../images/sanger_foot_r1_c6.jpg" width="105" height="20" alt="" />
	</p>
	<p style="margin-bottom: 0px; margin-top: -1px; /*\*/margin-top: -4px;/**/">
		<img src="../images/spacer.gif" width="545" height="1" alt="" /><a href="http://validator.w3.org/check/referer"><img src="../images/xhtml11.gif" alt="valid" /></a>
	</p>
</div> <!-- end of Container --> 
</body>
</html>
