<!DOCTYPE html PUBLIC "-//W3C//DTD XHTML 1.1//EN"
        "http://www.w3.org/TR/xhtml11/DTD/xhtml11.dtd">
<html>
<head>
	<title>The Public Papers of Margaret Sanger: Web Edition</title> 
	<meta http-equiv="content-type" content="text/html charset=ISO-8859-1" />
	<link href="../documents/styles.css" rel="stylesheet" type="text/css" />
<script type="text/javascript" src="../documents/global.js"></script> 
</head>
<body onload="MM_preloadImages('../images/header_r2_c1_f2.gif','../images/header_r2_c2_f2.gif','../images/header_r2_c3_f2.gif','../images/header_r2_c4_f2.gif','../images/header_r2_c5_f2.gif');">
<div id="container" style="width: 626px; margin: 0px auto;"> 
<p style="margin-top: 0px; margin-bottom: 0px;">
	<img id="header_r1_c1" src="../images/header_r1_c1.gif" width="625" height="95" alt="" /><img src="../images/spacer.gif" width="1" height="95" alt="" /> 
</p>
<p style="margin-top: 0px; /*\*/margin-top: -3px;/**/">
	<a href="project.php" onmouseout="MM_swapImgRestore();" onmouseover="MM_swapImage('header_r2_c1','','../images/header_r2_c1_f2.gif',1);"><img id="header_r2_c1" src="../images/header_r2_c1.gif" width="104" height="20" alt="" /></a><a href="edition.php" onmouseout="MM_swapImgRestore();" onmouseover="MM_swapImage('header_r2_c2','','../images/header_r2_c2_f2.gif',1);"><img id="header_r2_c2" src="../images/header_r2_c2.gif" width="104" height="20" alt="" /></a><a href="search.php" onmouseout="MM_swapImgRestore();" onmouseover="MM_swapImage('header_r2_c3','','../images/header_r2_c3_f2.gif',1);"><img id="header_r2_c3" src="../images/header_r2_c3.gif" width="104" height="20" alt="" /></a><a href="http://www.nyu.edu/projects/sanger/" onmouseout="MM_swapImgRestore();" onmouseover="MM_swapImage('header_r2_c4','','../images/header_r2_c4_f2.gif',1);"><img id="header_r2_c4" src="../images/header_r2_c4.gif" width="104" height="20" alt="" /></a><a href="contact.php" onmouseout="MM_swapImgRestore();" onmouseover="MM_swapImage('header_r2_c5','','../images/header_r2_c5_f2.gif',1);"><img id="header_r2_c5" src="../images/header_r2_c5.gif" width="104" height="20" alt="" /></a><img id="header_r2_c6" src="../images/header_r2_c6.jpg" width="105" height="20" alt="" /><img src="../images/spacer.gif" width="1" height="20" alt="" /> 
</p>
<div class="outBox">
<div class="docBox">

<p class="title_heading">Margaret Sanger, "Birth Control and Religion," 04 Feb 1936.
		</p><p>Typed Speech. Source: 
            Margaret Sanger Papers, Library of Congress.
            
	, Library of Congress Microfilm, 128:0454.
        .
		</p><p class="headnote"></p><hr>
    
    
    
        <h1>BIRTH CONTROL AND RELIGION</h1>
        <p>Proponents and opponents of birth control quote scripture to support their point of view,
            and the number of quotations on each side will probably total to an equal number. A
            better way of determining where religious organizations stand on this issue is to
            consider the actual organized religious groups which have expressed an opinion on the
            subject. Outstanding among those who have placed themselves on record as supporting the
            principles of birth control are the House of
                Bishops and the House of Deputies
            of the Episcopal Church, the Committee on Marriage and the Home of the Federal Council of the Churches of Christ
                in America, the Unitarian Associations, the Universalist
                General Convention, Regional
                Conferences of the Methodist Church, a Special Committee of the Women&#8217;s
            Problems Group of Philadelphia
                Yearly Meeting of Friends, the Rabbinical Assembly of America, the
                General Council of Congregational and Christian Churches, and the
                Central Conference of American Rabbis. Add to these and many others, the
            support of special and local organizations within the general denominational divisions
            and we have a pretty complete united front of the Protestant and Jewish faiths,
            endorsing birth control as an aid to mortality and happy marriage. Lay groups affiliated
            with the church, such as Y.W.C.A.,
                Y.M.C.A., National Council
                of Jewish Women, and other women&#8217;s church organizations, bring up
            reinforcements.</p>
        <p>What is the reasoning behind this support? Birth control, it is felt, will make for
            earlier marriages and happier marriages. Many young people will marry and start a home
            if they can feel that they can postpone the arrival of children and plan their families,
            instead of leaving the matter to blind and ruthless chance. Many a marriage will be
            preserved if birth control can be used to space the arrival of babies to conserve the
            mother&#8217;s health so that she can make an adequate home life for herself, her husband, and
            her children.</p>
        <p>Reverend Russell J. Clinchy, Minister of the
                Mount Pleasant Congregational Church in Washington, summed the matter up recently in an address as follows: &#8220;There is now laid before mankind a new power which may be used in the
                creation of healthier, happier, more richly endowed generations of children; of
                homes in which children may be given an adequate birthright and the fullest portion
                of love and care; of marriage in which the spectre of unwanted pregnancies need not
                occur; of a social order which may be created without war and economic disaster
                through overpopulation. For those who believe that the knowledge of the universe is
                of God, birth control, this new power, will open the gates
                of life and usefulness, and will bring the realization of the true joy and meaning
                of human love.&#8221;</p>
    
<hr><p>
		 	Subject Terms:
		</p><ul>
<li>
<a href="search.php?subject=birth%20control">birth control</a><a href="search.php?subject=birth%20control&amp;subject2=religion%20and">, religion and</a><a href="search.php?subject=birth%20control&amp;subject2=religion%20and&amp;subject3="></a><a href="search.php?subject=birth%20control&amp;subject2=religion%20and&amp;subject3=&amp;subject4="></a>
</li>
<li>
<a href="search.php?subject=child%20spacing">child spacing</a><a href="search.php?subject=child%20spacing&amp;subject2="></a><a href="search.php?subject=child%20spacing&amp;subject2=&amp;subject3="></a><a href="search.php?subject=child%20spacing&amp;subject2=&amp;subject3=&amp;subject4="></a>
</li>
<li>
<a href="search.php?subject=family%20planning">family planning</a><a href="search.php?subject=family%20planning&amp;subject2="></a><a href="search.php?subject=family%20planning&amp;subject2=&amp;subject3="></a><a href="search.php?subject=family%20planning&amp;subject2=&amp;subject3=&amp;subject4="></a>
</li>
<li>
<a href="search.php?subject=men">men</a><a href="search.php?subject=men&amp;subject2=reproductive%20choices%20and%20decisions">, reproductive choices and decisions</a><a href="search.php?subject=men&amp;subject2=reproductive%20choices%20and%20decisions&amp;subject3="></a><a href="search.php?subject=men&amp;subject2=reproductive%20choices%20and%20decisions&amp;subject3=&amp;subject4="></a>
</li>
<li>
<a href="search.php?subject=women">women</a><a href="search.php?subject=women&amp;subject2=reproductive%20choices%20and%20decisions">, reproductive choices and decisions</a><a href="search.php?subject=women&amp;subject2=reproductive%20choices%20and%20decisions&amp;subject3="></a><a href="search.php?subject=women&amp;subject2=reproductive%20choices%20and%20decisions&amp;subject3=&amp;subject4="></a>
</li>
</ul><p>
		 Copyright 2003. Margaret Sanger Project
        </p>
  </div>
</div>
	<div><br /></div>

	<p style="margin-top: 0px; margin-bottom: 0px;">
		<a href="http://www.nyu.edu/projects/sanger/aboutms/" onmouseout="MM_swapImgRestore();" onmouseover="MM_swapImage('sanger_foot_r1_c1','','../images/sanger_foot_r1_c1_f2.gif',1);"><img id="sanger_foot_r1_c1" src="../images/sanger_foot_r1_c1.gif" width="104" height="20" alt="" /></a><a href="http://www.nyu.edu/projects/sanger/documents/electroniced.php" onmouseout="MM_swapImgRestore();" onmouseover="MM_swapImage('sanger_foot_r1_c2','','../images/sanger_foot_r1_c2_f2.gif',1);"><img id="sanger_foot_r1_c2" src="../images/sanger_foot_r1_c2.gif" width="104" height="20" alt="" /></a><a href="search.php" onmouseout="MM_swapImgRestore();" onmouseover="MM_swapImage('sanger_foot_r1_c3','','../images/sanger_foot_r1_c3_f2.gif',1);"><img id="sanger_foot_r1_c3" src="../images/sanger_foot_r1_c3.gif" width="104" height="20" alt="" /></a><a href="http://www.nyu.edu/projects/sanger/" onmouseout="MM_swapImgRestore();" onmouseover="MM_swapImage('sanger_foot_r1_c4','','../images/sanger_foot_r1_c4_f2.gif',1);"><img id="sanger_foot_r1_c4" src="../images/sanger_foot_r1_c4.gif" width="104" height="20" alt="" /></a><a href="http://www.nyu.edu/projects/sanger/contactus/" onmouseout="MM_swapImgRestore();" onmouseover="MM_swapImage('sanger_foot_r1_c5','','../images/sanger_foot_r1_c5_f2.gif',1);"><img id="sanger_foot_r1_c5" src="../images/sanger_foot_r1_c5.gif" width="104" height="20" alt="" /></a><img id="sanger_foot_r1_c6" src="../images/sanger_foot_r1_c6.jpg" width="105" height="20" alt="" />
	</p>
	<p style="margin-bottom: 0px; margin-top: -1px; /*\*/margin-top: -4px;/**/">
		<img src="../images/spacer.gif" width="545" height="1" alt="" /><a href="http://validator.w3.org/check/referer"><img src="../images/xhtml11.gif" alt="valid" /></a>
	</p>
</div> <!-- end of Container --> 
</body>
</html>
