<!DOCTYPE html PUBLIC "-//W3C//DTD XHTML 1.1//EN"
        "http://www.w3.org/TR/xhtml11/DTD/xhtml11.dtd">
<html>
<head>
	<title>The Public Papers of Margaret Sanger: Web Edition</title> 
	<meta http-equiv="content-type" content="text/html charset=ISO-8859-1" />
	<link href="../documents/styles.css" rel="stylesheet" type="text/css" />
<script type="text/javascript" src="../documents/global.js"></script> 
</head>
<body onload="MM_preloadImages('../images/header_r2_c1_f2.gif','../images/header_r2_c2_f2.gif','../images/header_r2_c3_f2.gif','../images/header_r2_c4_f2.gif','../images/header_r2_c5_f2.gif');">
<div id="container" style="width: 626px; margin: 0px auto;"> 
<p style="margin-top: 0px; margin-bottom: 0px;">
	<img id="header_r1_c1" src="../images/header_r1_c1.gif" width="625" height="95" alt="" /><img src="../images/spacer.gif" width="1" height="95" alt="" /> 
</p>
<p style="margin-top: 0px; /*\*/margin-top: -3px;/**/">
	<a href="project.php" onmouseout="MM_swapImgRestore();" onmouseover="MM_swapImage('header_r2_c1','','../images/header_r2_c1_f2.gif',1);"><img id="header_r2_c1" src="../images/header_r2_c1.gif" width="104" height="20" alt="" /></a><a href="edition.php" onmouseout="MM_swapImgRestore();" onmouseover="MM_swapImage('header_r2_c2','','../images/header_r2_c2_f2.gif',1);"><img id="header_r2_c2" src="../images/header_r2_c2.gif" width="104" height="20" alt="" /></a><a href="search.php" onmouseout="MM_swapImgRestore();" onmouseover="MM_swapImage('header_r2_c3','','../images/header_r2_c3_f2.gif',1);"><img id="header_r2_c3" src="../images/header_r2_c3.gif" width="104" height="20" alt="" /></a><a href="http://www.nyu.edu/projects/sanger/" onmouseout="MM_swapImgRestore();" onmouseover="MM_swapImage('header_r2_c4','','../images/header_r2_c4_f2.gif',1);"><img id="header_r2_c4" src="../images/header_r2_c4.gif" width="104" height="20" alt="" /></a><a href="contact.php" onmouseout="MM_swapImgRestore();" onmouseover="MM_swapImage('header_r2_c5','','../images/header_r2_c5_f2.gif',1);"><img id="header_r2_c5" src="../images/header_r2_c5.gif" width="104" height="20" alt="" /></a><img id="header_r2_c6" src="../images/header_r2_c6.jpg" width="105" height="20" alt="" /><img src="../images/spacer.gif" width="1" height="20" alt="" /> 
</p>
<div class="outBox">
<div class="docBox">

<p class="title_heading">Margaret Sanger, "Birth Control," Feb. 1932.
		</p><p>Published article. Source: 
            <a href="search.php?journal=%22Church%20and%20Society%22"><span class="italics">Church and Society</span></a> Feb. 1932 [Vol 4, No 5]: 1-2. 
            
	, <span class="italics">Margaret Sanger Microfilm</span>, LCM 128:0414.
        .
		</p><p class="headnote">For an earlier version possibly drafted by Florence Rose, see LCM 8:721.</p><hr>
    
    
    
        <h1>Birth Control</h1>
        <h3>By Margaret Sanger</h3>
        
            <h2>WHAT is Birth Control?</h2>
            <p> It is the conscious control of the birth rate by means that prevent conception.</p>
            <p>Emphasis is placed on the word <span class="italics">prevent</span>. In preventing
                conception, one does not destroy life; one does not interfere with the development
                of life; no life has been conceived to destroy. The ovum, when it is not fertilized,
                passes out of the body regularly, as it does when one remains unmarried or lives a
                continent or celibate life.</p>
            <p>Emphasis is also placed on the word <span class="italics">control</span>. In
                controlling the birth rate or the size of the family, it does not mean one must
                    <span class="italics">limit</span> births to any given number. We control our
                motors; we control the heat from the furnace; we control our time, our appetites,
                our resources, our lives. Birth Control applied to the family does not mean to limit
                the number of children to a one or two-child family system. It means to have the
                number of children consistent with and in consideration of <br>(1) The mother&#8217;s
                health <br>(2) The child&#8217;s possible heritage <br>(3) The father&#8217;s earning capacity
                <br>(4) Standards of living desirable to maintain</p>
            <p>The <span class="italics">conscious</span> control of the powers of fertility would
                awaken men and women to the responsibility of Parenthood. That <span class="italics">consciousness</span> is a growing and awakening force now developing in the
                human race is generally conceded. When consciousness is applied to the process of
                generation there will be fewer children born as the result of a reckless abandon to
                the hour; fewer children brought into the world unwanted and unloved; more children
                planned for and conceived in love; more born of the mother&#8217;s conscious desire; and
                more given the heritage of healthy bodies and sound minds.</p>
        
        
            <h2>WHY do we need Birth Control?</h2>
            <p>Because the practice is both a health and an economic necessity.</p>
        
        
            <h2>1. HEALTH</h2>
            <p>Women suffering from tuberculosis, heart disease, kidney disease and other ailments
                are known to die as the results of pregnancy. There were over 20,000 mothers who
                died last year besides the large number of mothers who are &#8220;always ailing, never
                failing.&#8221; Many of these mothers died needlessly from diseases such as those
                mentioned, and from abortions, and would have been alive today had contraceptive
                instruction been given them in time. The number of deaths due to abortions each year
                are a blot on our civilization and a disgrace to any country. I refer you to Dr.
                    F. J. Taussig&#8217;s illuminating
                treatise on this subject, &#8220;Abortion in Relation to Fetal and
                    Maternal Welfare.&#8221; This article was prepared by the Committee on
                    Prenatal and Maternal Care for the White House
                    Conference. Dr. Taussig makes the following statements in his summary:
                    <br>&#8220;The increase in the number of abortions is noticed
                    primarily among married women who have three or more children.&#8221; and <br>&#8220;The maternal death loss from abortion in the United States has been estimated as 15,000
                    annually. Deaths from puerperal sepsis following abortions are relatively seven
                    times as frequent as those from puerperal sepsis after childbirth.&#8221;</p>
            <p>While the practice of birth control is a humane expedient for <span class="italics">maternal health</span>, it is even more urgent as a means of curtailing the
                    <span class="italics">infant death rate</span>. We know that this question of
                infant mortality has three very vital factors: the first factor is the father&#8217;s
                wage. As it goes up, a larger number in the family survive, and if it goes down, a
                larger number of the children die. Second is the spacing of the number of children
                in a family. If children are born with three or four years between each birth, their
                chances are better because the mother has had an opportunity to recuperate and
                rebuild her health. The family income has been stretched out over the intervening
                period of years to meet the coming infant&#8217;s needs. Statistics from our Children&#8217;s Bureau clearly show that
                the second child has a better chance to live than the 5th and the 5th a better
                chance than the 12th certainly. Sixty per cent of all the 12th children born in this
                world are doomed to die before they reach their first birthday. Thus, about 6 out of
                every 10 children who are 12th in the family are doomed to death before they breathe
                their first breath. How much better to have a declining birth rate with a greater
                decline in the death rate&#8211;-fewer children born but more children to live to grow up
                decently and develop their God-given powers. What a waste of mother power and child
                life now goes on which might be put into the constructive forces of this world.</p>
            <p>A government which allows men and women to become parents whose records show
                insanity, feeble-mindedness, epilepsy, syphilis, pauperism, idiocy and various other
                transmissible defects, cannot be said to consider the welfare or happiness of the
                country or of the next generation. Billions are now spent on charities, both public
                and private, in the U.S.A. The normal and intelligent citizens are being taxed and
                drained and bled to keep alive an increasing horde of human beings who never should
                have been born into a civilized society.</p>
            <p>Birth Control should be practiced in early marriages, especially when the young
                people are in the adolescent period. Parenthood should be deferred until the girl is
                at least 23 and the boy at least 25 and they have had a chance to gain their own
                full development.</p>
        
        
            <h2>2. ECONOMIC NECESSITY</h2>
            <p>The father&#8217;s economic responsibilities should be given full consideration in planning
                a family and birth control comes as a blessing to help young fathers get on their
                feet financially, and keep their earning power ahead of the needs of a growing
                family.</p>
            <p>Birth Control should be practiced for a year or two years after marriage as a means
                of adjustment. Greater stress should be placed on the importance of giving marriage
                a chance to develop and grow into the ideal relation many of us believe possible.
                The young romantic bride who returns from her honeymoon in a pregnant condition
                never has a chance to develop the woman in her, and both are deprived of the
                opportunity to cement the love bond, to play, grow and expand together in mutual
                affection and love. Premature parenthood has made them skip over a period of
                development at a time and in circumstances when adjustment is essential. Two years
                to play, grow, develop together, will make for more permanent marriages, happier
                homes and larger families.</p>
            <p>There are other questions&#8211;-WHO? WHERE? and HOW?--which could be answered, and are
                given in full in the literature available on the subject.</p>
            <p>Birth Control is not a panacea for all the social and economic ills in the world but
                at least it is the most important immediate help which can be applied as a solution
                to the present problems of millions of men and women <span class="italics">here</span> and <span class="italics">now</span>. Those who are practicing birth
                control because they are fully conscious of the moral responsibility of bringing a
                child into the world are units in the building and reconstruction of the new world.
                They are laying the foundation for the unfolding of a vast experiment in race
                building never before known in the history of mankind. </p>
        

    
<hr><p>
		 	Subject Terms:
		</p><ul>
<li>
<a href="search.php?subject=birth%20control">birth control</a><a href="search.php?subject=birth%20control&amp;subject2=definitions%20of">, definitions of</a><a href="search.php?subject=birth%20control&amp;subject2=definitions%20of&amp;subject3="></a><a href="search.php?subject=birth%20control&amp;subject2=definitions%20of&amp;subject3=&amp;subject4="></a>
</li>
<li>
<a href="search.php?subject=birth%20control">birth control</a><a href="search.php?subject=birth%20control&amp;subject2=health%20benefits%20and%20risks">, health benefits and risks</a><a href="search.php?subject=birth%20control&amp;subject2=health%20benefits%20and%20risks&amp;subject3="></a><a href="search.php?subject=birth%20control&amp;subject2=health%20benefits%20and%20risks&amp;subject3=&amp;subject4="></a>
</li>
<li>
<a href="search.php?subject=birth%20control">birth control</a><a href="search.php?subject=birth%20control&amp;subject2=in%20marriages">, in marriages</a><a href="search.php?subject=birth%20control&amp;subject2=in%20marriages&amp;subject3="></a><a href="search.php?subject=birth%20control&amp;subject2=in%20marriages&amp;subject3=&amp;subject4="></a>
</li>
<li>
<a href="search.php?subject=child%20spacing">child spacing</a><a href="search.php?subject=child%20spacing&amp;subject2="></a><a href="search.php?subject=child%20spacing&amp;subject2=&amp;subject3="></a><a href="search.php?subject=child%20spacing&amp;subject2=&amp;subject3=&amp;subject4="></a>
</li>
<li>
<a href="search.php?subject=family%20size">family size</a><a href="search.php?subject=family%20size&amp;subject2=MS%20on">, MS on</a><a href="search.php?subject=family%20size&amp;subject2=MS%20on&amp;subject3="></a><a href="search.php?subject=family%20size&amp;subject2=MS%20on&amp;subject3=&amp;subject4="></a>
</li>
<li>
<a href="search.php?subject=infant%20mortality%20rate">infant mortality rate</a><a href="search.php?subject=infant%20mortality%20rate&amp;subject2="></a><a href="search.php?subject=infant%20mortality%20rate&amp;subject2=&amp;subject3="></a><a href="search.php?subject=infant%20mortality%20rate&amp;subject2=&amp;subject3=&amp;subject4="></a>
</li>
</ul><p>
		 Copyright 2003. Margaret Sanger Project
        </p>
  </div>
</div>
	<div><br /></div>

	<p style="margin-top: 0px; margin-bottom: 0px;">
		<a href="http://www.nyu.edu/projects/sanger/aboutms/" onmouseout="MM_swapImgRestore();" onmouseover="MM_swapImage('sanger_foot_r1_c1','','../images/sanger_foot_r1_c1_f2.gif',1);"><img id="sanger_foot_r1_c1" src="../images/sanger_foot_r1_c1.gif" width="104" height="20" alt="" /></a><a href="http://www.nyu.edu/projects/sanger/documents/electroniced.php" onmouseout="MM_swapImgRestore();" onmouseover="MM_swapImage('sanger_foot_r1_c2','','../images/sanger_foot_r1_c2_f2.gif',1);"><img id="sanger_foot_r1_c2" src="../images/sanger_foot_r1_c2.gif" width="104" height="20" alt="" /></a><a href="search.php" onmouseout="MM_swapImgRestore();" onmouseover="MM_swapImage('sanger_foot_r1_c3','','../images/sanger_foot_r1_c3_f2.gif',1);"><img id="sanger_foot_r1_c3" src="../images/sanger_foot_r1_c3.gif" width="104" height="20" alt="" /></a><a href="http://www.nyu.edu/projects/sanger/" onmouseout="MM_swapImgRestore();" onmouseover="MM_swapImage('sanger_foot_r1_c4','','../images/sanger_foot_r1_c4_f2.gif',1);"><img id="sanger_foot_r1_c4" src="../images/sanger_foot_r1_c4.gif" width="104" height="20" alt="" /></a><a href="http://www.nyu.edu/projects/sanger/contactus/" onmouseout="MM_swapImgRestore();" onmouseover="MM_swapImage('sanger_foot_r1_c5','','../images/sanger_foot_r1_c5_f2.gif',1);"><img id="sanger_foot_r1_c5" src="../images/sanger_foot_r1_c5.gif" width="104" height="20" alt="" /></a><img id="sanger_foot_r1_c6" src="../images/sanger_foot_r1_c6.jpg" width="105" height="20" alt="" />
	</p>
	<p style="margin-bottom: 0px; margin-top: -1px; /*\*/margin-top: -4px;/**/">
		<img src="../images/spacer.gif" width="545" height="1" alt="" /><a href="http://validator.w3.org/check/referer"><img src="../images/xhtml11.gif" alt="valid" /></a>
	</p>
</div> <!-- end of Container --> 
</body>
</html>
