<!DOCTYPE html PUBLIC "-//W3C//DTD XHTML 1.1//EN"
        "http://www.w3.org/TR/xhtml11/DTD/xhtml11.dtd">
<html>
<head>
	<title>The Public Papers of Margaret Sanger: Web Edition</title> 
	<meta http-equiv="content-type" content="text/html charset=ISO-8859-1" />
	<link href="../documents/styles.css" rel="stylesheet" type="text/css" />
<script type="text/javascript" src="../documents/global.js"></script> 
</head>
<body onload="MM_preloadImages('../images/header_r2_c1_f2.gif','../images/header_r2_c2_f2.gif','../images/header_r2_c3_f2.gif','../images/header_r2_c4_f2.gif','../images/header_r2_c5_f2.gif');">
<div id="container" style="width: 626px; margin: 0px auto;"> 
<p style="margin-top: 0px; margin-bottom: 0px;">
	<img id="header_r1_c1" src="../images/header_r1_c1.gif" width="625" height="95" alt="" /><img src="../images/spacer.gif" width="1" height="95" alt="" /> 
</p>
<p style="margin-top: 0px; /*\*/margin-top: -3px;/**/">
	<a href="project.php" onmouseout="MM_swapImgRestore();" onmouseover="MM_swapImage('header_r2_c1','','../images/header_r2_c1_f2.gif',1);"><img id="header_r2_c1" src="../images/header_r2_c1.gif" width="104" height="20" alt="" /></a><a href="edition.php" onmouseout="MM_swapImgRestore();" onmouseover="MM_swapImage('header_r2_c2','','../images/header_r2_c2_f2.gif',1);"><img id="header_r2_c2" src="../images/header_r2_c2.gif" width="104" height="20" alt="" /></a><a href="search.php" onmouseout="MM_swapImgRestore();" onmouseover="MM_swapImage('header_r2_c3','','../images/header_r2_c3_f2.gif',1);"><img id="header_r2_c3" src="../images/header_r2_c3.gif" width="104" height="20" alt="" /></a><a href="http://www.nyu.edu/projects/sanger/" onmouseout="MM_swapImgRestore();" onmouseover="MM_swapImage('header_r2_c4','','../images/header_r2_c4_f2.gif',1);"><img id="header_r2_c4" src="../images/header_r2_c4.gif" width="104" height="20" alt="" /></a><a href="contact.php" onmouseout="MM_swapImgRestore();" onmouseover="MM_swapImage('header_r2_c5','','../images/header_r2_c5_f2.gif',1);"><img id="header_r2_c5" src="../images/header_r2_c5.gif" width="104" height="20" alt="" /></a><img id="header_r2_c6" src="../images/header_r2_c6.jpg" width="105" height="20" alt="" /><img src="../images/spacer.gif" width="1" height="20" alt="" /> 
</p>
<div class="outBox">
<div class="docBox">

<p class="title_heading">Margaret Sanger, "
        [<em>Birth Control, 1946</em>]
    ," 1947.
		</p><p>Published Article. Source: 
            <a href="search.php?journal=%22Britannica%20Book%20of%20the%20Year%22"><span class="italics">Britannica Book of the Year</span></a> (1947), pp. 119-20

        .
		</p><p class="headnote">For other articles in the Britannica Book of the
                Year series, see <a href="show.php?sangerDoc=320980.xml">Birth
                    Control, 1946</a>; <a href="show.php?sangerDoc=320979.xml">Birth Control, 1947
            </a>; <a href="show.php?sangerDoc=321981.xml">Birth Control,
                1948</a>;<a href="show.php?sangerDoc=320981.xml">Birth Control,
                    1949</a>; <a href="show.php?sangerDoc=321981.xml">Birth Control, 1950
            </a>; <a href="show.php?sangerDoc=320983.xml">Birth Control,
                1951</a>; <a href="show.php?sangerDoc=320984.xml">Birth Control,
                1952</a>; <a href="show.php?sangerDoc=321984.xml">Birth Control,
                1953</a>; <a href="show.php?sangerDoc=320985.xml">Birth Control,
                    1954</a>; <a href="show.php?sangerDoc=320986.xml">Birth
                    Control, 1955</a>; <a href="show.php?sangerDoc=none.xml">Birth
                    Control, 1956</a>; <a href="show.php?sangerDoc=320987.xml">Birth Control, 1957</a>; <a href="show.php?sangerDoc=320988.xml">Birth Control, 1958</a></p><hr>
    
    
    
        <h1>Birth Control</h1>
        
            <p>The first comprehensive program on research in human reproduction was bugun during
                1948. Nine studies were started on factors governing fertility control and problems
                of infertility in as many institutions throughout the country. They were recommeded
                by the National
                    Research council's Committee on Human Reproduction to the board of the
                    National Committee on Maternal Health; funds were raised mainly by
                the Planned Parenthood Federation of America, one of the three
                collaborating organizations. The dearth of scientific work in fertility control
                resulted in numerous applications for study of fields other than conception
                control.</p>
        
        
            <h2>Population.--</h2>
            <p>The International Congress on Population and World Resources in Relation to the
                    Family, held in Cheltenham, England, was an indication of
                the rising interest among scientists and the lay public in world population
                problems. Sir John Orr, former director of the
                    World Food and
                    Agricultural organization told the congress, "If we cannot
                    solve the problem of world resources in this century, we are heading for the
                    greatest catastrophe in history. . . hungry people do not die quietly; and why
                    should they?" Representatives from more than 20 countries participated. They
                were leaders in three fields: scientific and social inquiry, biological and medical
                research, and organizational activity in the promotion of planned parenthood. A
                provisional international committee was established with headquarters in London. Its purpose was "to promote
                    research and education for the furthering of human welfare through planned
                    parenthood and progressive sex education." Members were the national Planned
                Parenthood organizations of Great
                        Britain, the Netherlands, Sweden, and the
                    United States, the only four nations where such agencies
                existed.</p>
        
        
            <h2>Magazine Poll.--</h2>
            <p>A poll of more than 3,000,000 women was conducted by the Woman's Home Companion. Three-fifths favored making birth-control
                information available to all adults, and 97% of those polled approved birth control
                measures for use by married women.</p>
        
        
            <h2>Committee on Clinic Studies.--</h2>
            <p>A demonstration to evaluate the practical efficiency of simple existing contraceptive
                methods was developed in order to broaden the use of conception control in public
                health. The need for such as study was indicated by the small percentage
                (approximately 5%) of patients attending pre- and postnatal public health clinics
                receiving conception-control information.</p>
            <p>It was found after an investigation by L. E.
                    Kling, federation medical director, of clinics in
                    Florida, Mississippi, North and South Carolina, Virginia,
                    West Virginia, Georgia and Alabama
                that staffs were too overworked to give time to fitting and instructing patients.
                Many patients did not know this service was available, since neither the public
                health nurse nor health educator mentioned or encouraged it.</p>
            <p>A committee on clinic studies was appointed by the federation's Medical
                    Executive committee. It was given the support of private physicians who
                agreed on the need to encourage practical application of planned parenthood in
                public health.</p>
        
        
            <h2>Massachusetts Birth-Control Referendum.--</h2>
            <p>A birth-control referendum on the question of allowing physicians to prescribe
                contraceptives to married women whose health or life, in the judgement of the
                physician, required it, was defeated by 200,000 votes in the 1948 Massachusetts
                election.</p>
            <p>The measure, which aimed to place contraceptive advice in the hands of the medical
                profession, was endorsed by a majority of resident members of the Massachusetts
                    Medical society and by more than 1,000 Protestant and Jewish clergymen.
                Four thousand volunteers in 300 local communities campaigned to repeal the state
                law.</p>
        
        
            <h2>Organization.--</h2>
            <p>The Planned Parenthood federation was in 1948 the national agency and clearinghouse
                for 15 state leagues and 166 local committees. The total number of birth-control
                clinics stood at 557. These services were in 242 public health clinics, 62 hospital
                clinics, 210 extramural clinics and 43 referral services. Of the 58 fertility
                clinics in the U. S. listed with the federation, 13 were under Planned Parenthood
                direction.</p>
        
        <h3>(M. Sr.)</h3>
    
<hr><p>
		 	Subject Terms:
		</p><ul>
<li>
<a href="search.php?subject=birth%20control">birth control</a><a href="search.php?subject=birth%20control&amp;subject2=clinics%20and%20leagues">, clinics and leagues</a><a href="search.php?subject=birth%20control&amp;subject2=clinics%20and%20leagues&amp;subject3=in%20US">, in US</a><a href="search.php?subject=birth%20control&amp;subject2=clinics%20and%20leagues&amp;subject3=in%20US&amp;subject4="></a>
</li>
<li>
<a href="search.php?subject=birth%20control">birth control</a><a href="search.php?subject=birth%20control&amp;subject2=international%20conferences%20on">, international conferences on</a><a href="search.php?subject=birth%20control&amp;subject2=international%20conferences%20on&amp;subject3="></a><a href="search.php?subject=birth%20control&amp;subject2=international%20conferences%20on&amp;subject3=&amp;subject4="></a>
</li>
<li>
<a href="search.php?subject=birth%20control">birth control</a><a href="search.php?subject=birth%20control&amp;subject2=laws%20and%20legislation">, laws and legislation</a><a href="search.php?subject=birth%20control&amp;subject2=laws%20and%20legislation&amp;subject3=Massachusetts">, Massachusetts</a><a href="search.php?subject=birth%20control&amp;subject2=laws%20and%20legislation&amp;subject3=Massachusetts&amp;subject4="></a>
</li>
<li>
<a href="search.php?subject=birth%20control">birth control</a><a href="search.php?subject=birth%20control&amp;subject2=methods">, methods</a><a href="search.php?subject=birth%20control&amp;subject2=methods&amp;subject3=research">, research</a><a href="search.php?subject=birth%20control&amp;subject2=methods&amp;subject3=research&amp;subject4="></a>
</li>
<li>
<a href="search.php?subject=birth%20control">birth control</a><a href="search.php?subject=birth%20control&amp;subject2=movement">, movement</a><a href="search.php?subject=birth%20control&amp;subject2=movement&amp;subject3=American">, American</a><a href="search.php?subject=birth%20control&amp;subject2=movement&amp;subject3=American&amp;subject4="></a>
</li>
<li>
<a href="search.php?subject=birth%20control">birth control</a><a href="search.php?subject=birth%20control&amp;subject2=movement">, movement</a><a href="search.php?subject=birth%20control&amp;subject2=movement&amp;subject3=international">, international</a><a href="search.php?subject=birth%20control&amp;subject2=movement&amp;subject3=international&amp;subject4="></a>
</li>
<li>
<a href="search.php?subject=birth%20control">birth control</a><a href="search.php?subject=birth%20control&amp;subject2=opposition%20to">, opposition to</a><a href="search.php?subject=birth%20control&amp;subject2=opposition%20to&amp;subject3="></a><a href="search.php?subject=birth%20control&amp;subject2=opposition%20to&amp;subject3=&amp;subject4="></a>
</li>
<li>
<a href="search.php?subject=birth%20control">birth control</a><a href="search.php?subject=birth%20control&amp;subject2=religion%20and">, religion and</a><a href="search.php?subject=birth%20control&amp;subject2=religion%20and&amp;subject3="></a><a href="search.php?subject=birth%20control&amp;subject2=religion%20and&amp;subject3=&amp;subject4="></a>
</li>
<li>
<a href="search.php?subject=physicians">physicians</a><a href="search.php?subject=physicians&amp;subject2=birth%20control%20and">, birth control and</a><a href="search.php?subject=physicians&amp;subject2=birth%20control%20and&amp;subject3="></a><a href="search.php?subject=physicians&amp;subject2=birth%20control%20and&amp;subject3=&amp;subject4="></a>
</li>
<li>
<a href="search.php?subject=Planned%20Parenthood%20Federation%20of%20America">Planned Parenthood Federation of America</a><a href="search.php?subject=Planned%20Parenthood%20Federation%20of%20America&amp;subject2="></a><a href="search.php?subject=Planned%20Parenthood%20Federation%20of%20America&amp;subject2=&amp;subject3="></a><a href="search.php?subject=Planned%20Parenthood%20Federation%20of%20America&amp;subject2=&amp;subject3=&amp;subject4="></a>
</li>
</ul><p>
		 Copyright 2003. Margaret Sanger Project
        </p>
  </div>
</div>
	<div><br /></div>

	<p style="margin-top: 0px; margin-bottom: 0px;">
		<a href="http://www.nyu.edu/projects/sanger/aboutms/" onmouseout="MM_swapImgRestore();" onmouseover="MM_swapImage('sanger_foot_r1_c1','','../images/sanger_foot_r1_c1_f2.gif',1);"><img id="sanger_foot_r1_c1" src="../images/sanger_foot_r1_c1.gif" width="104" height="20" alt="" /></a><a href="http://www.nyu.edu/projects/sanger/documents/electroniced.php" onmouseout="MM_swapImgRestore();" onmouseover="MM_swapImage('sanger_foot_r1_c2','','../images/sanger_foot_r1_c2_f2.gif',1);"><img id="sanger_foot_r1_c2" src="../images/sanger_foot_r1_c2.gif" width="104" height="20" alt="" /></a><a href="search.php" onmouseout="MM_swapImgRestore();" onmouseover="MM_swapImage('sanger_foot_r1_c3','','../images/sanger_foot_r1_c3_f2.gif',1);"><img id="sanger_foot_r1_c3" src="../images/sanger_foot_r1_c3.gif" width="104" height="20" alt="" /></a><a href="http://www.nyu.edu/projects/sanger/" onmouseout="MM_swapImgRestore();" onmouseover="MM_swapImage('sanger_foot_r1_c4','','../images/sanger_foot_r1_c4_f2.gif',1);"><img id="sanger_foot_r1_c4" src="../images/sanger_foot_r1_c4.gif" width="104" height="20" alt="" /></a><a href="http://www.nyu.edu/projects/sanger/contactus/" onmouseout="MM_swapImgRestore();" onmouseover="MM_swapImage('sanger_foot_r1_c5','','../images/sanger_foot_r1_c5_f2.gif',1);"><img id="sanger_foot_r1_c5" src="../images/sanger_foot_r1_c5.gif" width="104" height="20" alt="" /></a><img id="sanger_foot_r1_c6" src="../images/sanger_foot_r1_c6.jpg" width="105" height="20" alt="" />
	</p>
	<p style="margin-bottom: 0px; margin-top: -1px; /*\*/margin-top: -4px;/**/">
		<img src="../images/spacer.gif" width="545" height="1" alt="" /><a href="http://validator.w3.org/check/referer"><img src="../images/xhtml11.gif" alt="valid" /></a>
	</p>
</div> <!-- end of Container --> 
</body>
</html>
