<!DOCTYPE html PUBLIC "-//W3C//DTD XHTML 1.1//EN"
        "http://www.w3.org/TR/xhtml11/DTD/xhtml11.dtd">
<html>
<head>
	<title>The Public Papers of Margaret Sanger: Web Edition</title> 
	<meta http-equiv="content-type" content="text/html charset=ISO-8859-1" />
	<link href="../documents/styles.css" rel="stylesheet" type="text/css" />
<script type="text/javascript" src="../documents/global.js"></script> 
</head>
<body onload="MM_preloadImages('../images/header_r2_c1_f2.gif','../images/header_r2_c2_f2.gif','../images/header_r2_c3_f2.gif','../images/header_r2_c4_f2.gif','../images/header_r2_c5_f2.gif');">
<div id="container" style="width: 626px; margin: 0px auto;"> 
<p style="margin-top: 0px; margin-bottom: 0px;">
	<img id="header_r1_c1" src="../images/header_r1_c1.gif" width="625" height="95" alt="" /><img src="../images/spacer.gif" width="1" height="95" alt="" /> 
</p>
<p style="margin-top: 0px; /*\*/margin-top: -3px;/**/">
	<a href="project.php" onmouseout="MM_swapImgRestore();" onmouseover="MM_swapImage('header_r2_c1','','../images/header_r2_c1_f2.gif',1);"><img id="header_r2_c1" src="../images/header_r2_c1.gif" width="104" height="20" alt="" /></a><a href="edition.php" onmouseout="MM_swapImgRestore();" onmouseover="MM_swapImage('header_r2_c2','','../images/header_r2_c2_f2.gif',1);"><img id="header_r2_c2" src="../images/header_r2_c2.gif" width="104" height="20" alt="" /></a><a href="search.php" onmouseout="MM_swapImgRestore();" onmouseover="MM_swapImage('header_r2_c3','','../images/header_r2_c3_f2.gif',1);"><img id="header_r2_c3" src="../images/header_r2_c3.gif" width="104" height="20" alt="" /></a><a href="http://www.nyu.edu/projects/sanger/" onmouseout="MM_swapImgRestore();" onmouseover="MM_swapImage('header_r2_c4','','../images/header_r2_c4_f2.gif',1);"><img id="header_r2_c4" src="../images/header_r2_c4.gif" width="104" height="20" alt="" /></a><a href="contact.php" onmouseout="MM_swapImgRestore();" onmouseover="MM_swapImage('header_r2_c5','','../images/header_r2_c5_f2.gif',1);"><img id="header_r2_c5" src="../images/header_r2_c5.gif" width="104" height="20" alt="" /></a><img id="header_r2_c6" src="../images/header_r2_c6.jpg" width="105" height="20" alt="" /><img src="../images/spacer.gif" width="1" height="20" alt="" /> 
</p>
<div class="outBox">
<div class="docBox">

<p class="title_heading">Margaret Sanger, "Do They Want Birth Control?," Nov 1936.
		</p><p>Published Article. Source: 
            <a href="search.php?journal=%22Woman's%20Digest%22"><span class="italics">Woman's Digest</span></a> Vol. 2, no. 3, Nov. 1936, pp.
                171-174.
            
	, <span class="italics">Margaret Sanger Microfilm</span> S71:0861
        .
		</p><p class="headnote">For an unpublished draft see Library of Congress Microfilm 128:0340;
            this version was excerpted from Independent Woman
            magazine.</p><hr>
    
    
    
        <h1>Do They Want Birth Control?</h1>
        <h3>Margaret Sanger</h3>
        <p>She was a tiny woman, less than five feet tall. Her face had the innocent simplicity of a
            child as she stood there in the doorway of my railroad carriage, her big, dark eyes
            pinned expectantly on my face, her little hands twisting the edge of her sari.</p>
        <p>When I got on the train in Trivandrum, after the
            four days of sessions of the All India Women&#8217;s
                Conference, to leave for another series of meetings in Madras, I noticed this woman and her baby in the next
            compartment. I had noticed her particularly because it is seldom one sees a sari-clad
            woman in a first class compartment. And now, five minutes after the train had started,
            she had knocked at my door.</p>
        <p>I asked her to sit down. Then, with the directness of a little girl and the gentleness
            that seems an innate part of Indian womanhood, she told me her story and begged me for
            the advice that to her was as important as life itself.</p>
        <p>She had traveled for three days, from her home in the north to Trivandrum at the
            southernmost tip of India, just to see me. She was twenty-seven years old
            and had four children living and three dead. The youngest, a baby of six months, she had
            brought with her because she was still nursing him.</p>
        <p>She had been ill for months after the birth of her last child and finally she had decided
            that she must do something, anything, so that she would have no more children. Then she
            read in the paper that I was in India. She went to her husband, and he, glad to clutch
            at any straw that would give back health and joy to his wife, promised some way to get
            the money that would take her the 1,5000 miles to see me.</p>
        <p>Vainly she had tried for four days at the Conference to gather up enough courage to push
            her way past her more forward sisters and ask me the questions she had come so far to
            have answered. Day after day passed and still she had not seen me. The last morning she
            heard it announced from the platform that I was leaving that night for Madras. She was
            sick with fear that her journey had been in vain. She did not dare go back to her
            husband after having spent so much money without gaining the information she wanted, and
            that he wanted her to have.</p>
        <p>She hurried to the railroad station and learning that only one first class reservation
            had been made for the night train to Madras, decided that was mine. So she engaged the
            one next to it.</p>
        <p>&#8220;I thought I&#8217;d get a chance to talk to you. I&#8217;m going to get off at the next
                station and get into the third class carriage but I had to talk to you. I had to. It
                means everything to my husband and me and to our children,&#8221; she said.</p>
        <p>The determination in the face of that small, gentle creature, who looked not more than
            twenty years old, was amazing! To understand the bravery it required for her to travel
            from the north to the south of India, one must realize that she had bene out of purdah
            only a few years and that this was the first trip she had ever made alone. I shall never
            forget the gratitude and happiness in her face when, saying goodby, she folded the palms
            of her hands before her face and bowed her head in the simple and dignified salute that
            in India takes the place of a hand shake.</p>
        <p>This brave woman was just one of the hundreds of Indian mothers who have come knocking at
            my door in every city I have visited in this vast country. I have talked to hundreds
            more a public meetings. I have visited still more in their homes--women of the crowded
            dark slum quarters and women whose homes are of palatial beauty. And with few exceptions
            they have pleaded for knowledge of how they can limit their families and space their
            children so that the experience of motherhood can become a joyous and beautiful
            experience instead of a crushing burden.</p>
        <p>This was not what I had been led to expect in India. Men and women, claiming to be
            familiar with the people of this land, with whom I had talked before I landed in Bombay, were pessimistic.</p>
        <p>&#8220;Their religion makes it an Indian woman&#8217;s highest duty to have children.
                The more she has the better she likes it. Every son she bears lifts her higher in
                the esteem of her family and friends,&#8221; I was told. Others pointed out to me that
            children are the only consolation in an Indian woman&#8217;s life, her only reason for
            existing.</p>
        <p>One highly educated Indian man said to me: &#8220;Why, Mrs. Sanger, you can do nothing. We all admit that birth control is the only
                answer to India&#8217;s population problem, but the women themselves don&#8217;t want it. There
                is nothing in a woman&#8217;s life except her children, nothing. And this is especially
                true in the life of the poor woman. She&#8217;s married. Then as soon as the thrill and
                excitement of her wedding is over she begins to think about her baby. When the child
                is born she has various ceremonies in her life and the baby&#8217;s life to think about.
                When that&#8217;s over, she has another baby and it begins all over again. No, you can&#8217;t
                do anything as long as the women themselves aren&#8217;t with you.&#8221;</p>
        <p>I was sure they were wrong. I have always been sure that women in all lands and all ages
            have instinctively desired family spacing. This desire has manifested itself in such
            horrors as infanticide, child abandonment, and abortion. It is the rebellion of woman
            when she finds her life hampered, caught, and twisted by the bearing and care of too
            many children. I was sure that in a land like India, where one every side you find women
            stirring themselves as though from a long sleep to go into the world and seek a new
            freedom, economic and social, there would be thousands of minds reaching out to find the
            knowledge which would mean freedom from their own bodies.</p>
        <p>So I said nothing to those who painted the picture of India womanhood resigned hopelessly
            to enforced and continuous motherhood. I wanted to wait and learn for myself whether the
            women of India were so different from the women of any other country in the world that
            they wanted and would cling to endless childbearing if the way to voluntary motherhood
            were opened to them</p>
        <p>And I saw and learned.</p>
        <p>Just two days after I arrived in Bombay I went with a young American-trained Indian
            social worker to the chawls, the long rows of tenement houses where the city&#8217;s mill
            workers are crowded together in small dark rooms. There are nineteen chawls, eighty
            small rooms in each building with one hundred families divided up among the eighty
            rooms! Often as many as fifteen people, old and young, spread out on mats at night on
            the concrete floors of the small, cell-like rooms.</p>
        <p>Children, their naked little bodies bone-thing, played in the streets or sat listlessly
            in the shadow of the buildings. Mothers stared at the streets with inert eyes. Others in
            their dark rooms were slowly going about their simple household tasks. But almost every
            one had a baby or small child on her hip. I was told that many other mothers were at
            work in the mills, leaving their young children to the care of still other children.</p>
        <p>I knew the government census figures for 1930 state that of every 1,000 children born in
            Bombay, 298 die. I knew that it has been estimated that 100 of every 1,000 mothers in
            India die in childbirth. I looked at these poor, worn out women, at their
            undernourished, undersized children. I wondered: &#8220;Could they really want to go on
            producing more and more children to live in this poverty? Are they not like other
            mothers in the western countries who because of their mother-love dread bringing other
            children into the world to rob those they already have of food and clothing and
            care?&#8221;</p>
        <p>I turned to the social worker, &#8220;Ask this mother how many children she has,&#8221; and I pointed
            to a woman in a ragged sari squatting on the street and holding a baby in her arms.</p>
        <p>&#8220;Six,&#8221; was the answer.</p>
        <p>&#8220;And how many dead?&#8221; I asked through the interpreter.</p>
        <p>&#8220;Five,&#8221; she answered.</p>
        <p>&#8220;And how many more do you want,&#8221; I pursued the questioning.</p>
        <p>She threw out her hands in a pathetic gesture. A look of fear came into her tired, lined
            face.</p>
        <p>&#8220;Please God, no more!&#8221; Her words were a
            prayer.</p>
        <p>We went on through the chawls into rooms so dark that I could not see until my eyes
            became accustomed to the gloom. We talked to a score of mothers some old, some young,
            and although their replies differed in form, in substance they all echoed the words, &#8220;Please God, no more.&#8221;</p>
        <p>No Bombay man can again tell me that the women of his city slums do not want the
            information I came to India to bring to them.</p>
        <p>In one of the native states, north of Bombay, where an intelligent and progressive
                Maharaja has for years been doing his best to help the mothers of
            his state, I again met the same objection: &#8220;The women don&#8217;t want
            it.&#8221;</p>
        <p>&#8220;Why I would not dare suggest to our poor women, or to any of our women in
                fact, that they stop having so many children,&#8221; said that competent doctor in
            charge of the work this state&#8217;s maternity and child welfare league is doing. &#8220;It would be against their religious principles. To them the very thought
                of birth control would be a sin!&#8221;</p>
        <p>But when we reached the welfare center in the heart of the poorest district, I persuaded
            him to ask one of the women if she would like to know how she could space her children.
            She was young, a Mohammedan woman, her eyes bright and intelligent beneath the yellow
            veil that covered her head and fell to her shoulders. The baby in her arms was thin and
            listless. Her other two babies had died before they were two years old. She listened to
            the doctor&#8217;s words as he explained what the &#8220;American lady&#8221; wanted to know. Then she
            began nodding her head and talking quickly.</p>
        <p>&#8220;I never would have believed this if I hadn&#8217;t heard it myself,&#8221; the
            doctor said as he turned to me. He looked amazed. &#8220;These women want to know
                and know quickly what you can do for them!</p>
        <p>&#8220;No, I would never have believed this,&#8221; he said, &#8220;But to
                tell you the truth, I never before tried to find out for myself. I&#8217;ve always just
                taken the common belief that Indian women want all the children possible as a fact
                instead of a myth.&#8221;</p>
    
<hr><p>
		 	Subject Terms:
		</p><ul>
<li>
<a href="search.php?subject=birth%20control">birth control</a><a href="search.php?subject=birth%20control&amp;subject2=access%20to">, access to</a><a href="search.php?subject=birth%20control&amp;subject2=access%20to&amp;subject3="></a><a href="search.php?subject=birth%20control&amp;subject2=access%20to&amp;subject3=&amp;subject4="></a>
</li>
<li>
<a href="search.php?subject=birth%20control">birth control</a><a href="search.php?subject=birth%20control&amp;subject2=economic%20benefits%20and%20risks%20of">, economic benefits and risks of</a><a href="search.php?subject=birth%20control&amp;subject2=economic%20benefits%20and%20risks%20of&amp;subject3="></a><a href="search.php?subject=birth%20control&amp;subject2=economic%20benefits%20and%20risks%20of&amp;subject3=&amp;subject4="></a>
</li>
<li>
<a href="search.php?subject=birth%20control">birth control</a><a href="search.php?subject=birth%20control&amp;subject2=health%20benefits%20and%20risks">, health benefits and risks</a><a href="search.php?subject=birth%20control&amp;subject2=health%20benefits%20and%20risks&amp;subject3="></a><a href="search.php?subject=birth%20control&amp;subject2=health%20benefits%20and%20risks&amp;subject3=&amp;subject4="></a>
</li>
<li>
<a href="search.php?subject=birth%20control">birth control</a><a href="search.php?subject=birth%20control&amp;subject2=in%20marriages">, in marriages</a><a href="search.php?subject=birth%20control&amp;subject2=in%20marriages&amp;subject3="></a><a href="search.php?subject=birth%20control&amp;subject2=in%20marriages&amp;subject3=&amp;subject4="></a>
</li>
<li>
<a href="search.php?subject=child%20spacing">child spacing</a><a href="search.php?subject=child%20spacing&amp;subject2="></a><a href="search.php?subject=child%20spacing&amp;subject2=&amp;subject3="></a><a href="search.php?subject=child%20spacing&amp;subject2=&amp;subject3=&amp;subject4="></a>
</li>
<li>
<a href="search.php?subject=India">India</a><a href="search.php?subject=India&amp;subject2=birth%20control%20in">, birth control in</a><a href="search.php?subject=India&amp;subject2=birth%20control%20in&amp;subject3="></a><a href="search.php?subject=India&amp;subject2=birth%20control%20in&amp;subject3=&amp;subject4="></a>
</li>
<li>
<a href="search.php?subject=India">India</a><a href="search.php?subject=India&amp;subject2=mortality%20rates">, mortality rates</a><a href="search.php?subject=India&amp;subject2=mortality%20rates&amp;subject3=infant">, infant</a><a href="search.php?subject=India&amp;subject2=mortality%20rates&amp;subject3=infant&amp;subject4="></a>
</li>
<li>
<a href="search.php?subject=India">India</a><a href="search.php?subject=India&amp;subject2=MS%20on">, MS on</a><a href="search.php?subject=India&amp;subject2=MS%20on&amp;subject3="></a><a href="search.php?subject=India&amp;subject2=MS%20on&amp;subject3=&amp;subject4="></a>
</li>
<li>
<a href="search.php?subject=India">India</a><a href="search.php?subject=India&amp;subject2=women%20in">, women in</a><a href="search.php?subject=India&amp;subject2=women%20in&amp;subject3="></a><a href="search.php?subject=India&amp;subject2=women%20in&amp;subject3=&amp;subject4="></a>
</li>
<li>
<a href="search.php?subject=poverty">poverty</a><a href="search.php?subject=poverty&amp;subject2=family%20size%20and">, family size and</a><a href="search.php?subject=poverty&amp;subject2=family%20size%20and&amp;subject3="></a><a href="search.php?subject=poverty&amp;subject2=family%20size%20and&amp;subject3=&amp;subject4="></a>
</li>
<li>
<a href="search.php?subject=pregnancy">pregnancy</a><a href="search.php?subject=pregnancy&amp;subject2=fears%20of">, fears of</a><a href="search.php?subject=pregnancy&amp;subject2=fears%20of&amp;subject3="></a><a href="search.php?subject=pregnancy&amp;subject2=fears%20of&amp;subject3=&amp;subject4="></a>
</li>
<li>
<a href="search.php?subject=Sanger,%20Margaret%20">Sanger, Margaret </a><a href="search.php?subject=Sanger,%20Margaret%20&amp;subject2=speaking%20tours">, speaking tours</a><a href="search.php?subject=Sanger,%20Margaret%20&amp;subject2=speaking%20tours&amp;subject3=1936%20(India)">, 1936 (India)</a><a href="search.php?subject=Sanger,%20Margaret%20&amp;subject2=speaking%20tours&amp;subject3=1936%20(India)&amp;subject4="></a>
</li>
</ul><p>
		 Copyright 2003. Margaret Sanger Project
        </p>
  </div>
</div>
	<div><br /></div>

	<p style="margin-top: 0px; margin-bottom: 0px;">
		<a href="http://www.nyu.edu/projects/sanger/aboutms/" onmouseout="MM_swapImgRestore();" onmouseover="MM_swapImage('sanger_foot_r1_c1','','../images/sanger_foot_r1_c1_f2.gif',1);"><img id="sanger_foot_r1_c1" src="../images/sanger_foot_r1_c1.gif" width="104" height="20" alt="" /></a><a href="http://www.nyu.edu/projects/sanger/documents/electroniced.php" onmouseout="MM_swapImgRestore();" onmouseover="MM_swapImage('sanger_foot_r1_c2','','../images/sanger_foot_r1_c2_f2.gif',1);"><img id="sanger_foot_r1_c2" src="../images/sanger_foot_r1_c2.gif" width="104" height="20" alt="" /></a><a href="search.php" onmouseout="MM_swapImgRestore();" onmouseover="MM_swapImage('sanger_foot_r1_c3','','../images/sanger_foot_r1_c3_f2.gif',1);"><img id="sanger_foot_r1_c3" src="../images/sanger_foot_r1_c3.gif" width="104" height="20" alt="" /></a><a href="http://www.nyu.edu/projects/sanger/" onmouseout="MM_swapImgRestore();" onmouseover="MM_swapImage('sanger_foot_r1_c4','','../images/sanger_foot_r1_c4_f2.gif',1);"><img id="sanger_foot_r1_c4" src="../images/sanger_foot_r1_c4.gif" width="104" height="20" alt="" /></a><a href="http://www.nyu.edu/projects/sanger/contactus/" onmouseout="MM_swapImgRestore();" onmouseover="MM_swapImage('sanger_foot_r1_c5','','../images/sanger_foot_r1_c5_f2.gif',1);"><img id="sanger_foot_r1_c5" src="../images/sanger_foot_r1_c5.gif" width="104" height="20" alt="" /></a><img id="sanger_foot_r1_c6" src="../images/sanger_foot_r1_c6.jpg" width="105" height="20" alt="" />
	</p>
	<p style="margin-bottom: 0px; margin-top: -1px; /*\*/margin-top: -4px;/**/">
		<img src="../images/spacer.gif" width="545" height="1" alt="" /><a href="http://validator.w3.org/check/referer"><img src="../images/xhtml11.gif" alt="valid" /></a>
	</p>
</div> <!-- end of Container --> 
</body>
</html>
