<!DOCTYPE html PUBLIC "-//W3C//DTD XHTML 1.1//EN"
        "http://www.w3.org/TR/xhtml11/DTD/xhtml11.dtd">
<html>
<head>
	<title>The Public Papers of Margaret Sanger: Web Edition</title> 
	<meta http-equiv="content-type" content="text/html charset=ISO-8859-1" />
	<link href="../documents/styles.css" rel="stylesheet" type="text/css" />
<script type="text/javascript" src="../documents/global.js"></script> 
</head>
<body onload="MM_preloadImages('../images/header_r2_c1_f2.gif','../images/header_r2_c2_f2.gif','../images/header_r2_c3_f2.gif','../images/header_r2_c4_f2.gif','../images/header_r2_c5_f2.gif');">
<div id="container" style="width: 626px; margin: 0px auto;"> 
<p style="margin-top: 0px; margin-bottom: 0px;">
	<img id="header_r1_c1" src="../images/header_r1_c1.gif" width="625" height="95" alt="" /><img src="../images/spacer.gif" width="1" height="95" alt="" /> 
</p>
<p style="margin-top: 0px; /*\*/margin-top: -3px;/**/">
	<a href="project.php" onmouseout="MM_swapImgRestore();" onmouseover="MM_swapImage('header_r2_c1','','../images/header_r2_c1_f2.gif',1);"><img id="header_r2_c1" src="../images/header_r2_c1.gif" width="104" height="20" alt="" /></a><a href="edition.php" onmouseout="MM_swapImgRestore();" onmouseover="MM_swapImage('header_r2_c2','','../images/header_r2_c2_f2.gif',1);"><img id="header_r2_c2" src="../images/header_r2_c2.gif" width="104" height="20" alt="" /></a><a href="search.php" onmouseout="MM_swapImgRestore();" onmouseover="MM_swapImage('header_r2_c3','','../images/header_r2_c3_f2.gif',1);"><img id="header_r2_c3" src="../images/header_r2_c3.gif" width="104" height="20" alt="" /></a><a href="http://www.nyu.edu/projects/sanger/" onmouseout="MM_swapImgRestore();" onmouseover="MM_swapImage('header_r2_c4','','../images/header_r2_c4_f2.gif',1);"><img id="header_r2_c4" src="../images/header_r2_c4.gif" width="104" height="20" alt="" /></a><a href="contact.php" onmouseout="MM_swapImgRestore();" onmouseover="MM_swapImage('header_r2_c5','','../images/header_r2_c5_f2.gif',1);"><img id="header_r2_c5" src="../images/header_r2_c5.gif" width="104" height="20" alt="" /></a><img id="header_r2_c6" src="../images/header_r2_c6.jpg" width="105" height="20" alt="" /><img src="../images/spacer.gif" width="1" height="20" alt="" /> 
</p>
<div class="outBox">
<div class="docBox">

<p class="title_heading">, "," .
		</p><p>. Source: .
		</p><p class="headnote"></p><hr>
   
      
         
            Bermuda, 1937, May
            Margaret Sanger
            
               Bermuda Department of Health
            
         
         
            msp008951
         
         
            
			Margaret Sanger Papers, Library of Congress Microfilm LCM 11:1173
         
      
      
         
            May 1937
         
      
      
         
            2011/06/13
            
               CE
            
            
         
         
            2011/06/20
            
               CE
            
            
         
         
            2014/03/12
            
               EK
            
            clean regs
         
         
            2015-03-27
            
               CH
            
            recheck tags
         
      
   
   
      
         
            
               For a handwritten draft, see Margaret Sanger
		Microfilm, Smith College Collections S71:927; for another copy of
			this document, see S71:932.
            
         
         <li>
<a href="search.php?subject=Bermuda">Bermuda</a><a href="search.php?subject=Bermuda&amp;subject2=public%20health%20programs">, public health programs</a><a href="search.php?subject=Bermuda&amp;subject2=public%20health%20programs&amp;subject3="></a><a href="search.php?subject=Bermuda&amp;subject2=public%20health%20programs&amp;subject3=&amp;subject4="></a>
</li>
         <li>
<a href="search.php?subject=Bermuda">Bermuda</a><a href="search.php?subject=Bermuda&amp;subject2=birth%20control%20in">, birth control in</a><a href="search.php?subject=Bermuda&amp;subject2=birth%20control%20in&amp;subject3="></a><a href="search.php?subject=Bermuda&amp;subject2=birth%20control%20in&amp;subject3=&amp;subject4="></a>
</li>
         <li>
<a href="search.php?subject=Bermuda">Bermuda</a><a href="search.php?subject=Bermuda&amp;subject2=socioeconomic%20conditions">, socioeconomic conditions</a><a href="search.php?subject=Bermuda&amp;subject2=socioeconomic%20conditions&amp;subject3="></a><a href="search.php?subject=Bermuda&amp;subject2=socioeconomic%20conditions&amp;subject3=&amp;subject4="></a>
</li>
         <li>
<a href="search.php?subject=Bermuda">Bermuda</a><a href="search.php?subject=Bermuda&amp;subject2=birth%20control%20clinics%20and%20leagues">, birth control clinics and leagues</a><a href="search.php?subject=Bermuda&amp;subject2=birth%20control%20clinics%20and%20leagues&amp;subject3="></a><a href="search.php?subject=Bermuda&amp;subject2=birth%20control%20clinics%20and%20leagues&amp;subject3=&amp;subject4="></a>
</li>
         <li>
<a href="search.php?subject=working%20classes">working classes</a><a href="search.php?subject=working%20classes&amp;subject2=children">, children</a><a href="search.php?subject=working%20classes&amp;subject2=children&amp;subject3="></a><a href="search.php?subject=working%20classes&amp;subject2=children&amp;subject3=&amp;subject4="></a>
</li>
         <li>
<a href="search.php?subject=working%20classes">working classes</a><a href="search.php?subject=working%20classes&amp;subject2=living%20conditions%20of">, living conditions of</a><a href="search.php?subject=working%20classes&amp;subject2=living%20conditions%20of&amp;subject3="></a><a href="search.php?subject=working%20classes&amp;subject2=living%20conditions%20of&amp;subject3=&amp;subject4="></a>
</li>
         <li>
<a href="search.php?subject=fertility%20control">fertility control</a><a href="search.php?subject=fertility%20control&amp;subject2=of%20physically%20disabled%20and%20diseased">, of physically disabled and diseased</a><a href="search.php?subject=fertility%20control&amp;subject2=of%20physically%20disabled%20and%20diseased&amp;subject3="></a><a href="search.php?subject=fertility%20control&amp;subject2=of%20physically%20disabled%20and%20diseased&amp;subject3=&amp;subject4="></a>
</li>
      
      
         
            The annual report for 1936 also disclosed the plans and
				preparations in progress for an active campaign against syphilis
				and gonorrhea.
            The Bermuda Hotel
					Men&#8217;s Assoc. has asked the Health Dept. to
				provide facilities for the periodic examination of all men and
				women employed in hotels to insure as far as possible, that such
				employees be free from communicable diseases.
            Added to this group should be those who seek work in private
				homes, food shops and laundries. It was requested to see that
				employees have a health card to present to their prospective
				employers to show they are in sound health and free from such
				communicable ailments.
         
         
            <h2>BERMUDA HEALTH REPORT</h2>
            In the enlargement of clinics there will be a department for
				advice in contraception to do its best to lessen the problem of
				too many people untrained for useful work.
            Here again is a forward looking influence and &#8220;While
					the legislature was disinclined to put these diseases upon
					the list of notifiable diseases it is likely to enact
					restraining powers upon those people who habitually spread
					them.&#8221;
            This of course is unfortunate. The only way to stop the spread of
				communicable or transmissible diseases is to treat them as such
				and consider them as small pox, typhoid, measles and other
				diseases should be treated--by isolation and treatment.
            
               Bermuda is an ideal place to live in with no
				&#8220;depressions&#8221; in sight or in the rear--at least in over 300
				years and not since 1860. Before that time they had two (?) but
				the question of taxation is interesting. There is no income
				tax--no inheritance or death tax--no estate or gift or personal
				property tax--no school, no nuisance, no poll or no sales taxes.
				Only a tax for those who own real estate and that amount is at
				the rate of less than $3.00 a thousand. Bermuda is not a
				democracy and that&#8217;s why there is peace and contentment on the
				island.
            Less than 10% of its citizens can vote. Only adult males owning
				60 pound or $300 worth of land have the suffrage. But there is
				one representative in the legislature for every 900 of the
				population. Here you see every child and child of the colored
				population well dressed and clean and tidy. Never have I seen so
				large a group of working colored people so well fed and clothed
				as you see all over Bermuda.
            Here again are no criminal class. No gangs--no underworld--no
				kidnaping--no lynchings. Never in the history of this island has
				there been a lynching. There are no restrictions of race,
				religion or color regarding acquisition of property. But only
				2,000 acres of its 12,500 acres can belong to aliens (including
				Americans). This makes the section of such aliens important.
				They have a policy of selection and investigation and such alien
				must make formal application to the Governor in
				Council--his name is then published in the press and objections
				can be raised and can be heard. The Governor investigates the
				applicants reputation and standing and has power to refuse. This
				power of the Governor&#8217;s has resulted in a homogeneous character
				of alien residents and has prevented that most objectionable of
				all booms--the land boom. Here there is only now beginning the
				social service such as baby clinics but the health Dept. will
				see to it that this sort of palliative interest patterned after
				American ladies use of their leisure time will go hand in hand
				with constructive social work. The Bermudean women themselves
				see thru this and many of them have refused to join the ranks of
				American to organize welfare clinics, baby creches etc. knowing
				that it will encourage the diseased to breed and prolong the
				lives of the types who become dependent and remain depend from
				the cradle to the grave. Not a dependent but a resistant
				population is what is wanted and here it has been and still
				remains in Bermuda.
         
      
   
<hr><p>
		 	Subject Terms:
		</p><ul></ul><p>
		 Copyright 2003. Margaret Sanger Project
        </p>
  </div>
</div>
	<div><br /></div>

	<p style="margin-top: 0px; margin-bottom: 0px;">
		<a href="http://www.nyu.edu/projects/sanger/aboutms/" onmouseout="MM_swapImgRestore();" onmouseover="MM_swapImage('sanger_foot_r1_c1','','../images/sanger_foot_r1_c1_f2.gif',1);"><img id="sanger_foot_r1_c1" src="../images/sanger_foot_r1_c1.gif" width="104" height="20" alt="" /></a><a href="http://www.nyu.edu/projects/sanger/documents/electroniced.php" onmouseout="MM_swapImgRestore();" onmouseover="MM_swapImage('sanger_foot_r1_c2','','../images/sanger_foot_r1_c2_f2.gif',1);"><img id="sanger_foot_r1_c2" src="../images/sanger_foot_r1_c2.gif" width="104" height="20" alt="" /></a><a href="search.php" onmouseout="MM_swapImgRestore();" onmouseover="MM_swapImage('sanger_foot_r1_c3','','../images/sanger_foot_r1_c3_f2.gif',1);"><img id="sanger_foot_r1_c3" src="../images/sanger_foot_r1_c3.gif" width="104" height="20" alt="" /></a><a href="http://www.nyu.edu/projects/sanger/" onmouseout="MM_swapImgRestore();" onmouseover="MM_swapImage('sanger_foot_r1_c4','','../images/sanger_foot_r1_c4_f2.gif',1);"><img id="sanger_foot_r1_c4" src="../images/sanger_foot_r1_c4.gif" width="104" height="20" alt="" /></a><a href="http://www.nyu.edu/projects/sanger/contactus/" onmouseout="MM_swapImgRestore();" onmouseover="MM_swapImage('sanger_foot_r1_c5','','../images/sanger_foot_r1_c5_f2.gif',1);"><img id="sanger_foot_r1_c5" src="../images/sanger_foot_r1_c5.gif" width="104" height="20" alt="" /></a><img id="sanger_foot_r1_c6" src="../images/sanger_foot_r1_c6.jpg" width="105" height="20" alt="" />
	</p>
	<p style="margin-bottom: 0px; margin-top: -1px; /*\*/margin-top: -4px;/**/">
		<img src="../images/spacer.gif" width="545" height="1" alt="" /><a href="http://validator.w3.org/check/referer"><img src="../images/xhtml11.gif" alt="valid" /></a>
	</p>
</div> <!-- end of Container --> 
</body>
</html>
