<!DOCTYPE html PUBLIC "-//W3C//DTD XHTML 1.1//EN"
        "http://www.w3.org/TR/xhtml11/DTD/xhtml11.dtd">
<html>
<head>
	<title>The Public Papers of Margaret Sanger: Web Edition</title> 
	<meta http-equiv="content-type" content="text/html charset=ISO-8859-1" />
	<link href="../documents/styles.css" rel="stylesheet" type="text/css" />
<script type="text/javascript" src="../documents/global.js"></script> 
</head>
<body onload="MM_preloadImages('../images/header_r2_c1_f2.gif','../images/header_r2_c2_f2.gif','../images/header_r2_c3_f2.gif','../images/header_r2_c4_f2.gif','../images/header_r2_c5_f2.gif');">
<div id="container" style="width: 626px; margin: 0px auto;"> 
<p style="margin-top: 0px; margin-bottom: 0px;">
	<img id="header_r1_c1" src="../images/header_r1_c1.gif" width="625" height="95" alt="" /><img src="../images/spacer.gif" width="1" height="95" alt="" /> 
</p>
<p style="margin-top: 0px; /*\*/margin-top: -3px;/**/">
	<a href="project.php" onmouseout="MM_swapImgRestore();" onmouseover="MM_swapImage('header_r2_c1','','../images/header_r2_c1_f2.gif',1);"><img id="header_r2_c1" src="../images/header_r2_c1.gif" width="104" height="20" alt="" /></a><a href="edition.php" onmouseout="MM_swapImgRestore();" onmouseover="MM_swapImage('header_r2_c2','','../images/header_r2_c2_f2.gif',1);"><img id="header_r2_c2" src="../images/header_r2_c2.gif" width="104" height="20" alt="" /></a><a href="search.php" onmouseout="MM_swapImgRestore();" onmouseover="MM_swapImage('header_r2_c3','','../images/header_r2_c3_f2.gif',1);"><img id="header_r2_c3" src="../images/header_r2_c3.gif" width="104" height="20" alt="" /></a><a href="http://www.nyu.edu/projects/sanger/" onmouseout="MM_swapImgRestore();" onmouseover="MM_swapImage('header_r2_c4','','../images/header_r2_c4_f2.gif',1);"><img id="header_r2_c4" src="../images/header_r2_c4.gif" width="104" height="20" alt="" /></a><a href="contact.php" onmouseout="MM_swapImgRestore();" onmouseover="MM_swapImage('header_r2_c5','','../images/header_r2_c5_f2.gif',1);"><img id="header_r2_c5" src="../images/header_r2_c5.gif" width="104" height="20" alt="" /></a><img id="header_r2_c6" src="../images/header_r2_c6.jpg" width="105" height="20" alt="" /><img src="../images/spacer.gif" width="1" height="20" alt="" /> 
</p>
<div class="outBox">
<div class="docBox">

<p class="title_heading">Margaret Sanger, "One Million Letters from Mothers," 1930.
		</p><p>Typed draft article. Source: 
            Margaret Sanger Papers, Sophia Smith Collection
            
	, <span class="italics">Margaret Sanger Microfilm</span>, S73:0128
        .
		</p><p class="headnote"></p><hr>
    
    
    
        <h1>
            
       &#8593;1 million letters from mothers&#8595;
    
        </h1>
        <p>Some of us <span class="del">illegible</span>, 
       &#8593;who&#8595;
    , are familiar with the subject as a whole
                <span class="del">we</span> realize our responsibility as human beings and <span class="del">illegible
                fight</span>
       &#8593;are fighting&#8595;
    fight
       &#8593;ing&#8595;
     for the poor woman&#8217;s freedom
            and rights, <span class="del">and</span>
       &#8593;we want to&#8595;
     see <span class="del">that</span>her position as
            mother <span class="del">to</span>elevated to one of dignity, through knowledge of birth control. Such
            knowledge, H. G. Wells says, &#8220;marks a
                new and happier phase in the history of our civilization&#8221;. <span class="del">Working</span>
            
       &#8593;
        [<em>Military</em>?]
    &#8595;
     and professional classes have the lowest birth
            rate. They also however have the lowest death rate. In other words, while they bring
            into the world only a few children, they provide and care for those children so well
            that the large majority of them live to full maturity.</p>
        <p>It is in my estimation far more patriotic and considerate of the race to have a
            responsibility in the function of child bearing, than to consider it an act of
                God thereby casting the responsibility upon him.</p>
        <p>Theorizing--Let them ask the mothers, frantic with worry, old and broken on the wheel of
            maternity, Hopeless and devitalized with endless childbearing, let these mothers speak
            and tell us what they think of such cruelty on the part of church or state, that makes
            the perpetuation of death-doomed infants a necessity, that makes women submit to
            ignorance and kept in fear of knowledge, that with harmless information
                
       &#8593;conscripted&#8595;
     available through medical and scientific sources these
            mothers of the race must bind their hands and continue to call in vain for relief from
            maternal bondage.</p>
        <p>The mothers in America who cannot avail
            themselves of such medical advice are indeed enslaved. They have less consideration than
            the cattle on our farms. They are more enslaved than their husbands in industry or the
            black race in the days of yore.</p>
        <p>The women of wealth have available knowledge and are able to control the number of
            children in their families. Through it, they have time and leisure to develop and
            understand their children.</p>
        <p>Every argument is on this side.</p>
        <p>
            
       &#8593;43 million women of child bearing years.<br>Pontifical Dictator in foreign land,
                dictates how many children American women shall have.&#8595;
    
        </p>
    
<hr><p>
		 	Subject Terms:
		</p><ul>
<li>
<a href="search.php?subject=birth%20control">birth control</a><a href="search.php?subject=birth%20control&amp;subject2=class-based">, class-based</a><a href="search.php?subject=birth%20control&amp;subject2=class-based&amp;subject3="></a><a href="search.php?subject=birth%20control&amp;subject2=class-based&amp;subject3=&amp;subject4="></a>
</li>
<li>
<a href="search.php?subject=birth%20control">birth control</a><a href="search.php?subject=birth%20control&amp;subject2=lack%20of%20knowledge%20of">, lack of knowledge of</a><a href="search.php?subject=birth%20control&amp;subject2=lack%20of%20knowledge%20of&amp;subject3=negative%20consequences%20of">, negative consequences of</a><a href="search.php?subject=birth%20control&amp;subject2=lack%20of%20knowledge%20of&amp;subject3=negative%20consequences%20of&amp;subject4="></a>
</li>
<li>
<a href="search.php?subject=birth%20control">birth control</a><a href="search.php?subject=birth%20control&amp;subject2=rights%20associated%20with">, rights associated with</a><a href="search.php?subject=birth%20control&amp;subject2=rights%20associated%20with&amp;subject3="></a><a href="search.php?subject=birth%20control&amp;subject2=rights%20associated%20with&amp;subject3=&amp;subject4="></a>
</li>
<li>
<a href="search.php?subject=family%20size">family size</a><a href="search.php?subject=family%20size&amp;subject2=class-based">, class-based</a><a href="search.php?subject=family%20size&amp;subject2=class-based&amp;subject3="></a><a href="search.php?subject=family%20size&amp;subject2=class-based&amp;subject3=&amp;subject4="></a>
</li>
<li>
<a href="search.php?subject=motherhood">motherhood</a><a href="search.php?subject=motherhood&amp;subject2="></a><a href="search.php?subject=motherhood&amp;subject2=&amp;subject3="></a><a href="search.php?subject=motherhood&amp;subject2=&amp;subject3=&amp;subject4="></a>
</li>
<li>
<a href="search.php?subject=Pius%20XI,%20Pope">Pius XI, Pope</a><a href="search.php?subject=Pius%20XI,%20Pope&amp;subject2="></a><a href="search.php?subject=Pius%20XI,%20Pope&amp;subject2=&amp;subject3="></a><a href="search.php?subject=Pius%20XI,%20Pope&amp;subject2=&amp;subject3=&amp;subject4="></a>
</li>
<li>
<a href="search.php?subject=women">women</a><a href="search.php?subject=women&amp;subject2=enslavement%20of">, enslavement of</a><a href="search.php?subject=women&amp;subject2=enslavement%20of&amp;subject3="></a><a href="search.php?subject=women&amp;subject2=enslavement%20of&amp;subject3=&amp;subject4="></a>
</li>
<li>
<a href="search.php?subject=women">women</a><a href="search.php?subject=women&amp;subject2=freedom%20and%20rights%20of">, freedom and rights of</a><a href="search.php?subject=women&amp;subject2=freedom%20and%20rights%20of&amp;subject3="></a><a href="search.php?subject=women&amp;subject2=freedom%20and%20rights%20of&amp;subject3=&amp;subject4="></a>
</li>
<li>
<a href="search.php?subject=working%20classes">working classes</a><a href="search.php?subject=working%20classes&amp;subject2=birth%20control%20and">, birth control and</a><a href="search.php?subject=working%20classes&amp;subject2=birth%20control%20and&amp;subject3="></a><a href="search.php?subject=working%20classes&amp;subject2=birth%20control%20and&amp;subject3=&amp;subject4="></a>
</li>
</ul><p>
		 Copyright 2003. Margaret Sanger Project
        </p>
  </div>
</div>
	<div><br /></div>

	<p style="margin-top: 0px; margin-bottom: 0px;">
		<a href="http://www.nyu.edu/projects/sanger/aboutms/" onmouseout="MM_swapImgRestore();" onmouseover="MM_swapImage('sanger_foot_r1_c1','','../images/sanger_foot_r1_c1_f2.gif',1);"><img id="sanger_foot_r1_c1" src="../images/sanger_foot_r1_c1.gif" width="104" height="20" alt="" /></a><a href="http://www.nyu.edu/projects/sanger/documents/electroniced.php" onmouseout="MM_swapImgRestore();" onmouseover="MM_swapImage('sanger_foot_r1_c2','','../images/sanger_foot_r1_c2_f2.gif',1);"><img id="sanger_foot_r1_c2" src="../images/sanger_foot_r1_c2.gif" width="104" height="20" alt="" /></a><a href="search.php" onmouseout="MM_swapImgRestore();" onmouseover="MM_swapImage('sanger_foot_r1_c3','','../images/sanger_foot_r1_c3_f2.gif',1);"><img id="sanger_foot_r1_c3" src="../images/sanger_foot_r1_c3.gif" width="104" height="20" alt="" /></a><a href="http://www.nyu.edu/projects/sanger/" onmouseout="MM_swapImgRestore();" onmouseover="MM_swapImage('sanger_foot_r1_c4','','../images/sanger_foot_r1_c4_f2.gif',1);"><img id="sanger_foot_r1_c4" src="../images/sanger_foot_r1_c4.gif" width="104" height="20" alt="" /></a><a href="http://www.nyu.edu/projects/sanger/contactus/" onmouseout="MM_swapImgRestore();" onmouseover="MM_swapImage('sanger_foot_r1_c5','','../images/sanger_foot_r1_c5_f2.gif',1);"><img id="sanger_foot_r1_c5" src="../images/sanger_foot_r1_c5.gif" width="104" height="20" alt="" /></a><img id="sanger_foot_r1_c6" src="../images/sanger_foot_r1_c6.jpg" width="105" height="20" alt="" />
	</p>
	<p style="margin-bottom: 0px; margin-top: -1px; /*\*/margin-top: -4px;/**/">
		<img src="../images/spacer.gif" width="545" height="1" alt="" /><a href="http://validator.w3.org/check/referer"><img src="../images/xhtml11.gif" alt="valid" /></a>
	</p>
</div> <!-- end of Container --> 
</body>
</html>
