<!DOCTYPE html PUBLIC "-//W3C//DTD XHTML 1.1//EN"
        "http://www.w3.org/TR/xhtml11/DTD/xhtml11.dtd">
<html>
<head>
	<title>The Public Papers of Margaret Sanger: Web Edition</title> 
	<meta http-equiv="content-type" content="text/html charset=ISO-8859-1" />
	<link href="../documents/styles.css" rel="stylesheet" type="text/css" />
<script type="text/javascript" src="../documents/global.js"></script> 
</head>
<body onload="MM_preloadImages('../images/header_r2_c1_f2.gif','../images/header_r2_c2_f2.gif','../images/header_r2_c3_f2.gif','../images/header_r2_c4_f2.gif','../images/header_r2_c5_f2.gif');">
<div id="container" style="width: 626px; margin: 0px auto;"> 
<p style="margin-top: 0px; margin-bottom: 0px;">
	<img id="header_r1_c1" src="../images/header_r1_c1.gif" width="625" height="95" alt="" /><img src="../images/spacer.gif" width="1" height="95" alt="" /> 
</p>
<p style="margin-top: 0px; /*\*/margin-top: -3px;/**/">
	<a href="project.php" onmouseout="MM_swapImgRestore();" onmouseover="MM_swapImage('header_r2_c1','','../images/header_r2_c1_f2.gif',1);"><img id="header_r2_c1" src="../images/header_r2_c1.gif" width="104" height="20" alt="" /></a><a href="edition.php" onmouseout="MM_swapImgRestore();" onmouseover="MM_swapImage('header_r2_c2','','../images/header_r2_c2_f2.gif',1);"><img id="header_r2_c2" src="../images/header_r2_c2.gif" width="104" height="20" alt="" /></a><a href="search.php" onmouseout="MM_swapImgRestore();" onmouseover="MM_swapImage('header_r2_c3','','../images/header_r2_c3_f2.gif',1);"><img id="header_r2_c3" src="../images/header_r2_c3.gif" width="104" height="20" alt="" /></a><a href="http://www.nyu.edu/projects/sanger/" onmouseout="MM_swapImgRestore();" onmouseover="MM_swapImage('header_r2_c4','','../images/header_r2_c4_f2.gif',1);"><img id="header_r2_c4" src="../images/header_r2_c4.gif" width="104" height="20" alt="" /></a><a href="contact.php" onmouseout="MM_swapImgRestore();" onmouseover="MM_swapImage('header_r2_c5','','../images/header_r2_c5_f2.gif',1);"><img id="header_r2_c5" src="../images/header_r2_c5.gif" width="104" height="20" alt="" /></a><img id="header_r2_c6" src="../images/header_r2_c6.jpg" width="105" height="20" alt="" /><img src="../images/spacer.gif" width="1" height="20" alt="" /> 
</p>
<div class="outBox">
<div class="docBox">

<p class="title_heading">Margaret Sanger, "How Nature Gets Even," Sept 1918.
		</p><p>Published article. Source: 
            <a href="search.php?journal=%22Birth%20Control%20Review%22"><span class="italics">Birth Control Review</span></a>, Sept. 1918, 13
            
	, <span class="italics">Margaret Sanger Microfilm</span> S70:800
        .
		</p><p class="headnote"></p><hr>
    
    
    
        <h1>HOW NATURE GETS EVEN</h1>
        <h3 class="italics">By Margaret Sanger</h3>
        <p>When you have read this page, tear it out and put it into your handbag. Show it to the
            next crank who denounces birth control as "criminal" or "against nature."</p>
        <p>Out of the Queens County (New York)
                Penitentiary comes a startling reply to the constant question: What has Nature
            to say about birth control?</p>
        <p>Natures answer is just this:</p>
        <p>Control your birth-rate in a sane, scientific way in this generation, or in the next I
            will control it no less effectively, but at an untold cost of money and misery.</p>
        <p>Look for a moment at the tragic table printed below. In it you will find summed up in
            cold figures the misery of several hundred lives.</p>
        <p>Thirty-one of those lives are those of women in the Queens County penitentiary. What
            existence must mean to them is readily guessed by the fact that they have been in
            prison. </p>
        <p>Note that by far the larger proportion of this number came from families that were too
            large--families denied the knowledge of birth control.</p>
        <p>Note that the mothers of the unfortunate thirty-one gave birth to 217 children. Now note
            also that the thirty-one gave birth to 53 children. Of these 53, only 38 survive.
            Fourteen of the thirty-one women prisoners have no children.</p>
        <p>While the mothers of the thirty-one women prisoners averaged seven children each, the
            prisoners themselves averaged one and a fraction.</p>
        <p>The two generations of these thirty-one families had this choice:</p>
        <p>They could control births in the first generation or Nature would control them in the
            second, while society would send at least one child of each family to the penitentiary
            in the process.</p>
        <p>That is Nature's answer to the argument that birth control is
                "unnatural." Incidentally, the crime that society committed in
            preventing the overburdened mothers from avoiding their load of misery, comes home hard
            to that same society in the cost of taking care of the unfortunate offspring in prisons
            and in hospitals for the insane. That sordid fact stands out like a frightful signpost
            from this table:</p>
        <p>NAME NUMBER OF CHILDREN<br>Mary None<br>Rose 2<br>May 2 -- (1 dead)<br>Clara
            9<br>Rose 2 living<br>Mary 1 son<br>Freda None<br>Sadie None<br>Annie
            Single<br>Ruth Single<br>Josephine 3 -- (all dead)<br>Violet 2 -- (1 dead)<br>Agnes
            None<br>Elizabeth 5 -- (2 dead)<br>Elsie 1<br>Minnie 11 -- (4 living)<br>Ida
            1<br>Olie 1<br>Minnie 1<br>Dora None<br>Tessie None<br>Annie 4<br>Eleanor
            None<br>Irene None<br>Rose None<br>Ethel None<br>Bessie None<br>Pearl 1<br>Ruth
            1<br>Lily None<br>Alice 6 -- (1 dead)<br>Total 53</p>
        <p>NUMBER OF CHILDREN MOTHER HAD<br>5, 1 miscarriage<br>9, 7 living, 2
            dead<br>1<br>5<br>1<br>1 died<br>11, 7 living<br>4<br>8<br>4<br>11, 3
            miscarriages<br>1<br>17<br>8, 4 miscarriages<br>4<br>14<br>8<br>13, 2 or 3
            miscarriages<br>3 (in 3 years), died in childbirth<br>15, 10 living<br>6, 2 or 3
            miscarriages<br>7<br>6, 5 living<br>2<br>13, 8 living<br>4<br>1<br>1<br>13, 4
            living<br>11, 8 living<br>10<br>TOTAL 217</p>
    
<hr><p>
		 	Subject Terms:
		</p><ul>
<li>
<a href="search.php?subject=birth%20control">birth control</a><a href="search.php?subject=birth%20control&amp;subject2=health%20benefits%20and%20risks">, health benefits and risks</a><a href="search.php?subject=birth%20control&amp;subject2=health%20benefits%20and%20risks&amp;subject3="></a><a href="search.php?subject=birth%20control&amp;subject2=health%20benefits%20and%20risks&amp;subject3=&amp;subject4="></a>
</li>
<li>
<a href="search.php?subject=birth%20control">birth control</a><a href="search.php?subject=birth%20control&amp;subject2=lack%20of%20knowledge%20of">, lack of knowledge of</a><a href="search.php?subject=birth%20control&amp;subject2=lack%20of%20knowledge%20of&amp;subject3="></a><a href="search.php?subject=birth%20control&amp;subject2=lack%20of%20knowledge%20of&amp;subject3=&amp;subject4="></a>
</li>
<li>
<a href="search.php?subject=birth%20control">birth control</a><a href="search.php?subject=birth%20control&amp;subject2=socio-economic%20benefits%20of">, socio-economic benefits of</a><a href="search.php?subject=birth%20control&amp;subject2=socio-economic%20benefits%20of&amp;subject3="></a><a href="search.php?subject=birth%20control&amp;subject2=socio-economic%20benefits%20of&amp;subject3=&amp;subject4="></a>
</li>
</ul><p>
		 Copyright 2003. Margaret Sanger Project
        </p>
  </div>
</div>
	<div><br /></div>

	<p style="margin-top: 0px; margin-bottom: 0px;">
		<a href="http://www.nyu.edu/projects/sanger/aboutms/" onmouseout="MM_swapImgRestore();" onmouseover="MM_swapImage('sanger_foot_r1_c1','','../images/sanger_foot_r1_c1_f2.gif',1);"><img id="sanger_foot_r1_c1" src="../images/sanger_foot_r1_c1.gif" width="104" height="20" alt="" /></a><a href="http://www.nyu.edu/projects/sanger/documents/electroniced.php" onmouseout="MM_swapImgRestore();" onmouseover="MM_swapImage('sanger_foot_r1_c2','','../images/sanger_foot_r1_c2_f2.gif',1);"><img id="sanger_foot_r1_c2" src="../images/sanger_foot_r1_c2.gif" width="104" height="20" alt="" /></a><a href="search.php" onmouseout="MM_swapImgRestore();" onmouseover="MM_swapImage('sanger_foot_r1_c3','','../images/sanger_foot_r1_c3_f2.gif',1);"><img id="sanger_foot_r1_c3" src="../images/sanger_foot_r1_c3.gif" width="104" height="20" alt="" /></a><a href="http://www.nyu.edu/projects/sanger/" onmouseout="MM_swapImgRestore();" onmouseover="MM_swapImage('sanger_foot_r1_c4','','../images/sanger_foot_r1_c4_f2.gif',1);"><img id="sanger_foot_r1_c4" src="../images/sanger_foot_r1_c4.gif" width="104" height="20" alt="" /></a><a href="http://www.nyu.edu/projects/sanger/contactus/" onmouseout="MM_swapImgRestore();" onmouseover="MM_swapImage('sanger_foot_r1_c5','','../images/sanger_foot_r1_c5_f2.gif',1);"><img id="sanger_foot_r1_c5" src="../images/sanger_foot_r1_c5.gif" width="104" height="20" alt="" /></a><img id="sanger_foot_r1_c6" src="../images/sanger_foot_r1_c6.jpg" width="105" height="20" alt="" />
	</p>
	<p style="margin-bottom: 0px; margin-top: -1px; /*\*/margin-top: -4px;/**/">
		<img src="../images/spacer.gif" width="545" height="1" alt="" /><a href="http://validator.w3.org/check/referer"><img src="../images/xhtml11.gif" alt="valid" /></a>
	</p>
</div> <!-- end of Container --> 
</body>
</html>
