<!DOCTYPE html PUBLIC "-//W3C//DTD XHTML 1.1//EN"
        "http://www.w3.org/TR/xhtml11/DTD/xhtml11.dtd">
<html>
<head>
	<title>The Public Papers of Margaret Sanger: Web Edition</title> 
	<meta http-equiv="content-type" content="text/html charset=ISO-8859-1" />
	<link href="../documents/styles.css" rel="stylesheet" type="text/css" />
<script type="text/javascript" src="../documents/global.js"></script> 
</head>
<body onload="MM_preloadImages('../images/header_r2_c1_f2.gif','../images/header_r2_c2_f2.gif','../images/header_r2_c3_f2.gif','../images/header_r2_c4_f2.gif','../images/header_r2_c5_f2.gif');">
<div id="container" style="width: 626px; margin: 0px auto;"> 
<p style="margin-top: 0px; margin-bottom: 0px;">
	<img id="header_r1_c1" src="../images/header_r1_c1.gif" width="625" height="95" alt="" /><img src="../images/spacer.gif" width="1" height="95" alt="" /> 
</p>
<p style="margin-top: 0px; /*\*/margin-top: -3px;/**/">
	<a href="project.php" onmouseout="MM_swapImgRestore();" onmouseover="MM_swapImage('header_r2_c1','','../images/header_r2_c1_f2.gif',1);"><img id="header_r2_c1" src="../images/header_r2_c1.gif" width="104" height="20" alt="" /></a><a href="edition.php" onmouseout="MM_swapImgRestore();" onmouseover="MM_swapImage('header_r2_c2','','../images/header_r2_c2_f2.gif',1);"><img id="header_r2_c2" src="../images/header_r2_c2.gif" width="104" height="20" alt="" /></a><a href="search.php" onmouseout="MM_swapImgRestore();" onmouseover="MM_swapImage('header_r2_c3','','../images/header_r2_c3_f2.gif',1);"><img id="header_r2_c3" src="../images/header_r2_c3.gif" width="104" height="20" alt="" /></a><a href="http://www.nyu.edu/projects/sanger/" onmouseout="MM_swapImgRestore();" onmouseover="MM_swapImage('header_r2_c4','','../images/header_r2_c4_f2.gif',1);"><img id="header_r2_c4" src="../images/header_r2_c4.gif" width="104" height="20" alt="" /></a><a href="contact.php" onmouseout="MM_swapImgRestore();" onmouseover="MM_swapImage('header_r2_c5','','../images/header_r2_c5_f2.gif',1);"><img id="header_r2_c5" src="../images/header_r2_c5.gif" width="104" height="20" alt="" /></a><img id="header_r2_c6" src="../images/header_r2_c6.jpg" width="105" height="20" alt="" /><img src="../images/spacer.gif" width="1" height="20" alt="" /> 
</p>
<div class="outBox">
<div class="docBox">

<p class="title_heading">Margaret Sanger, "A Message to Mothers," Apr. 1916.
		</p><p>Published article. Source: 
            <a href="search.php?journal=%22Physical%20Culture%22"><span class="italics">Physical Culture</span></a>, Apr. 1916, Vol 35: No 4, p.
                15
            
	, <a href="search.php?journal=%22Margaret%20Sanger%20Papers%20Microfilm:%20Collected%20Document%22"><span class="italics">Margaret Sanger Papers Microfilm: Collected Document</span></a>C16:99
        .
		</p><p class="headnote">A brief editorial note directing readers to an update on Sanger's trial that precedes this article was omitted.</p><hr>
    
    
    
        <h1>A Message to Mothers</h1>
        <h3>By Margaret H. Sanger</h3>
        <p>"Motherhood is sacred!" How many times have we heard that platitude -- that sweet,
            sickening lie in view of the horrible truth that motherhood has so often been a
            profanity -- the very incarnation of recklessness, carelessness, and blindness to future
            misery? Through involuntary motherhood misery and disease and ignorance and stupidity
            have been multiplied a million fold in this world. A weak and exploitable humanity has
            perpetuated itself for the benefit of its Machiavellian masters.</p>
        <p>Such at least must be the impression of one like myself. For in this work I have had the
            great response from the mothers of America
            themselves, hundreds, even thousands of letters and requests coming to me for this
            knowledge. The only opposition has come from those who have established themselves
            behind the ramparts of privilege and power, or from those who derive their huge revenues
            from the weak and disinherited humanity which is the result of reckless procreation.</p>
        <p>Some are of the opinion that the practice of Birth Control by American Mothers will
            result in the improvement of the quality of the race, even though it diminish the
            quantity. I prefer to emphasize the direct and immediate benefits to be derived from
            Birth Control. Certainly we need fine, well-born children. To get them, we need strong
            mothers, strong women--spiritually strong and physically strong.</p>
        <p>When I started my propaganda for Birth Control--a fight that has been a dark and hopeless
            one against the forces of authority and ignorance--I was resolved to give women the one
            effective weapon with which they might assert their <span class="italics">central</span>
            and <span class="italics">radical</span> function in human society.</p>
        <p>If the mothers of America--especially the mothers of the poor--were asking for safe
            methods of birth control, in order to alleviate and remove their misery, has the doctor,
            the social worker, the nurse--has anyone in possession of it--the right to withhold it?
            Or withholding it, must he not therefore be held responsible for the unlovely results of
            forced or reckless parenthood?</p>
        <p>The weapon of Birth Control would place into the hands of all women the power to
            decide--to make the important choice. It would--indeed it already has--raised Motherhood
            to a position of the greatest responsibility. We are now in a position to hold every
            woman to a strict accountability for the children she brings into this world. Women must
            now realize that they are bringing men and women into the world--not merely babies to
            sentimentalize over.</p>
        <p>"What right have you to bring this child into the world?" This is the question every
            mother must now answer.</p>
        <p>"What right have you to expect me to bring men and women into the world?" This, in turn,
            is the question every woman must ask Society.</p>
        <p>Oh! if I could rouse enough women--enough mothers of my class, the working class--to ask
            this stern question of American society--women fully conscious of the <span class="italics">true</span> sacredness of motherhood, women ready to demand an honest
            answer and determined to make this world into a fit place to receive <span class="italics">their</span> children--then would we not effect an immediate
            concentration upon the solution of social problems?</p>
        <p>The women and the mothers of America, not the courts, alone have the <span class="italics">power</span> to decide the cause of Birth Control.</p>
        <p> ASSERT THAT POWER!</p>
    
<hr><p>
		 	Subject Terms:
		</p><ul>
<li>
<a href="search.php?subject=birth%20control">birth control</a><a href="search.php?subject=birth%20control&amp;subject2=opposition%20to">, opposition to</a><a href="search.php?subject=birth%20control&amp;subject2=opposition%20to&amp;subject3="></a><a href="search.php?subject=birth%20control&amp;subject2=opposition%20to&amp;subject3=&amp;subject4="></a>
</li>
<li>
<a href="search.php?subject=birth%20control">birth control</a><a href="search.php?subject=birth%20control&amp;subject2=propaganda%20and%20publicity">, propaganda and publicity</a><a href="search.php?subject=birth%20control&amp;subject2=propaganda%20and%20publicity&amp;subject3="></a><a href="search.php?subject=birth%20control&amp;subject2=propaganda%20and%20publicity&amp;subject3=&amp;subject4="></a>
</li>
<li>
<a href="search.php?subject=motherhood">motherhood</a><a href="search.php?subject=motherhood&amp;subject2=MS%20on">, MS on</a><a href="search.php?subject=motherhood&amp;subject2=MS%20on&amp;subject3="></a><a href="search.php?subject=motherhood&amp;subject2=MS%20on&amp;subject3=&amp;subject4="></a>
</li>
<li>
<a href="search.php?subject=women">women</a><a href="search.php?subject=women&amp;subject2=enslavement%20of">, enslavement of</a><a href="search.php?subject=women&amp;subject2=enslavement%20of&amp;subject3="></a><a href="search.php?subject=women&amp;subject2=enslavement%20of&amp;subject3=&amp;subject4="></a>
</li>
<li>
<a href="search.php?subject=women">women</a><a href="search.php?subject=women&amp;subject2=reproductive%20choices%20and%20decisions">, reproductive choices and decisions</a><a href="search.php?subject=women&amp;subject2=reproductive%20choices%20and%20decisions&amp;subject3="></a><a href="search.php?subject=women&amp;subject2=reproductive%20choices%20and%20decisions&amp;subject3=&amp;subject4="></a>
</li>
</ul><p>
		 Copyright 2003. Margaret Sanger Project
        </p>
  </div>
</div>
	<div><br /></div>

	<p style="margin-top: 0px; margin-bottom: 0px;">
		<a href="http://www.nyu.edu/projects/sanger/aboutms/" onmouseout="MM_swapImgRestore();" onmouseover="MM_swapImage('sanger_foot_r1_c1','','../images/sanger_foot_r1_c1_f2.gif',1);"><img id="sanger_foot_r1_c1" src="../images/sanger_foot_r1_c1.gif" width="104" height="20" alt="" /></a><a href="http://www.nyu.edu/projects/sanger/documents/electroniced.php" onmouseout="MM_swapImgRestore();" onmouseover="MM_swapImage('sanger_foot_r1_c2','','../images/sanger_foot_r1_c2_f2.gif',1);"><img id="sanger_foot_r1_c2" src="../images/sanger_foot_r1_c2.gif" width="104" height="20" alt="" /></a><a href="search.php" onmouseout="MM_swapImgRestore();" onmouseover="MM_swapImage('sanger_foot_r1_c3','','../images/sanger_foot_r1_c3_f2.gif',1);"><img id="sanger_foot_r1_c3" src="../images/sanger_foot_r1_c3.gif" width="104" height="20" alt="" /></a><a href="http://www.nyu.edu/projects/sanger/" onmouseout="MM_swapImgRestore();" onmouseover="MM_swapImage('sanger_foot_r1_c4','','../images/sanger_foot_r1_c4_f2.gif',1);"><img id="sanger_foot_r1_c4" src="../images/sanger_foot_r1_c4.gif" width="104" height="20" alt="" /></a><a href="http://www.nyu.edu/projects/sanger/contactus/" onmouseout="MM_swapImgRestore();" onmouseover="MM_swapImage('sanger_foot_r1_c5','','../images/sanger_foot_r1_c5_f2.gif',1);"><img id="sanger_foot_r1_c5" src="../images/sanger_foot_r1_c5.gif" width="104" height="20" alt="" /></a><img id="sanger_foot_r1_c6" src="../images/sanger_foot_r1_c6.jpg" width="105" height="20" alt="" />
	</p>
	<p style="margin-bottom: 0px; margin-top: -1px; /*\*/margin-top: -4px;/**/">
		<img src="../images/spacer.gif" width="545" height="1" alt="" /><a href="http://validator.w3.org/check/referer"><img src="../images/xhtml11.gif" alt="valid" /></a>
	</p>
</div> <!-- end of Container --> 
</body>
</html>
