<!DOCTYPE html PUBLIC "-//W3C//DTD XHTML 1.1//EN"
        "http://www.w3.org/TR/xhtml11/DTD/xhtml11.dtd">
<html>
<head>
	<title>The Public Papers of Margaret Sanger: Web Edition</title> 
	<meta http-equiv="content-type" content="text/html charset=ISO-8859-1" />
	<link href="../documents/styles.css" rel="stylesheet" type="text/css" />
<script type="text/javascript" src="../documents/global.js"></script> 
</head>
<body onload="MM_preloadImages('../images/header_r2_c1_f2.gif','../images/header_r2_c2_f2.gif','../images/header_r2_c3_f2.gif','../images/header_r2_c4_f2.gif','../images/header_r2_c5_f2.gif');">
<div id="container" style="width: 626px; margin: 0px auto;"> 
<p style="margin-top: 0px; margin-bottom: 0px;">
	<img id="header_r1_c1" src="../images/header_r1_c1.gif" width="625" height="95" alt="" /><img src="../images/spacer.gif" width="1" height="95" alt="" /> 
</p>
<p style="margin-top: 0px; /*\*/margin-top: -3px;/**/">
	<a href="project.php" onmouseout="MM_swapImgRestore();" onmouseover="MM_swapImage('header_r2_c1','','../images/header_r2_c1_f2.gif',1);"><img id="header_r2_c1" src="../images/header_r2_c1.gif" width="104" height="20" alt="" /></a><a href="edition.php" onmouseout="MM_swapImgRestore();" onmouseover="MM_swapImage('header_r2_c2','','../images/header_r2_c2_f2.gif',1);"><img id="header_r2_c2" src="../images/header_r2_c2.gif" width="104" height="20" alt="" /></a><a href="search.php" onmouseout="MM_swapImgRestore();" onmouseover="MM_swapImage('header_r2_c3','','../images/header_r2_c3_f2.gif',1);"><img id="header_r2_c3" src="../images/header_r2_c3.gif" width="104" height="20" alt="" /></a><a href="http://www.nyu.edu/projects/sanger/" onmouseout="MM_swapImgRestore();" onmouseover="MM_swapImage('header_r2_c4','','../images/header_r2_c4_f2.gif',1);"><img id="header_r2_c4" src="../images/header_r2_c4.gif" width="104" height="20" alt="" /></a><a href="contact.php" onmouseout="MM_swapImgRestore();" onmouseover="MM_swapImage('header_r2_c5','','../images/header_r2_c5_f2.gif',1);"><img id="header_r2_c5" src="../images/header_r2_c5.gif" width="104" height="20" alt="" /></a><img id="header_r2_c6" src="../images/header_r2_c6.jpg" width="105" height="20" alt="" /><img src="../images/spacer.gif" width="1" height="20" alt="" /> 
</p>
<div class="outBox">
<div class="docBox">

<p class="title_heading">Margaret Sanger, "The Eugenic Value of Birth Control Propaganda," Oct 1921.
		</p><p>Published Article. Source: 
            <a href="search.php?journal=%22Birth%20Control%20Review%22"><span class="italics">Birth Control Review</span></a>, Oct. 1921, p. 5
            
	, <span class="italics">Margaret Sanger Microfilm</span> S70:913
        .
		</p><p class="headnote">For a draft version of this article, see Library of Congress Microfilm 129:164. For
            related documents, see "<a href="show.php?sangerDoc=129009">Limitations of
                    Eugenics</a>," Sept. 1921 and Chapter VIII of "The Pivot of Civilization," 1922. An editorial introduction mentions the
            timeliness of this article in light of the recently held  Second International Congress on
                Eugenics. Sanger submitted this paper to the Congress, but was rejected.</p><hr>
    
    
    
        <h1 class="italics">The Eugenic Value of Birth Control Propaganda</h1>
        <h3 class="italics">By Margaret Sanger</h3>
        <p>Seemingly every new approach to the great problem of the human race must manifest its
            vitality by running the gauntlet of prejudice, ridicule and misinterpretation. Eugenists
            may remember that not many years ago this program for race regeneration was subjected to
            the cruel ridicule of stupidity and ignorance. Today Eugenics is suggested by the most
            diverse minds as the most adequate and thorough avenue to the solution of racial,
            political and social problems. The most intransigent and daring teachers and scientists
            have lent their support to this great biological interpretation of the human race. The
            war has emphasized its necessity.</p>
        <p>The doctrine of Birth Control is now passing through the stage of ridicule, prejudice and
            misunderstanding. A few years ago this new weapon of civilization and freedom was
            condemned as immoral, destructive, obscene. Gradually the criticisms are
            lessening-&#8211;understanding is taking the place of misunderstanding. The eugenic and
            civilizational value of Birth Control is becoming apparent to the enlightened and the
            intelligent.</p>
        <p>In the limited space of the present paper, I have time only to touch upon some of the
            fundamental convictions that form the basis of our Birth Control propaganda, and which,
            as I think you must agree, indicate that the campaign for Birth Control is not merely of
            eugenic value, but is practically identical in ideal, with the final aims of
            Eugenics.</p>
        <p>First: we are convinced that racial regeneration like individual regeneration, must come
            "from within." That is, it must be autonomous, self-directive, and not imposed from
            without. In other words, every potential parent, and especially every potential mother,
            must be brought to an acute realization of the primary and central importance of
            bringing children into this world.</p>
        <p>Secondly: Not until the parents of the world are thus given control over their
            reproductive faculties will it ever be possible not alone to improve the quality of the
            generations of the future, but even to maintain civilization even at its present level.
            Only by self-control of this type, only by intelligent mastery of the procreative powers
            can the great mass of humanity be awakened to the great responsibility of
            parenthood.</p>
        <p>Thirdly: we have come to the conclusion, based on widespread investigation and
            experience, that this education for parenthood and of parenthood must be based upon the
            needs and demands of the people themselves. An idealistic code of sexual ethics, imposed
            from above, a set of rules devised by high-minded theorists who fail to take into
            account the living conditions and desires of the submerged masses, can never be of the
            slightest value in effecting any changes in the <span class="italics"> mores</span> of
            the people. Such systems have in the past revealed their woeful inability to prevent the
            sexual and racial chaos into which the world has today drifted.</p>
        <p>The almost universal demand for practical education in Birth Control is one of the most
            hopeful signs that the masses themselves today possess the divine spark of regeneration.
            It remains for the courageous and the enlightened to answer this demand, to kindle the
            spark, to direct a thorough education in Eugenics based upon this intense interest.</p>
        <p>Birth Control propaganda is thus the entering wedge for the Eugenic educator. In
            answering the needs of these thousands upon thousands of submerged mothers, it is
            possible to use this interest as the foundation for education in prophylaxis, sexual
            hygiene, and infant welfare. The potential mother is to be shown that maternity need not
            be slavery but the most effective avenue toward self-development and self-realization.
            Upon this basis only may we improve the quality of the race.</p>
        <p>As an advocate of Birth Control, I wish to take advantage of the present opportunity to
            point out that the unbalance between the birth rate of the "unfit" and the "fit",
            admittedly the greatest present menace to civilization, can never be rectified by the
            inauguration of a cradle competition between these two classes. In this matter, the
            example of the inferior classes, the fertility of the feeble-minded, the mentally
            defective, the poverty-stricken classes, should not be held up for emulation to the
            mentally and physically fit though less fertile parents of the educated and well-to-do
            classes. On the contrary, the most urgent problem today is how to limit and discourage
            the over-fertility of the mentally and physically defective.</p>
        <p>Birth Control is not advanced as a panacea by which past and present evils of dysgenic
            breeding can be magically eliminated. Possibly drastic and Spartan methods may be forced
            upon society if it continues complacently to encourage the chance and chaotic breeding
            that has resulted from our stupidly cruel sentimentalism.</p>
        <p>But to prevent the repetition, to effect the salvation of the generations of the
            future&#8211;nay of the generations of today&#8211;our greatest need is first of all the ability to
            face the situation without flinching, and to cooperate in the formation of a code of
            sexual ethics based upon a thorough biological and psychological understanding of human
            nature; and then to answer the questions and the needs of the people with all the
            intelligence and honesty at our command. If we can summon the bravery to do this, we
            shall best be serving the true interests of Eugenics, because our work will then have a
            practical and pragmatic value.</p>
    
<hr><p>
		 	Subject Terms:
		</p><ul>
<li>
<a href="search.php?subject=%5Eunfit%5E%20to%20reproduce">"unfit" to reproduce</a><a href="search.php?subject=%22unfit%22%20to%20reproduce&amp;subject2=MS%20on">, MS on</a><a href="search.php?subject=%22unfit%22%20to%20reproduce&amp;subject2=MS%20on&amp;subject3="></a><a href="search.php?subject=%22unfit%22%20to%20reproduce&amp;subject2=MS%20on&amp;subject3=&amp;subject4="></a>
</li>
<li>
<a href="search.php?subject=birth%20control">birth control</a><a href="search.php?subject=birth%20control&amp;subject2=movement">, movement</a><a href="search.php?subject=birth%20control&amp;subject2=movement&amp;subject3="></a><a href="search.php?subject=birth%20control&amp;subject2=movement&amp;subject3=&amp;subject4="></a>
</li>
<li>
<a href="search.php?subject=eugenics">eugenics</a><a href="search.php?subject=eugenics&amp;subject2=birth%20control%20and">, birth control and</a><a href="search.php?subject=eugenics&amp;subject2=birth%20control%20and&amp;subject3="></a><a href="search.php?subject=eugenics&amp;subject2=birth%20control%20and&amp;subject3=&amp;subject4="></a>
</li>
<li>
<a href="search.php?subject=eugenics">eugenics</a><a href="search.php?subject=eugenics&amp;subject2=MS%20on">, MS on</a><a href="search.php?subject=eugenics&amp;subject2=MS%20on&amp;subject3="></a><a href="search.php?subject=eugenics&amp;subject2=MS%20on&amp;subject3=&amp;subject4="></a>
</li>
<li>
<a href="search.php?subject=eugenics">eugenics</a><a href="search.php?subject=eugenics&amp;subject2=positive">, positive</a><a href="search.php?subject=eugenics&amp;subject2=positive&amp;subject3="></a><a href="search.php?subject=eugenics&amp;subject2=positive&amp;subject3=&amp;subject4="></a>
</li>
<li>
<a href="search.php?subject=International%20Congress%20of%20Eugenics">International Congress of Eugenics</a><a href="search.php?subject=International%20Congress%20of%20Eugenics&amp;subject2=in%201921%20(2nd,%20New%20York)">, in 1921 (2nd, New York)</a><a href="search.php?subject=International%20Congress%20of%20Eugenics&amp;subject2=in%201921%20(2nd,%20New%20York)&amp;subject3="></a><a href="search.php?subject=International%20Congress%20of%20Eugenics&amp;subject2=in%201921%20(2nd,%20New%20York)&amp;subject3=&amp;subject4="></a>
</li>
<li>
<a href="search.php?subject=men">men</a><a href="search.php?subject=men&amp;subject2=reproductive%20choices%20and%20decisions">, reproductive choices and decisions</a><a href="search.php?subject=men&amp;subject2=reproductive%20choices%20and%20decisions&amp;subject3="></a><a href="search.php?subject=men&amp;subject2=reproductive%20choices%20and%20decisions&amp;subject3=&amp;subject4="></a>
</li>
<li>
<a href="search.php?subject=parenthood">parenthood</a><a href="search.php?subject=parenthood&amp;subject2=MS%20on">, MS on</a><a href="search.php?subject=parenthood&amp;subject2=MS%20on&amp;subject3="></a><a href="search.php?subject=parenthood&amp;subject2=MS%20on&amp;subject3=&amp;subject4="></a>
</li>
<li>
<a href="search.php?subject=sexuality">sexuality</a><a href="search.php?subject=sexuality&amp;subject2=working%20class">, working class</a><a href="search.php?subject=sexuality&amp;subject2=working%20class&amp;subject3="></a><a href="search.php?subject=sexuality&amp;subject2=working%20class&amp;subject3=&amp;subject4="></a>
</li>
<li>
<a href="search.php?subject=women">women</a><a href="search.php?subject=women&amp;subject2=reproductive%20choices%20and%20decisions">, reproductive choices and decisions</a><a href="search.php?subject=women&amp;subject2=reproductive%20choices%20and%20decisions&amp;subject3="></a><a href="search.php?subject=women&amp;subject2=reproductive%20choices%20and%20decisions&amp;subject3=&amp;subject4="></a>
</li>
</ul><p>
		 Copyright 2003. Margaret Sanger Project
        </p>
  </div>
</div>
	<div><br /></div>

	<p style="margin-top: 0px; margin-bottom: 0px;">
		<a href="http://www.nyu.edu/projects/sanger/aboutms/" onmouseout="MM_swapImgRestore();" onmouseover="MM_swapImage('sanger_foot_r1_c1','','../images/sanger_foot_r1_c1_f2.gif',1);"><img id="sanger_foot_r1_c1" src="../images/sanger_foot_r1_c1.gif" width="104" height="20" alt="" /></a><a href="http://www.nyu.edu/projects/sanger/documents/electroniced.php" onmouseout="MM_swapImgRestore();" onmouseover="MM_swapImage('sanger_foot_r1_c2','','../images/sanger_foot_r1_c2_f2.gif',1);"><img id="sanger_foot_r1_c2" src="../images/sanger_foot_r1_c2.gif" width="104" height="20" alt="" /></a><a href="search.php" onmouseout="MM_swapImgRestore();" onmouseover="MM_swapImage('sanger_foot_r1_c3','','../images/sanger_foot_r1_c3_f2.gif',1);"><img id="sanger_foot_r1_c3" src="../images/sanger_foot_r1_c3.gif" width="104" height="20" alt="" /></a><a href="http://www.nyu.edu/projects/sanger/" onmouseout="MM_swapImgRestore();" onmouseover="MM_swapImage('sanger_foot_r1_c4','','../images/sanger_foot_r1_c4_f2.gif',1);"><img id="sanger_foot_r1_c4" src="../images/sanger_foot_r1_c4.gif" width="104" height="20" alt="" /></a><a href="http://www.nyu.edu/projects/sanger/contactus/" onmouseout="MM_swapImgRestore();" onmouseover="MM_swapImage('sanger_foot_r1_c5','','../images/sanger_foot_r1_c5_f2.gif',1);"><img id="sanger_foot_r1_c5" src="../images/sanger_foot_r1_c5.gif" width="104" height="20" alt="" /></a><img id="sanger_foot_r1_c6" src="../images/sanger_foot_r1_c6.jpg" width="105" height="20" alt="" />
	</p>
	<p style="margin-bottom: 0px; margin-top: -1px; /*\*/margin-top: -4px;/**/">
		<img src="../images/spacer.gif" width="545" height="1" alt="" /><a href="http://validator.w3.org/check/referer"><img src="../images/xhtml11.gif" alt="valid" /></a>
	</p>
</div> <!-- end of Container --> 
</body>
</html>
