<!DOCTYPE html PUBLIC "-//W3C//DTD XHTML 1.1//EN"
        "http://www.w3.org/TR/xhtml11/DTD/xhtml11.dtd">
<html>
<head>
	<title>The Public Papers of Margaret Sanger: Web Edition</title> 
	<meta http-equiv="content-type" content="text/html charset=ISO-8859-1" />
	<link href="../documents/styles.css" rel="stylesheet" type="text/css" />
<script type="text/javascript" src="../documents/global.js"></script> 
</head>
<body onload="MM_preloadImages('../images/header_r2_c1_f2.gif','../images/header_r2_c2_f2.gif','../images/header_r2_c3_f2.gif','../images/header_r2_c4_f2.gif','../images/header_r2_c5_f2.gif');">
<div id="container" style="width: 626px; margin: 0px auto;"> 
<p style="margin-top: 0px; margin-bottom: 0px;">
	<img id="header_r1_c1" src="../images/header_r1_c1.gif" width="625" height="95" alt="" /><img src="../images/spacer.gif" width="1" height="95" alt="" /> 
</p>
<p style="margin-top: 0px; /*\*/margin-top: -3px;/**/">
	<a href="project.php" onmouseout="MM_swapImgRestore();" onmouseover="MM_swapImage('header_r2_c1','','../images/header_r2_c1_f2.gif',1);"><img id="header_r2_c1" src="../images/header_r2_c1.gif" width="104" height="20" alt="" /></a><a href="edition.php" onmouseout="MM_swapImgRestore();" onmouseover="MM_swapImage('header_r2_c2','','../images/header_r2_c2_f2.gif',1);"><img id="header_r2_c2" src="../images/header_r2_c2.gif" width="104" height="20" alt="" /></a><a href="search.php" onmouseout="MM_swapImgRestore();" onmouseover="MM_swapImage('header_r2_c3','','../images/header_r2_c3_f2.gif',1);"><img id="header_r2_c3" src="../images/header_r2_c3.gif" width="104" height="20" alt="" /></a><a href="http://www.nyu.edu/projects/sanger/" onmouseout="MM_swapImgRestore();" onmouseover="MM_swapImage('header_r2_c4','','../images/header_r2_c4_f2.gif',1);"><img id="header_r2_c4" src="../images/header_r2_c4.gif" width="104" height="20" alt="" /></a><a href="contact.php" onmouseout="MM_swapImgRestore();" onmouseover="MM_swapImage('header_r2_c5','','../images/header_r2_c5_f2.gif',1);"><img id="header_r2_c5" src="../images/header_r2_c5.gif" width="104" height="20" alt="" /></a><img id="header_r2_c6" src="../images/header_r2_c6.jpg" width="105" height="20" alt="" /><img src="../images/spacer.gif" width="1" height="20" alt="" /> 
</p>
<div class="outBox">
<div class="docBox">

<p class="title_heading">Margaret Sanger, "How Six Little Children Were Taught the Truth, Part VII," 10 Dec. 1911.
		</p><p>Published article. Source: 
            <a href="search.php?journal=%22New%20York%20Call%22"><span class="italics">New York Call</span></a>, Dec. 10, 1911
        .
		</p><p class="headnote">This is Part 7 of an eight-part series of the same title. For Part I, see <a href="show.php?sangerDoc=320081.xml">Oct. 19, 1911</a>, for Part II, see <a href="show.php?sangerDoc=320082.xml">Nov.
                5, 1911</a>, for Part III see <a href="show.php?sangerDoc=320083.xml">Nov. 12, 1911</a>, for
            Part IV see <a href="show.php?sangerDoc=320084.xml">Nov. 19, 1911</a>, for Part V-a and V-b see <a href="show.php?sangerDoc=320085.xml">Nov. 26, 1911</a> and <a href="show.php?sangerDoc=320086.xml">Dec. 3,
                1911</a>, and for Part VII, see <a href="show.php?sangerDoc=320088.xml">Dec. 17,
            1911.</a>This series was compiled and published as What
                Every Mother Should Know (1912).</p><hr>
    
    
    
        <h1>How Six Little Children Were Taught the Truth</h1>
        <h3>By Margaret H. Sanger</h3>
        <h2>The Mammals and Their Children. PART I.</h2>
        <p>The first question one of the boys asked was, "What is a mammal?"and it was explained to
            the children that a mammal is an animal with a hairy covering, who breathes with lungs,
            and has warm or quick circulating blood. They have little ones, which when born are not
            in the form of eggs, like the frogs or birds, and have the same shape as their parents,
            though smaller and weaker. The mother mammal nurses these little ones with milk secreted
            from glands, called mammary glands. And that is why they are called "mammals."</p>
        <p>Their instincts are highly developed, and they are considered the highest animals.</p>
        <p>Many instances were shown them of the meaning of instinct, as that of the mother bird
            turning over her eggs every day. In fact, from the first the word was explained in every
            stage to enable them to know the difference between INSTINCT and REASON later on.</p>
        <p>There was no one creature taken up this time, but all together, and some pictures were
            shown them of lower tribes of man, and it was decided that man must be classed with the
            mammals, for he is partly covered with hair, gives birth to young in his own shape, and
            feeds the young from mammary glands. So with this highest development in mind, they were
            told that: There is a mammal, the spiny ant eater, covered with hair, which, however,
            lays eggs like the birds in nests. They were told about the kangaroo and opossum, who
            give birth to their little ones very early, and carry them in a pouch until they are
            able to help themselves. As soon as the little opossum is born, Mother Opossum picks him
            up in her mouth and places him in her pouch, where he sucks away at the milk which is
            secreted there, until he is strong and able to get food for himself--which is about the
            same length of time that other mammals carry their young before giving birth to
            them.</p>
        <p>They were told of the bats and the flying squirrels, and were taught to think for
            themselves and learn of the process of transition or evolution. They were told that
            Bobby's cat must be given a new clean box, or bed; that she must not be handled roughly
            or chased, because she was going to have little kittens. To the utter astonishment of
            Bobby's mother there was a chorus of, "How do you know?" and she realized that she might
            have omitted a most important piece of information.</p>
        <p>They were again reminded of the birds and the undeveloped eggs coming from the ovary of
            mother bird; which at a certain time become ripe for fertilization; of how the father
            bird at a certain time feels he has developed (since the fertilizing principle within
            him has developed) so that in coming in contact with the undeveloped egg within the
            mother's body, these are quickened into life. The same process goes on with the mammals,
            but as the instinct becomes more developed as they go higher in the scale of life
            breeding becomes more complex.</p>
        <p>They were told that where in birds the whole egg, shell and all passes out of the
            mother's body, into the nest, with the mammal the shell becomes a thin skin, which
            envelops the little one, but remains within the mother's body until it is grown enough
            and strong enough to live on the milk from the mother. While it is within the mother's
            body it is fed from the blood of the mother, and all the food she eats helps to make the
            little ones within her strong. </p>
        <p>It is of great assistance for a mother to have some knowledge of the processes of
            assimilation so that the children will learn how the food products in the blood, instead
            of supplying the mother, go to the child to build up bone, muscle, nerves and
            tissues.</p>
        <p>They were told that as the mammal grows and develops within the body of the mother her
            shape becomes changed--becomes larger in the region where the new life lies, and that is
            how one could tell that Mrs. Pussy Cat was going to have a family. </p>
        <p>It was dwelt upon at great length that it was necessary to know this, because every
            mother needs protection from worry, excitement, cruelty, overwork, starvation at such a
            period; that she needed kindness, rest, good food, sunshine, in order that she give the
            little ones strength and health.</p>
        <p>They were told that in smaller animals many more eggs, develop at a time and are
            fertilized but in the larger animals such as cows, horses, elephants, etc., only one egg
            develops and one animal is born. In man, too, this is true. One egg develops at a time,
            and if it is fertilized it remains in its little nest (or uterus), and grows until it is
            ready to stand the changed conditions into which it must come after it is born. If it is
            not fertilized it passes on out of the body and is lost but when it is fertilized by the
            father, it remains in the uterus and grows until it is grown enough to withstand a
            different life and different surroundings.</p>
        <p>At first the new being is only the size of a pea (that is in a week after it is
            fertilized). In a few weeks (eight) it is the size of a lemon, and its shape is
            complete. In four months it begins to move about, to kick, to move its little hands, and
            in nine months Mother Nature can develop it no more. It is time to change, if it is to
            live, so she sends it along the passage, enlarging the passage and stretching it as it
            goes -- which causes much pain and suffering to the mother until it reaches the outside
            world, where it is taken and cared for and loved, and all the mother's pain is forgotten
            in the joy of having her little one alive and strong and well.</p>
        <p>One of the mothers was expecting the arrival of a little one, and great care and
            tenderness was shown her after the children knew of this event. She was assisted up the
            hills, brought flowers and all the tenderness of which children are capable was bestowed
            upon her.</p>
        <p>They anxiously watched and waited for its arrival, looked over the small clothing which
            was being prepared for it, and seemed as interested as any grown-up could ever be.</p>
        <p>They were taken to a farm some miles away to see a calf a few days old. Stories were read
            to them at this time about the habits of these animals and the care of their young. They
            were taken to the Museum of Natural History in New
                York and to Bronx Park, and such excursions were red letter days
            in their book of childhood.</p>
        <p>They were told of the freedom of the animals in choosing their mates--that beauty and
            strength seemed the greatest qualifications. The story of the bees was briefly told. How
            the queen bee leaves her home amidst the hundreds of male bees who are all anxious to be
            the father of the future hive. How she rambles about for a little while, then up she
            flies--up, up, straight into the clouds with hundreds of male bees following. Gradually
            the weakest bees drop off and return, but the stronger ones still follow until there are
            often only two male bees left in the race. The weaker of the two returns and the
            strongest bee of the whole hive wins the queen bee, and fertilizes the eggs within her
            body. After this act of reproduction he dies, and Mrs. Bee returns to her hive and lays
            thousands of bee eggs. The strongest gave his life that the future bees should be given
            his great strength.</p>
        <p>The children were sad about this. They wanted the strongest to live, and it was now the
            place to teach them of their own bodies, what cleanliness and strength means to the
            future race of man. But this we will learn of in our next lesson. </p>
    
<hr><p>
		 	Subject Terms:
		</p><ul>
<li>
<a href="search.php?subject=reproduction">reproduction</a><a href="search.php?subject=reproduction&amp;subject2="></a><a href="search.php?subject=reproduction&amp;subject2=&amp;subject3="></a><a href="search.php?subject=reproduction&amp;subject2=&amp;subject3=&amp;subject4="></a>
</li>
<li>
<a href="search.php?subject=sex%20education">sex education</a><a href="search.php?subject=sex%20education&amp;subject2="></a><a href="search.php?subject=sex%20education&amp;subject2=&amp;subject3="></a><a href="search.php?subject=sex%20education&amp;subject2=&amp;subject3=&amp;subject4="></a>
</li>
</ul><p>
		 Copyright 2003. Margaret Sanger Project
        </p>
  </div>
</div>
	<div><br /></div>

	<p style="margin-top: 0px; margin-bottom: 0px;">
		<a href="http://www.nyu.edu/projects/sanger/aboutms/" onmouseout="MM_swapImgRestore();" onmouseover="MM_swapImage('sanger_foot_r1_c1','','../images/sanger_foot_r1_c1_f2.gif',1);"><img id="sanger_foot_r1_c1" src="../images/sanger_foot_r1_c1.gif" width="104" height="20" alt="" /></a><a href="http://www.nyu.edu/projects/sanger/documents/electroniced.php" onmouseout="MM_swapImgRestore();" onmouseover="MM_swapImage('sanger_foot_r1_c2','','../images/sanger_foot_r1_c2_f2.gif',1);"><img id="sanger_foot_r1_c2" src="../images/sanger_foot_r1_c2.gif" width="104" height="20" alt="" /></a><a href="search.php" onmouseout="MM_swapImgRestore();" onmouseover="MM_swapImage('sanger_foot_r1_c3','','../images/sanger_foot_r1_c3_f2.gif',1);"><img id="sanger_foot_r1_c3" src="../images/sanger_foot_r1_c3.gif" width="104" height="20" alt="" /></a><a href="http://www.nyu.edu/projects/sanger/" onmouseout="MM_swapImgRestore();" onmouseover="MM_swapImage('sanger_foot_r1_c4','','../images/sanger_foot_r1_c4_f2.gif',1);"><img id="sanger_foot_r1_c4" src="../images/sanger_foot_r1_c4.gif" width="104" height="20" alt="" /></a><a href="http://www.nyu.edu/projects/sanger/contactus/" onmouseout="MM_swapImgRestore();" onmouseover="MM_swapImage('sanger_foot_r1_c5','','../images/sanger_foot_r1_c5_f2.gif',1);"><img id="sanger_foot_r1_c5" src="../images/sanger_foot_r1_c5.gif" width="104" height="20" alt="" /></a><img id="sanger_foot_r1_c6" src="../images/sanger_foot_r1_c6.jpg" width="105" height="20" alt="" />
	</p>
	<p style="margin-bottom: 0px; margin-top: -1px; /*\*/margin-top: -4px;/**/">
		<img src="../images/spacer.gif" width="545" height="1" alt="" /><a href="http://validator.w3.org/check/referer"><img src="../images/xhtml11.gif" alt="valid" /></a>
	</p>
</div> <!-- end of Container --> 
</body>
</html>
