<!DOCTYPE html PUBLIC "-//W3C//DTD XHTML 1.1//EN"
        "http://www.w3.org/TR/xhtml11/DTD/xhtml11.dtd">
<html>
<head>
	<title>The Public Papers of Margaret Sanger: Web Edition</title> 
	<meta http-equiv="content-type" content="text/html charset=ISO-8859-1" />
	<link href="../documents/styles.css" rel="stylesheet" type="text/css" />
<script type="text/javascript" src="../documents/global.js"></script> 
</head>
<body onload="MM_preloadImages('../images/header_r2_c1_f2.gif','../images/header_r2_c2_f2.gif','../images/header_r2_c3_f2.gif','../images/header_r2_c4_f2.gif','../images/header_r2_c5_f2.gif');">
<div id="container" style="width: 626px; margin: 0px auto;"> 
<p style="margin-top: 0px; margin-bottom: 0px;">
	<img id="header_r1_c1" src="../images/header_r1_c1.gif" width="625" height="95" alt="" /><img src="../images/spacer.gif" width="1" height="95" alt="" /> 
</p>
<p style="margin-top: 0px; /*\*/margin-top: -3px;/**/">
	<a href="project.php" onmouseout="MM_swapImgRestore();" onmouseover="MM_swapImage('header_r2_c1','','../images/header_r2_c1_f2.gif',1);"><img id="header_r2_c1" src="../images/header_r2_c1.gif" width="104" height="20" alt="" /></a><a href="edition.php" onmouseout="MM_swapImgRestore();" onmouseover="MM_swapImage('header_r2_c2','','../images/header_r2_c2_f2.gif',1);"><img id="header_r2_c2" src="../images/header_r2_c2.gif" width="104" height="20" alt="" /></a><a href="search.php" onmouseout="MM_swapImgRestore();" onmouseover="MM_swapImage('header_r2_c3','','../images/header_r2_c3_f2.gif',1);"><img id="header_r2_c3" src="../images/header_r2_c3.gif" width="104" height="20" alt="" /></a><a href="http://www.nyu.edu/projects/sanger/" onmouseout="MM_swapImgRestore();" onmouseover="MM_swapImage('header_r2_c4','','../images/header_r2_c4_f2.gif',1);"><img id="header_r2_c4" src="../images/header_r2_c4.gif" width="104" height="20" alt="" /></a><a href="contact.php" onmouseout="MM_swapImgRestore();" onmouseover="MM_swapImage('header_r2_c5','','../images/header_r2_c5_f2.gif',1);"><img id="header_r2_c5" src="../images/header_r2_c5.gif" width="104" height="20" alt="" /></a><img id="header_r2_c6" src="../images/header_r2_c6.jpg" width="105" height="20" alt="" /><img src="../images/spacer.gif" width="1" height="20" alt="" /> 
</p>
<div class="outBox">
<div class="docBox">

<p class="title_heading">Margaret Sanger, "
        [<em>Introduction for Leon J. Cole</em>]
    ," 1936.
		</p><p>Typed draft speech. Source: 
            Margaret Sanger Papers, Library of Congress
            
	, <a href="search.php?journal=%22Library%20of%20Congress%20Microfilm%22"><span class="italics">Library of Congress Microfilm</span></a>, 129:676
        .
		</p><p class="headnote"></p><hr>
    
    
    
        
	[<em>one page missing</em>]
	
        <p>A fairly good record considering the material with which we must work.</p>
        <p> But we are not content to rest upon the laurels of these claims.-- We refuse to look
            back with satisfaction, rather do we look forward with impatient urgent demands.</p>
        <p> It is a curious fact that for all the hundreds of thousands of women in the more than
            300 Birth Control Clinics now operating in the United States
                of America and that in the 13 years of our activity in the Clinical Research Bureau for the
            56,000 women it has advised, we have been forced to depend upon a method discovered and
            perfected by Dr. Mensinger of
                Germany over sixty years ago! This is really an extraordinary
            situation and is precisely the reason why only a small fraction of the women in any
            country are able to benefit by contraception, 
       &#8593;this condition&#8595;
     will remain
            until we find methods more suitable to the economic, social conditions of the masses. </p>
        <p> We know that we have touched only a small fraction of those millions most in need of
            contraception. We have only scratched the surface of a problem which goes beyond the
            barrier of a single nation, a single race in fact beyond the boundaries of our own
            country. For 
       &#8593;with&#8595;
     the whole problem of fertility, controlled and uncontrolled
            depends not merely 
       &#8593;upon&#8595;
     the future of the Human race, but the graver one of
            its salvaging and its survival.</p>
        <p> We have started to clear the way of rubbish and have uncovered many obstacles. We cannot
            go much further onward and upward without help. The submerged sections of our population
            are clamoring for cheap effective means to control the size of the family--They have
            never had a chance for they cannot come to us--So we must go to them.</p>
        <p> The Birth Control Clinics have demonstrated fairly accurately that there are methods of
            contraception which can and will give good results. They have proven over a long period
            of time to be harmless and efficacious. To get results, however, it is necessary to be
            accessible to a medical or a qualified person who is equipped to advise and
            instruct.</p>
        <p> To those millions of women on farms and homesteads, and in mining areas where the doctor
            is only an occasional visitor in times of illness, there is so far no contraceptive
            which can be recommended as efficacious and harmless. This is our great present and
            urgent need. She can not come to us. So we must go to her, but we must have for her
            use--methods suitable to her needs.</p>
        <p> We must build the future of humanity--Waste of Mother and Child life. This will continue
            in an endless chain unless we face these facts fearlessly and do something about
            them.</p>
        <p> Birth Control movement has arrived at a stage in its development to help that part of
            the population accessible to hospitals, doctors or other health service where properly
            qualified teachers are available. It has so far no answer, no reliable help, for the
            women on homesteads, farms or outlying rural districts where medical help is not
            convenient. <span class="del">This woman</span> These millions of women are our problem--our next
            concerted effort must be on their behalf. If she can not come to us, we must go to
            her.</p>
        <p> But, before we can reach her needs with the same results as attained by the city woman,
            we must have methods of contraception: cheaper, easier to apply, as harmless as those we
            now have, have proved to be.</p>
        <p> The scientist must come to our aid. We want his cooperation, his wisdom, his impersonal
            courage and vision.</p>
        <p> We must place the Scientist on the bridge as captain of our Cause, to guide us into the
            Unknown Future. (Introduce Prof. Cole) </p>


    
<hr><p>
		 	Subject Terms:
		</p><ul>
<li>
<a href="search.php?subject=birth%20control">birth control</a><a href="search.php?subject=birth%20control&amp;subject2=access%20to">, access to</a><a href="search.php?subject=birth%20control&amp;subject2=access%20to&amp;subject3=in%20remote%20places">, in remote places</a><a href="search.php?subject=birth%20control&amp;subject2=access%20to&amp;subject3=in%20remote%20places&amp;subject4="></a>
</li>
<li>
<a href="search.php?subject=birth%20control">birth control</a><a href="search.php?subject=birth%20control&amp;subject2=clinics%20and%20leagues">, clinics and leagues</a><a href="search.php?subject=birth%20control&amp;subject2=clinics%20and%20leagues&amp;subject3="></a><a href="search.php?subject=birth%20control&amp;subject2=clinics%20and%20leagues&amp;subject3=&amp;subject4="></a>
</li>
<li>
<a href="search.php?subject=birth%20control">birth control</a><a href="search.php?subject=birth%20control&amp;subject2=methods">, methods</a><a href="search.php?subject=birth%20control&amp;subject2=methods&amp;subject3="></a><a href="search.php?subject=birth%20control&amp;subject2=methods&amp;subject3=&amp;subject4="></a>
</li>
</ul><p>
		 Copyright 2003. Margaret Sanger Project
        </p>
  </div>
</div>
	<div><br /></div>

	<p style="margin-top: 0px; margin-bottom: 0px;">
		<a href="http://www.nyu.edu/projects/sanger/aboutms/" onmouseout="MM_swapImgRestore();" onmouseover="MM_swapImage('sanger_foot_r1_c1','','../images/sanger_foot_r1_c1_f2.gif',1);"><img id="sanger_foot_r1_c1" src="../images/sanger_foot_r1_c1.gif" width="104" height="20" alt="" /></a><a href="http://www.nyu.edu/projects/sanger/documents/electroniced.php" onmouseout="MM_swapImgRestore();" onmouseover="MM_swapImage('sanger_foot_r1_c2','','../images/sanger_foot_r1_c2_f2.gif',1);"><img id="sanger_foot_r1_c2" src="../images/sanger_foot_r1_c2.gif" width="104" height="20" alt="" /></a><a href="search.php" onmouseout="MM_swapImgRestore();" onmouseover="MM_swapImage('sanger_foot_r1_c3','','../images/sanger_foot_r1_c3_f2.gif',1);"><img id="sanger_foot_r1_c3" src="../images/sanger_foot_r1_c3.gif" width="104" height="20" alt="" /></a><a href="http://www.nyu.edu/projects/sanger/" onmouseout="MM_swapImgRestore();" onmouseover="MM_swapImage('sanger_foot_r1_c4','','../images/sanger_foot_r1_c4_f2.gif',1);"><img id="sanger_foot_r1_c4" src="../images/sanger_foot_r1_c4.gif" width="104" height="20" alt="" /></a><a href="http://www.nyu.edu/projects/sanger/contactus/" onmouseout="MM_swapImgRestore();" onmouseover="MM_swapImage('sanger_foot_r1_c5','','../images/sanger_foot_r1_c5_f2.gif',1);"><img id="sanger_foot_r1_c5" src="../images/sanger_foot_r1_c5.gif" width="104" height="20" alt="" /></a><img id="sanger_foot_r1_c6" src="../images/sanger_foot_r1_c6.jpg" width="105" height="20" alt="" />
	</p>
	<p style="margin-bottom: 0px; margin-top: -1px; /*\*/margin-top: -4px;/**/">
		<img src="../images/spacer.gif" width="545" height="1" alt="" /><a href="http://validator.w3.org/check/referer"><img src="../images/xhtml11.gif" alt="valid" /></a>
	</p>
</div> <!-- end of Container --> 
</body>
</html>
