<!DOCTYPE html PUBLIC "-//W3C//DTD XHTML 1.1//EN"
        "http://www.w3.org/TR/xhtml11/DTD/xhtml11.dtd">
<html>
<head>
	<title>The Public Papers of Margaret Sanger: Web Edition</title> 
	<meta http-equiv="content-type" content="text/html charset=ISO-8859-1" />
	<link href="../documents/styles.css" rel="stylesheet" type="text/css" />
<script type="text/javascript" src="../documents/global.js"></script> 
</head>
<body onload="MM_preloadImages('../images/header_r2_c1_f2.gif','../images/header_r2_c2_f2.gif','../images/header_r2_c3_f2.gif','../images/header_r2_c4_f2.gif','../images/header_r2_c5_f2.gif');">
<div id="container" style="width: 626px; margin: 0px auto;"> 
<p style="margin-top: 0px; margin-bottom: 0px;">
	<img id="header_r1_c1" src="../images/header_r1_c1.gif" width="625" height="95" alt="" /><img src="../images/spacer.gif" width="1" height="95" alt="" /> 
</p>
<p style="margin-top: 0px; /*\*/margin-top: -3px;/**/">
	<a href="project.php" onmouseout="MM_swapImgRestore();" onmouseover="MM_swapImage('header_r2_c1','','../images/header_r2_c1_f2.gif',1);"><img id="header_r2_c1" src="../images/header_r2_c1.gif" width="104" height="20" alt="" /></a><a href="edition.php" onmouseout="MM_swapImgRestore();" onmouseover="MM_swapImage('header_r2_c2','','../images/header_r2_c2_f2.gif',1);"><img id="header_r2_c2" src="../images/header_r2_c2.gif" width="104" height="20" alt="" /></a><a href="search.php" onmouseout="MM_swapImgRestore();" onmouseover="MM_swapImage('header_r2_c3','','../images/header_r2_c3_f2.gif',1);"><img id="header_r2_c3" src="../images/header_r2_c3.gif" width="104" height="20" alt="" /></a><a href="http://www.nyu.edu/projects/sanger/" onmouseout="MM_swapImgRestore();" onmouseover="MM_swapImage('header_r2_c4','','../images/header_r2_c4_f2.gif',1);"><img id="header_r2_c4" src="../images/header_r2_c4.gif" width="104" height="20" alt="" /></a><a href="contact.php" onmouseout="MM_swapImgRestore();" onmouseover="MM_swapImage('header_r2_c5','','../images/header_r2_c5_f2.gif',1);"><img id="header_r2_c5" src="../images/header_r2_c5.gif" width="104" height="20" alt="" /></a><img id="header_r2_c6" src="../images/header_r2_c6.jpg" width="105" height="20" alt="" /><img src="../images/spacer.gif" width="1" height="20" alt="" /> 
</p>
<div class="outBox">
<div class="docBox">

<p class="title_heading">Margaret Sanger, "Comstockery in America," July 1915.
		</p><p>Published Article. Source: 
            <a href="search.php?journal=%22International%20Socialist%20Review%22"><span class="italics">International Socialist Review</span></a>, July 1915, Vol. XVI,
                no.1, 46-49
            
	, <a href="search.php?journal=%22Margaret%20Sanger%20Papers%20Microfilm%22"><span class="italics">Margaret Sanger Papers Microfilm</span></a> C16:884. For handwritten draft see
                Library of Congress Microfilm 128:665. The following notice appears at the end of
                the article: "Contributions for the Defense Fund of Comrades Sanger should be sent
                care of Leonard D. Abbott, 242 East 21st
                Street, New York, N.Y.
            
        .
		</p><p class="headnote"></p><hr>
    
    
    
        <h1>COMSTOCKERY IN AMERICA</h1>
        <h3>BY MARGARET H. SANGER</h3>
        <p>There is nothing which causes so much laughter or calls forth so many joking comments by
            people in Europe as Comstockery in America. Our English cousins have a vague idea of its intricacies but the
            Latin mind, either Italian, French or Spanish, cannot grasp the idea of its
            existence.</p>
        <p>America stands in the eyes of the younger generations of the various countries of Europe
            as a great hope and inspiration for the development of a free race. What, then, is their
            surprise and disappointment to learn that an American woman, born on American soil, must
            leave the "land of the free and home of the brave" to escape imprisonment for <span class="italics">discussing</span> the subject of Family Limitation.</p>
        <p>When the Latin hears this he storms and rages and asks where the integrity of manhood has
            gone, that it will allow such an infringement on one's personal liberty.</p>
        <p> But the English calmly shake their heads and tell you that the same issue was fought out
            in London in 1877 when Annie Besant and Charles
                Bradlaugh braved the courts and won freedom in their cause for British
            subjects for all time. They will tell you they sympathize, but can do little to help
            you, for the place to fight "Comstockery in America" is in America.</p>
        <p>There is no doubt of the truth of this assertion, so in order to fight Comstockery we
            must know who and what is behind it and put a strong searchlight on actions, which are
            considered by all classes of people throughout the civilized world as most contemptible
            and despicable.</p>
        
            <h2>COMSTOCK'S INFLUENCE.</h2>
            <p>Anthony Comstock was born in 1844. He has
                been Secretary and Special Agent for the Society for the Suppression
                    of Vice since 1873; also U. S. Post
                    Office Inspector since the same year. He records that he has destroyed 160
                tons of literature and brought 3,760 "criminals" to "justice" during these
                years.</p>
            <p>There is no doubt in the minds of thinking people that the influence of the Church in
                America has gradually been declining since the days of Robert Ingersoll and that today, as a power,
                it has almost entirely collapsed. But the relentless war which Ingersoll waged
                against the Church and the present-day power of Comstock are somewhat connected: the
                Church feeling its power going from it, through Ingersoll's influence, grasped at
                the straw held out to it by the Government, called the "Comstock laws." These were
                passed in 1873, and prohibit the sending of any matter through the mails which, in
                the opinion of Anthony Comstock, the Postal Authorities choose to call
                "obscene."</p>
            <p>
                <span class="italics">Thus, the Church, hiding behind the closed doors of the
                    suppression of Vice Society, works its timid and poisonous way through the
                    Government via its special agent, Comstock.</span>
            </p>
            <p>The passing of the Comstock laws in 1873 was designed to aid and abet both <span class="italics">moral</span> and <span class="italics">religious prejudice and
                    persecutions</span>. This aroused the wrath of the free-thinking and
                liberty-loving populace, and in 1878 great agitation was aroused against these laws:
                a petition was presented to Congress, headed
                by the name of Robert G. Ingersoll and signed by 70,000 "freemen," requesting the
                repeal of these outrageous laws. They were passed and executed ostensibly to prevent
                the passage of obscene literature through the U. S. mails, but actually were
                designed and enforced to destroy the liberty of conscience and thought in matters of
                religion and against the freedom of the press.</p>
            <p>The petition caused great agitation and aroused so much interest that a few years
                later the law was revised, removing the interference of religious prejudice, but the
                moral interference was left and Anthony Comstock then became the official guardian
                of American morality.</p>
        
        
            <h2>PERSECUTIONS.</h2>
            <p>Since that power was entrusted to Comstock, it was most natural that he should "make
                good" and give some evidence of the need of his special service.</p>
            <p>This he proves by sending out his minions of agents (Government spies) to tempt
                obscure booksellers to sell him a prohibited book. One case on record is of a
                    father and son, running a book store in the lower East
                Side of New York City. The agents came again and
                again asking for a certain medical book. The father stated that he did not have it,
                and the agent then induced him to order one for him. The father, thinking there was
                a demand for the book, sent to the publisher and purchased a copy, which the Agent
                called for the following day, paid for it and turned round and arrested the
                bookseller. He was dragged off to court and was sentenced to one year in Blackwell's Island. The son was also
                fined, and as I have not the records here with me, I can not say if he was not also
                imprisoned.</p>
            <p>The case of Moses Harmon is familiar to all.
                This man of seventy years, residing in Chicago,
                editing the paper "Lucifer," in which he discussed
                birth control and kindred subjects, was arrested six or seven times, sentenced to
                imprisonment year after year, always resuming the fight when he came from prison,
                until finally his health gave way through his sufferings and imprisonment, and he
                died, a victim of Comstock persecution.</p>
            <p>There have been many publications during these years which have been suppressed by
                the orders of Comstock, and the publisher imprisoned, but one of the latest, and
                most flagrant disregard of Press Freedom was in the suppression and confiscation of
                the monthly publication, "The Woman Rebel." This was a
                working woman's paper, the first of its kind ever issued in America. It had for its
                motto: "Working Women, build up within yourselves a conscious fighting character
                against all things which enslave you," and claimed that one of the working woman's
                greatest enslavements was her ignorance of the means to control the size of her
                family. The editor promised to defy the existing law and to impart such information
                to the readers of "The Woman Rebel" and urged all
                working women to rally to its support.</p>
            <p>The first issue in March, 1914, was suppressed. The May, July, August, September and
                October issues were suppressed and confiscated, and three indictments, on the March,
                May and July issues, covering twelve counts, were returned against me, as the
                editor, by the Federal Grand Jury. One of the counts against me was for an article
                called "Open Discussion." This was a discussion of the
                subject of birth control and was considered "obscene." Another was an article
                announcing the organization of The Birth
                    Control League, setting forth its object and methods of organization. All
                the indictments were returned and counts were made on all articles which discussed
                the idea of the Working Woman keeping down the number of her family.</p>
            <p>"The Woman Rebel" did not advocate the practice of this
                knowledge as a "panacea" for the present economic enslavement, but it did urge the
                practice of it as the most important immediate step which should be taken toward the
                economic emancipation of the workers. Thousands of letters poured in to me from all
                over the country. I was besieged with requests for the information from all kinds
                and classes of people. Nearly every letter agreed with me that too long have the
                workers produced the slave class, the children for the mills, the soldiers for the
                wars, and the time had come to watch the masters produce their own slaves if they
                must have them. <span class="italics">We know the capitalist class must have a slave
                    class, bred in poverty and reared in ignorance. That is why it is quite
                    consistent with their laws that there should be a heavy penalty of five years'
                    imprisonment for imparting information as to the means of preventing conception.
                    Industry in the U. S. A. is fairly new; it is reaching out in foreign lands to
                    capture trade and to undersell its rival competitors. They have only one way to
                    do this, and that is to get labor cheap. The cheapest labor is that of women and
                    children; the larger the number of children in a family, the earlier they enter
                    the factory.</span> We need only to look to our mill towns to see the truth of
                this statement; to the conditions in the cotton mills of the South where little boys
                and girls, eight, nine and ten years of age, wend their sleepy way to the mills in
                the morning before the winter sun has risen, to work at a killing tension for twelve
                hours as helper to the mother, and return again when the sun has set.</p>
            <p>
                <span class="italics">We, who know the conditions there, know that the father cannot
                    get a man's wage, because a child's labor can be had. There is an average of
                    nine children to every family in these and in other industrial sections where
                    child labor exists and wages run low and infant mortality runs high.</span></p>
            <p>Many of the stockholders of these mills are legislators and congressmen who have to
                do with the making of the laws. Naturally it is to their interest that child slaves
                be born into the world and their duty is to enforce the laws to that end.</p>
            <p>"The Woman Rebel" told the Working Woman these things,
                and told her that a large family of children is one of the greatest obstacles in the
                way to obtain economic freedom for her class. It is the greatest burden to them in
                all ways, for no matter how spirited and revolutionary one may feel, the piteous cry
                of hunger of several little ones will compel a man to forego the future good of his
                class to the present need of his family.</p>
            <p>It is the man with a large family who is so often the burden of a strike. He is
                usually the hardest to bring out on strike, for it is he and his who suffer the most
                through its duration. Everywhere, in the shop, in the army of the unemployed, in the
                bread line where men are ready to take the place of a striker, it is the large
                family problem which is the chief of the multitudes of miseries
                    
        [<em>that</em>]
    confront the working class today.</p>
            <p>"The Woman Rebel" told the Working Woman that there is
                no freedom for her until she has this knowledge which will enable her to say if she
                will become a mother or not. The fewer children she had to cook, wash and toil for,
                the more leisure she would have to read, think and develop. That freedom demands
                leisure, and her first freedom must be in her right of herself over her own body;
                the right to say what she will do with it in marriage and out of it; the right to
                become a mother, or not, as she desires and sees fit to do; that all these rights
                swing around the pivot of the means to prevent conception, and every woman had the
                right to have this knowledge if she wished it.</p>
            <p>As editor and publisher of "The Woman Rebel," I felt a
                great satisfaction and inspiration in the response which came from working men and
                women all over America. For fourteen years I have been much in the nursing field,
                and know too well the intolerable conditions among the workers which a large family
                does not decrease.</p>
            <p>I saw that the working women ask for this knowledge to prevent bringing more children
                into the world, and saw the medical profession shake its head in silence at this
                request.</p>
            <p>I saw that the women of wealth obtain this information with little difficulty, while
                the working man's wife must continue to bring children into the world she could not
                feed or clothe, or else resort to an abortion.</p>
            <p>I saw that it was the working class women who fill the death list which results from
                abortion, for though the women of wealth have abortions performed too, there is
                given them the best medical care and attention money can buy; trained nurses watch
                over them, and there is seldom any evil consequence. But the working woman must look
                for the cheapest assistance. <span class="italics">The professional abortionist, the
                    unclean midwives, the fake and quack--all feed upon her helplessness and thrive
                    and prosper on her ignorance. It is the Comstock laws which produce the
                    abortionist and make him a thriving necessity while the lawmakers close their
                    Puritan eyes.</span></p>
            <p>I saw that it is the working class children who fill the mills, factories,
                sweatshops, orphan asylums and reformatories, because through ignorance they were
                brought into the world, and this ignorance continues to be perpetuated.</p>
            <p>I resolved, after a visit to France, where children are loved and
                wanted and cared for and educated, to devote my time and effort in giving this
                information to women who applied for it. I resolved to defy the law, not behind a
                barricade of law books and technicalities, but by giving the information to the
                workers directly in factory and workshop.</p>
            <p>This was done by the publication of a small pamphlet, "Family
                    Limitations," of which one hundred thousand copies were distributed in
                factories and mines throughout the U. S.</p>
            <p>When my case was called for trail I requested a postponement of three weeks to
                prepare it. The judge refused this, and
                not desiring to fritter away my time by these legal annoyances, which sap one's
                strength and unfit one for any useful work, I decided to take an indefinite
                postponement and left for London.</p>
            <p>While this work was being carried on in New York, William Sanger, my husband and comrade, was in Europe. At the outbreak
                of the war he returned, just as I was leaving. He knew nothing of my work or the
                Birth Control Movement.</p>
            <p>Nevertheless, in January, a man called at
                his studio, representing himself as a socialist and friend of mine, and asked for a
                pamphlet on "Family Limitations." Mr. Sanger at first
                refused it saying he had none, but after urgent pleading on the part of the supposed
                "comrade," Mr. Sanger went to my desk and found two, one of which he gave him. A few
                minutes later this "comrade" returned with Anthony Comstock, who arrested Mr. Sanger
                and searched his studio. He was placed under arrest and allowed to go out in
                bail.</p>
            <p>The trial came up in April, but the judge
                refused a jury trial, saying the pamphlet was "awful."</p>
            <p>
                <span class="italics">(As author of the pamphlet, I will guarantee there was nothing
                    in the "awful pamphlet" that Mr. Judge or Mr. District Attorney either had not
                    discussed many times with their wives or with other men.)</span>
            </p>
            <p>The Free Speech League have taken up Mr. Sanger's case, and are fighting
                for a jury trial. At the time of writing I do not know the outcome. Although I have
                been compelled to flee to a place of safety to carry out my work unmolested, when I
                have accomplished all that I intend to do, and say all that I desire to say on the
                birth control subject, and give all the means to prevent conception given in other
                countries, I shall return to America and resume my trial.</p>
            <p>It is to be hoped that the American people will turn their eyes in the direction of
                the outrageous postal laws and fight them to a finish. Certainly the Constitution of
                the U. S. never intended that Congress
                should go beyond the duties of efficiency, when it was authorized to establish
                post-offices. It is certain there was no intention that it should pass judgment on
                the moral qualities of the matter to be conveyed (any more than the intellectual or
                religious); it was intended and authorized to be an efficient mechanical
                institution, not a moral or religious one. The people of Ingersoll's day fought and
                won freedom from government interference in religious thought. Can not the people of
                today win our and our children's freedom form its interference in moral thought?</p>
            <p>
                <span class="italics">Comstockery must die! Education on the means to prevent
                    conception and publicity on Comstock's actions is the surest weapon to strike
                    the blow. When people have the knowledge to prevent conceptions then the law
                    becomes useless and falls away like the dead skin of a snake.</span>
            </p>
            <p>There is little doubt but that my return to America will mean a long term of
                imprisonment. But that will not stop the propaganda of Birth Control; there will
                ever be the glowing satisfaction that the authorities cannot imprison one's contempt
                for them, or deprive the workers of the knowledge they have already gained.</p>
        
    
<hr><p>
		 	Subject Terms:
		</p><ul>
<li>
<a href="search.php?subject=abortion">abortion</a><a href="search.php?subject=abortion&amp;subject2="></a><a href="search.php?subject=abortion&amp;subject2=&amp;subject3="></a><a href="search.php?subject=abortion&amp;subject2=&amp;subject3=&amp;subject4="></a>
</li>
<li>
<a href="search.php?subject=birth%20control">birth control</a><a href="search.php?subject=birth%20control&amp;subject2=laws%20and%20legislation">, laws and legislation</a><a href="search.php?subject=birth%20control&amp;subject2=laws%20and%20legislation&amp;subject3=Comstock%20Act">, Comstock Act</a><a href="search.php?subject=birth%20control&amp;subject2=laws%20and%20legislation&amp;subject3=Comstock%20Act&amp;subject4="></a>
</li>
<li>
<a href="search.php?subject=birth%20control">birth control</a><a href="search.php?subject=birth%20control&amp;subject2=laws%20and%20legislation">, laws and legislation</a><a href="search.php?subject=birth%20control&amp;subject2=laws%20and%20legislation&amp;subject3=Comstock%20Act">, Comstock Act</a><a href="search.php?subject=birth%20control&amp;subject2=laws%20and%20legislation&amp;subject3=Comstock%20Act&amp;subject4="></a>
</li>
<li>
<a href="search.php?subject=birth%20control">birth control</a><a href="search.php?subject=birth%20control&amp;subject2=laws%20and%20legislation">, laws and legislation</a><a href="search.php?subject=birth%20control&amp;subject2=laws%20and%20legislation&amp;subject3=Federal">, Federal</a><a href="search.php?subject=birth%20control&amp;subject2=laws%20and%20legislation&amp;subject3=Federal&amp;subject4="></a>
</li>
<li>
<a href="search.php?subject=birth%20control">birth control</a><a href="search.php?subject=birth%20control&amp;subject2=morality%20of">, morality of</a><a href="search.php?subject=birth%20control&amp;subject2=morality%20of&amp;subject3="></a><a href="search.php?subject=birth%20control&amp;subject2=morality%20of&amp;subject3=&amp;subject4="></a>
</li>
<li>
<a href="search.php?subject=birth%20control">birth control</a><a href="search.php?subject=birth%20control&amp;subject2=opposition%20to">, opposition to</a><a href="search.php?subject=birth%20control&amp;subject2=opposition%20to&amp;subject3="></a><a href="search.php?subject=birth%20control&amp;subject2=opposition%20to&amp;subject3=&amp;subject4="></a>
</li>
<li>
<a href="search.php?subject=capitalism">capitalism</a><a href="search.php?subject=capitalism&amp;subject2=MS%20on">, MS on</a><a href="search.php?subject=capitalism&amp;subject2=MS%20on&amp;subject3="></a><a href="search.php?subject=capitalism&amp;subject2=MS%20on&amp;subject3=&amp;subject4="></a>
</li>
<li>
<a href="search.php?subject=Catholic%20Church">Catholic Church</a><a href="search.php?subject=Catholic%20Church&amp;subject2=birth%20control%20and%20abortion%20and">, birth control and abortion and</a><a href="search.php?subject=Catholic%20Church&amp;subject2=birth%20control%20and%20abortion%20and&amp;subject3="></a><a href="search.php?subject=Catholic%20Church&amp;subject2=birth%20control%20and%20abortion%20and&amp;subject3=&amp;subject4="></a>
</li>
<li>
<a href="search.php?subject=censorship">censorship</a><a href="search.php?subject=censorship&amp;subject2="></a><a href="search.php?subject=censorship&amp;subject2=&amp;subject3="></a><a href="search.php?subject=censorship&amp;subject2=&amp;subject3=&amp;subject4="></a>
</li>
<li>
<a href="search.php?subject=censorship">censorship</a><a href="search.php?subject=censorship&amp;subject2=European%20opinion%20on">, European opinion on</a><a href="search.php?subject=censorship&amp;subject2=European%20opinion%20on&amp;subject3="></a><a href="search.php?subject=censorship&amp;subject2=European%20opinion%20on&amp;subject3=&amp;subject4="></a>
</li>
<li>
<a href="search.php?subject=censorship">censorship</a><a href="search.php?subject=censorship&amp;subject2=in%20England">, in England</a><a href="search.php?subject=censorship&amp;subject2=in%20England&amp;subject3="></a><a href="search.php?subject=censorship&amp;subject2=in%20England&amp;subject3=&amp;subject4="></a>
</li>
<li>
<a href="search.php?subject=child%20labor">child labor</a><a href="search.php?subject=child%20labor&amp;subject2="></a><a href="search.php?subject=child%20labor&amp;subject2=&amp;subject3="></a><a href="search.php?subject=child%20labor&amp;subject2=&amp;subject3=&amp;subject4="></a>
</li>
<li>
<a href="search.php?subject=Comstock,%20Anthony">Comstock, Anthony</a><a href="search.php?subject=Comstock,%20Anthony&amp;subject2="></a><a href="search.php?subject=Comstock,%20Anthony&amp;subject2=&amp;subject3="></a><a href="search.php?subject=Comstock,%20Anthony&amp;subject2=&amp;subject3=&amp;subject4="></a>
</li>
<li>
<a href="search.php?subject=free%20speech%20and%20free%20press">free speech and free press</a><a href="search.php?subject=free%20speech%20and%20free%20press&amp;subject2="></a><a href="search.php?subject=free%20speech%20and%20free%20press&amp;subject2=&amp;subject3="></a><a href="search.php?subject=free%20speech%20and%20free%20press&amp;subject2=&amp;subject3=&amp;subject4="></a>
</li>
<li>
<a href="search.php?subject=labor%20movement">labor movement</a><a href="search.php?subject=labor%20movement&amp;subject2=birth%20control%20and">, birth control and</a><a href="search.php?subject=labor%20movement&amp;subject2=birth%20control%20and&amp;subject3="></a><a href="search.php?subject=labor%20movement&amp;subject2=birth%20control%20and&amp;subject3=&amp;subject4="></a>
</li>
<li>
<a href="search.php?subject=Sanger,%20Margaret">Sanger, Margaret</a><a href="search.php?subject=Sanger,%20Margaret&amp;subject2="></a><a href="search.php?subject=Sanger,%20Margaret&amp;subject2=&amp;subject3=exile,%201914-15">, exile, 1914-15</a><a href="search.php?subject=Sanger,%20Margaret&amp;subject2=&amp;subject3=exile,%201914-15&amp;subject4="></a>
</li>
<li>
<a href="search.php?subject=Sanger,%20Margaret">Sanger, Margaret</a><a href="search.php?subject=Sanger,%20Margaret&amp;subject2=arrests">, arrests</a><a href="search.php?subject=Sanger,%20Margaret&amp;subject2=arrests&amp;subject3="></a><a href="search.php?subject=Sanger,%20Margaret&amp;subject2=arrests&amp;subject3=&amp;subject4="></a>
</li>
<li>
<a href="search.php?subject=Sanger,%20William">Sanger, William</a><a href="search.php?subject=Sanger,%20William&amp;subject2=arrest,%20trial%20and%20imprisonment">, arrest, trial and imprisonment</a><a href="search.php?subject=Sanger,%20William&amp;subject2=arrest,%20trial%20and%20imprisonment&amp;subject3="></a><a href="search.php?subject=Sanger,%20William&amp;subject2=arrest,%20trial%20and%20imprisonment&amp;subject3=&amp;subject4="></a>
</li>
<li>
<a href="search.php?subject=Woman%20Rebel">Woman Rebel</a><a href="search.php?subject=Woman%20Rebel&amp;subject2="></a><a href="search.php?subject=Woman%20Rebel&amp;subject2=&amp;subject3="></a><a href="search.php?subject=Woman%20Rebel&amp;subject2=&amp;subject3=&amp;subject4="></a>
</li>
<li>
<a href="search.php?subject=Woman%20Rebel">Woman Rebel</a><a href="search.php?subject=Woman%20Rebel&amp;subject2=articles%20in">, articles in</a><a href="search.php?subject=Woman%20Rebel&amp;subject2=articles%20in&amp;subject3="></a><a href="search.php?subject=Woman%20Rebel&amp;subject2=articles%20in&amp;subject3=&amp;subject4="></a>
</li>
<li>
<a href="search.php?subject=Woman%20Rebel">Woman Rebel</a><a href="search.php?subject=Woman%20Rebel&amp;subject2=legal%20case">, legal case</a><a href="search.php?subject=Woman%20Rebel&amp;subject2=legal%20case&amp;subject3="></a><a href="search.php?subject=Woman%20Rebel&amp;subject2=legal%20case&amp;subject3=&amp;subject4="></a>
</li>
<li>
<a href="search.php?subject=working%20classes">working classes</a><a href="search.php?subject=working%20classes&amp;subject2=birth%20control%20and">, birth control and</a><a href="search.php?subject=working%20classes&amp;subject2=birth%20control%20and&amp;subject3="></a><a href="search.php?subject=working%20classes&amp;subject2=birth%20control%20and&amp;subject3=&amp;subject4="></a>
</li>
<li>
<a href="search.php?subject=working%20classes">working classes</a><a href="search.php?subject=working%20classes&amp;subject2=living%20conditions%20of">, living conditions of</a><a href="search.php?subject=working%20classes&amp;subject2=living%20conditions%20of&amp;subject3="></a><a href="search.php?subject=working%20classes&amp;subject2=living%20conditions%20of&amp;subject3=&amp;subject4="></a>
</li>
<li>
<a href="search.php?subject=working%20classes">working classes</a><a href="search.php?subject=working%20classes&amp;subject2=revolution%20and">, revolution and</a><a href="search.php?subject=working%20classes&amp;subject2=revolution%20and&amp;subject3="></a><a href="search.php?subject=working%20classes&amp;subject2=revolution%20and&amp;subject3=&amp;subject4="></a>
</li>
<li>
<a href="search.php?subject=working%20classes">working classes</a><a href="search.php?subject=working%20classes&amp;subject2=women%20and%20girls">, women and girls</a><a href="search.php?subject=working%20classes&amp;subject2=women%20and%20girls&amp;subject3="></a><a href="search.php?subject=working%20classes&amp;subject2=women%20and%20girls&amp;subject3=&amp;subject4="></a>
</li>
</ul><p>
		 Copyright 2003. Margaret Sanger Project
        </p>
  </div>
</div>
	<div><br /></div>

	<p style="margin-top: 0px; margin-bottom: 0px;">
		<a href="http://www.nyu.edu/projects/sanger/aboutms/" onmouseout="MM_swapImgRestore();" onmouseover="MM_swapImage('sanger_foot_r1_c1','','../images/sanger_foot_r1_c1_f2.gif',1);"><img id="sanger_foot_r1_c1" src="../images/sanger_foot_r1_c1.gif" width="104" height="20" alt="" /></a><a href="http://www.nyu.edu/projects/sanger/documents/electroniced.php" onmouseout="MM_swapImgRestore();" onmouseover="MM_swapImage('sanger_foot_r1_c2','','../images/sanger_foot_r1_c2_f2.gif',1);"><img id="sanger_foot_r1_c2" src="../images/sanger_foot_r1_c2.gif" width="104" height="20" alt="" /></a><a href="search.php" onmouseout="MM_swapImgRestore();" onmouseover="MM_swapImage('sanger_foot_r1_c3','','../images/sanger_foot_r1_c3_f2.gif',1);"><img id="sanger_foot_r1_c3" src="../images/sanger_foot_r1_c3.gif" width="104" height="20" alt="" /></a><a href="http://www.nyu.edu/projects/sanger/" onmouseout="MM_swapImgRestore();" onmouseover="MM_swapImage('sanger_foot_r1_c4','','../images/sanger_foot_r1_c4_f2.gif',1);"><img id="sanger_foot_r1_c4" src="../images/sanger_foot_r1_c4.gif" width="104" height="20" alt="" /></a><a href="http://www.nyu.edu/projects/sanger/contactus/" onmouseout="MM_swapImgRestore();" onmouseover="MM_swapImage('sanger_foot_r1_c5','','../images/sanger_foot_r1_c5_f2.gif',1);"><img id="sanger_foot_r1_c5" src="../images/sanger_foot_r1_c5.gif" width="104" height="20" alt="" /></a><img id="sanger_foot_r1_c6" src="../images/sanger_foot_r1_c6.jpg" width="105" height="20" alt="" />
	</p>
	<p style="margin-bottom: 0px; margin-top: -1px; /*\*/margin-top: -4px;/**/">
		<img src="../images/spacer.gif" width="545" height="1" alt="" /><a href="http://validator.w3.org/check/referer"><img src="../images/xhtml11.gif" alt="valid" /></a>
	</p>
</div> <!-- end of Container --> 
</body>
</html>
