<!DOCTYPE html PUBLIC "-//W3C//DTD XHTML 1.1//EN"
        "http://www.w3.org/TR/xhtml11/DTD/xhtml11.dtd">
<html>
<head>
	<title>The Public Papers of Margaret Sanger: Web Edition</title> 
	<meta http-equiv="content-type" content="text/html charset=ISO-8859-1" />
	<link href="../documents/styles.css" rel="stylesheet" type="text/css" />
<script type="text/javascript" src="../documents/global.js"></script> 
</head>
<body onload="MM_preloadImages('../images/header_r2_c1_f2.gif','../images/header_r2_c2_f2.gif','../images/header_r2_c3_f2.gif','../images/header_r2_c4_f2.gif','../images/header_r2_c5_f2.gif');">
<div id="container" style="width: 626px; margin: 0px auto;"> 
<p style="margin-top: 0px; margin-bottom: 0px;">
	<img id="header_r1_c1" src="../images/header_r1_c1.gif" width="625" height="95" alt="" /><img src="../images/spacer.gif" width="1" height="95" alt="" /> 
</p>
<p style="margin-top: 0px; /*\*/margin-top: -3px;/**/">
	<a href="project.php" onmouseout="MM_swapImgRestore();" onmouseover="MM_swapImage('header_r2_c1','','../images/header_r2_c1_f2.gif',1);"><img id="header_r2_c1" src="../images/header_r2_c1.gif" width="104" height="20" alt="" /></a><a href="edition.php" onmouseout="MM_swapImgRestore();" onmouseover="MM_swapImage('header_r2_c2','','../images/header_r2_c2_f2.gif',1);"><img id="header_r2_c2" src="../images/header_r2_c2.gif" width="104" height="20" alt="" /></a><a href="search.php" onmouseout="MM_swapImgRestore();" onmouseover="MM_swapImage('header_r2_c3','','../images/header_r2_c3_f2.gif',1);"><img id="header_r2_c3" src="../images/header_r2_c3.gif" width="104" height="20" alt="" /></a><a href="http://www.nyu.edu/projects/sanger/" onmouseout="MM_swapImgRestore();" onmouseover="MM_swapImage('header_r2_c4','','../images/header_r2_c4_f2.gif',1);"><img id="header_r2_c4" src="../images/header_r2_c4.gif" width="104" height="20" alt="" /></a><a href="contact.php" onmouseout="MM_swapImgRestore();" onmouseover="MM_swapImage('header_r2_c5','','../images/header_r2_c5_f2.gif',1);"><img id="header_r2_c5" src="../images/header_r2_c5.gif" width="104" height="20" alt="" /></a><img id="header_r2_c6" src="../images/header_r2_c6.jpg" width="105" height="20" alt="" /><img src="../images/spacer.gif" width="1" height="20" alt="" /> 
</p>
<div class="outBox">
<div class="docBox">

<p class="title_heading">Margaret Sanger, "Stop Perpetuating The Unfit by a National Policy on Limitation of
                Families," 28 Dec 1921.
		</p><p>Published Article. Source: 
            <a href="search.php?journal=%22New%20York%20American%22"><span class="italics">New York American</span></a>, Dec. 28, 1921, 9.
            
	, <span class="italics">Margaret Sanger Microfilm</span> C16:167.
        .
		</p><p class="headnote">This article was part of a "discussion" aroused by the November 1921 case of Anna
            Reynolds Cassidente, a Denver woman, who was brought before Juvenile Court because her
            five children were undernourished and her house was dirty. The judge suggested that
            rather than take the existing children away, Mrs. Cassidente be sterilized to prevent
            any more. The judge ruled that both parents had to agree to the procedure; while her
            husband, Clyde Cassidente, was amenable, Mrs.
            Cassidente had refused. A brief editorial note preceded the article, identifying
            Sanger.</p><hr>
    
    
    
        <h1>By MARGARET SANGER----Stop Perpetuating The
            Unfit by a National Policy on Limitation of Families</h1>
        <p>In the case of Mrs. Cassidente, of
                Denver, one must remember that such cases are to be
            looked upon as one views a war measure in a great and trying emergency. </p>
        <p>Such an operation as that suggested by the doctor is permanent birth control. There are
            thousands of women who, for serious reasons to health or life, have been compelled to
            undergo this operation, with results neither harmful nor disastrous to the woman. </p>
        <p>But these cases are rare compared to the millions of poor overworked women, mothers all,
            whose condition does not warrant so strenuous a measure as sterilization but whose lives
            are made miserable and wretched, because babies come too quickly after each other. There
            mothers need and desire knowledge of birth control.</p>
        
            <h2>Better Children.</h2>
            <p>Such knowledge does not prevent the coming of children when they are wanted, but it
                may be put into practice, to the result that a woman may have three or four
                children, give them care and attend to their health and welfare and bring this
                number to full maturity as citizens a country may be proud of rearing.</p>
            <p>The huge infant mortality rate is a symptom of the disease of an ignorant and forced
                maternity. Those who strive to reduce the number of deaths of infants, should first
                remove three factors, the first of which is the crude and harmful evil of resorting
                to drugs in the early stages of motherhood.</p>
            <p>Thousands of women in America spend fabulous sums
                at drug shops for useless and injurious ingredients which poison the number and
                injure the infant at its very inception. Women who complain of sickly and weak
                infants are often reminded of the attempts made at foetecide and regret the harm
                done only too late.</p>
            <p>Such an infant is weakened at the start of life and may have so little power of
                resistance that it cannot survive early infancy. </p>
            <p>The second factor in infant mortality is the birth of infants coming so rapidly one
                after the other, that the mother has not time to recover her strength for to
                recuperate from the strain of the last birth, nor to gain strength for the coming of
                the next.</p>
            <p>Such a condition makes it imperative that the mother use up the vitality of the
                coming child in order to get through herself. In other words, she draws upon the
                capital of the child unborn, which weakens its resistance for the battle of life
                after birth.</p>
            <p>The third factor is the lack of time and attention and knowledge of the mother to
                expend on the child, making it a creature of chance, to grow up or not, according to
                the mercy of neighbors or charitable agencies.</p>
            <p>Birth control would save mothers, not only from undergoing the useless agony (year
                after year) of fruitless pregnancies, but also from the horrible spectacle of
                countless little coffins made necessary by a forced or involuntary maternity.</p>
        
        
            <h2>No Magic Goal.</h2>
            <p>There is no magic road to the goal of Birth Control. There is no magic method to be
                practiced. The methods advanced and taught in Holland in private clinics by doctors and nurses to poor mothers, are
                strictly individual, suitable not to everyone, but to the special woman concerned. </p>
            <p>The woman who has had two children may need different advice from that given to a
                mother who had given birth to eight or ten children. </p>
            <p>The woman who has had good medical care during her pregnancies and childbirth may
                need far different instruction to that given a woman who has not had that care. </p>
            <p>The methods most advised and insuring the greatest amount of safety cannot be used by
                an unmarried woman. All methods advised, require home conditions, some intelligence
                and a certain understanding of hygiene.</p>
            <p>The parents who desire to limit their families show intelligence and responsibility.
                They should be encouraged and assisted in every means at the command of science and
                the state. </p>
            <p>Such is the object of the American Birth Control League (104 Fifth avenue,
                    New York City, which aims to arouse interest
                among the American people to bring to birth a better quality in our race, as well as
                to establish clinics in all thickly populated districts where poor overburdened
                wretched mothers may be instructed in the methods of birth control.</p>
            <p>We need one generation of birth control to weed out the misfits, to breed
                self-reliant, intelligent, responsible individuals.</p>
            <p>Our immigration laws forbid the entrance into this country of paupers, insane,
                feeble-minded and diseased people from other lands. Why not extend the idea and
                discourage the bringing to birth these same types within our borders. Let us stop
                reproducing and perpetuation disease, insanity and ignorance. </p>
            <p>Stop these and other evils at their source by a national policy and education of
                birth control.</p>
        
    
<hr><p>
		 	Subject Terms:
		</p><ul>
<li>
<a href="search.php?subject=%5Eunfit%5E%20to%20reproduce">"unfit" to reproduce</a><a href="search.php?subject=%22unfit%22%20to%20reproduce&amp;subject2=MS%20on">, MS on</a><a href="search.php?subject=%22unfit%22%20to%20reproduce&amp;subject2=MS%20on&amp;subject3="></a><a href="search.php?subject=%22unfit%22%20to%20reproduce&amp;subject2=MS%20on&amp;subject3=&amp;subject4="></a>
</li>
<li>
<a href="search.php?subject=American%20Birth%20Control%20League">American Birth Control League</a><a href="search.php?subject=American%20Birth%20Control%20League&amp;subject2="></a><a href="search.php?subject=American%20Birth%20Control%20League&amp;subject2=&amp;subject3="></a><a href="search.php?subject=American%20Birth%20Control%20League&amp;subject2=&amp;subject3=&amp;subject4="></a>
</li>
<li>
<a href="search.php?subject=birth%20control">birth control</a><a href="search.php?subject=birth%20control&amp;subject2=health%20benefits%20and%20risks">, health benefits and risks</a><a href="search.php?subject=birth%20control&amp;subject2=health%20benefits%20and%20risks&amp;subject3="></a><a href="search.php?subject=birth%20control&amp;subject2=health%20benefits%20and%20risks&amp;subject3=&amp;subject4="></a>
</li>
<li>
<a href="search.php?subject=Cassidente,%20Anna%20Reynolds">Cassidente, Anna Reynolds</a><a href="search.php?subject=Cassidente,%20Anna%20Reynolds&amp;subject2="></a><a href="search.php?subject=Cassidente,%20Anna%20Reynolds&amp;subject2=&amp;subject3="></a><a href="search.php?subject=Cassidente,%20Anna%20Reynolds&amp;subject2=&amp;subject3=&amp;subject4="></a>
</li>
<li>
<a href="search.php?subject=eugenics">eugenics</a><a href="search.php?subject=eugenics&amp;subject2=birth%20control%20and">, birth control and</a><a href="search.php?subject=eugenics&amp;subject2=birth%20control%20and&amp;subject3="></a><a href="search.php?subject=eugenics&amp;subject2=birth%20control%20and&amp;subject3=&amp;subject4="></a>
</li>
<li>
<a href="search.php?subject=mortality%20rates">mortality rates</a><a href="search.php?subject=mortality%20rates&amp;subject2=infant">, infant</a><a href="search.php?subject=mortality%20rates&amp;subject2=infant&amp;subject3="></a><a href="search.php?subject=mortality%20rates&amp;subject2=infant&amp;subject3=&amp;subject4="></a>
</li>
<li>
<a href="search.php?subject=sterilization">sterilization</a><a href="search.php?subject=sterilization&amp;subject2=MS%20on">, MS on</a><a href="search.php?subject=sterilization&amp;subject2=MS%20on&amp;subject3="></a><a href="search.php?subject=sterilization&amp;subject2=MS%20on&amp;subject3=&amp;subject4="></a>
</li>
<li>
<a href="search.php?subject=women">women</a><a href="search.php?subject=women&amp;subject2=enslavement%20of">, enslavement of</a><a href="search.php?subject=women&amp;subject2=enslavement%20of&amp;subject3="></a><a href="search.php?subject=women&amp;subject2=enslavement%20of&amp;subject3=&amp;subject4="></a>
</li>
</ul><p>
		 Copyright 2003. Margaret Sanger Project
        </p>
  </div>
</div>
	<div><br /></div>

	<p style="margin-top: 0px; margin-bottom: 0px;">
		<a href="http://www.nyu.edu/projects/sanger/aboutms/" onmouseout="MM_swapImgRestore();" onmouseover="MM_swapImage('sanger_foot_r1_c1','','../images/sanger_foot_r1_c1_f2.gif',1);"><img id="sanger_foot_r1_c1" src="../images/sanger_foot_r1_c1.gif" width="104" height="20" alt="" /></a><a href="http://www.nyu.edu/projects/sanger/documents/electroniced.php" onmouseout="MM_swapImgRestore();" onmouseover="MM_swapImage('sanger_foot_r1_c2','','../images/sanger_foot_r1_c2_f2.gif',1);"><img id="sanger_foot_r1_c2" src="../images/sanger_foot_r1_c2.gif" width="104" height="20" alt="" /></a><a href="search.php" onmouseout="MM_swapImgRestore();" onmouseover="MM_swapImage('sanger_foot_r1_c3','','../images/sanger_foot_r1_c3_f2.gif',1);"><img id="sanger_foot_r1_c3" src="../images/sanger_foot_r1_c3.gif" width="104" height="20" alt="" /></a><a href="http://www.nyu.edu/projects/sanger/" onmouseout="MM_swapImgRestore();" onmouseover="MM_swapImage('sanger_foot_r1_c4','','../images/sanger_foot_r1_c4_f2.gif',1);"><img id="sanger_foot_r1_c4" src="../images/sanger_foot_r1_c4.gif" width="104" height="20" alt="" /></a><a href="http://www.nyu.edu/projects/sanger/contactus/" onmouseout="MM_swapImgRestore();" onmouseover="MM_swapImage('sanger_foot_r1_c5','','../images/sanger_foot_r1_c5_f2.gif',1);"><img id="sanger_foot_r1_c5" src="../images/sanger_foot_r1_c5.gif" width="104" height="20" alt="" /></a><img id="sanger_foot_r1_c6" src="../images/sanger_foot_r1_c6.jpg" width="105" height="20" alt="" />
	</p>
	<p style="margin-bottom: 0px; margin-top: -1px; /*\*/margin-top: -4px;/**/">
		<img src="../images/spacer.gif" width="545" height="1" alt="" /><a href="http://validator.w3.org/check/referer"><img src="../images/xhtml11.gif" alt="valid" /></a>
	</p>
</div> <!-- end of Container --> 
</body>
</html>
