<!DOCTYPE html PUBLIC "-//W3C//DTD XHTML 1.1//EN"
        "http://www.w3.org/TR/xhtml11/DTD/xhtml11.dtd">
<html>
<head>
	<title>The Public Papers of Margaret Sanger: Web Edition</title> 
	<meta http-equiv="content-type" content="text/html charset=ISO-8859-1" />
	<link href="../documents/styles.css" rel="stylesheet" type="text/css" />
<script type="text/javascript" src="../documents/global.js"></script> 
</head>
<body onload="MM_preloadImages('../images/header_r2_c1_f2.gif','../images/header_r2_c2_f2.gif','../images/header_r2_c3_f2.gif','../images/header_r2_c4_f2.gif','../images/header_r2_c5_f2.gif');">
<div id="container" style="width: 626px; margin: 0px auto;"> 
<p style="margin-top: 0px; margin-bottom: 0px;">
	<img id="header_r1_c1" src="../images/header_r1_c1.gif" width="625" height="95" alt="" /><img src="../images/spacer.gif" width="1" height="95" alt="" /> 
</p>
<p style="margin-top: 0px; /*\*/margin-top: -3px;/**/">
	<a href="project.php" onmouseout="MM_swapImgRestore();" onmouseover="MM_swapImage('header_r2_c1','','../images/header_r2_c1_f2.gif',1);"><img id="header_r2_c1" src="../images/header_r2_c1.gif" width="104" height="20" alt="" /></a><a href="edition.php" onmouseout="MM_swapImgRestore();" onmouseover="MM_swapImage('header_r2_c2','','../images/header_r2_c2_f2.gif',1);"><img id="header_r2_c2" src="../images/header_r2_c2.gif" width="104" height="20" alt="" /></a><a href="search.php" onmouseout="MM_swapImgRestore();" onmouseover="MM_swapImage('header_r2_c3','','../images/header_r2_c3_f2.gif',1);"><img id="header_r2_c3" src="../images/header_r2_c3.gif" width="104" height="20" alt="" /></a><a href="http://www.nyu.edu/projects/sanger/" onmouseout="MM_swapImgRestore();" onmouseover="MM_swapImage('header_r2_c4','','../images/header_r2_c4_f2.gif',1);"><img id="header_r2_c4" src="../images/header_r2_c4.gif" width="104" height="20" alt="" /></a><a href="contact.php" onmouseout="MM_swapImgRestore();" onmouseover="MM_swapImage('header_r2_c5','','../images/header_r2_c5_f2.gif',1);"><img id="header_r2_c5" src="../images/header_r2_c5.gif" width="104" height="20" alt="" /></a><img id="header_r2_c6" src="../images/header_r2_c6.jpg" width="105" height="20" alt="" /><img src="../images/spacer.gif" width="1" height="20" alt="" /> 
</p>
<div class="outBox">
<div class="docBox">

<p class="title_heading">Margaret Sanger, "How Six Little Children Were Taught The Truth," 19 Nov 1911.
		</p><p>Published article. Source: 
            <a href="search.php?journal=%22New%20York%20Call%22"><span class="italics">New York Call</span></a>, Nov. 19, 1911
        .
		</p><p class="headnote">This is Part 4 of an eight-part series of the same title. For Part 1, see <a href="show.php?sangerDoc=320081.xml">Oct. 19, 1911</a>, for Part 2, see <a href="show.php?sangerDoc=320082.xml">Nov.
                5, 1911</a>, for Part 3 see <a href="show.php?sangerDoc=320083.xml">Nov. 12, 1911</a>, for
            Part 5 see <a href="show.php?sangerDoc=320085.xml">Nov. 26, 1911</a> and <a href="show.php?sangerDoc=320086.xml">Dec.
                3, 1911</a>, for Part 6 see <a href="show.php?sangerDoc=320087.xml">Dec. 10, 1911.</a>, and
            for Part 7, see <a href="show.php?sangerDoc=320088.xml">Dec. 17, 1911.</a>This series was
            compiled and published as What Every Mother Should Know, (New
            York, 1912).</p><hr>
    
    
    
        <h1>HOW SIX LITTLE CHILDREN WERE TAUGHT THE TRUTH</h1>
        <h3>(Copyright, 1911, by Margaret H. Sanger.)</h3>
        <h2>Part IV-- The Toads and Frogs.</h2>
        <p>The next order of life to study should have been the fishes, but as Bobby's mother upon
            investigation found that the nearest stream which contained fishes was five miles away,
            she decided to go on to the next higher order: the frogs, and point out, as she went,
            the difference in the two.</p>
        <p>Of course, there was no difficulty in getting toads, but just where to obtain and how to
            keep frogs puzzled the community for a few days, until at last it was decided first to
            make a pond for the frogs to live in, and then go to the nearby ponds and capture
            some.</p>
        <p>They were especially fortunate in finding in their locality what at one time had been a
            reservoir, which had a pipe leading into it from a nearby spring, and another pipe
            leading out of it into a nearby stream. But the pipe connecting the reservoir with the
            stream, it was found could be corked, and in a few days there appeared a delightful pond
            of clear, clean and fresh water.</p>
        <p>Their delight knew no restraint when the afternoon came for them to go in search of some
            occupants for this nice new home. Accordingly, they started out a little late in the
            afternoon, with pails in their hands, and eager, expectant and happy faces.</p>
        <p>As they came within sight of the pond, they realized that they need search no further for
            frogs, for the air was filled with sounds--queer, croaking, unmusical sounds, but
            unmistakably sounds of the joy of the existence of frogs.</p>
        <p>As they came nearer, there was one gulp--"Chu-u-ug"--after another, one splash
            after another. Then silence reigned supreme and not a sound could be heard.</p>
        <p>The youngsters entered into the spirit of the hunt and scattered about the place. Some
            sat silently on logs or stones waiting patiently for a frog to appear on the edge of the
            pond; others crouched near the water waiting, with pails in hands, ready to catch a frog
            the moment he should appear.</p>
        <p>It was great fun catching them, for no sooner was the word passed that a frog had been
            captured, when, lo! he was gone.</p>
        <p>It was not long, however, before the little procession was marching homeward with frogs
            a-plenty.</p>
        <p>This new pond made a fine place for them to live in, and they thrived and grew.</p>
        <p>For a few days the children made a daily excursion to the pond upon the hill, and brought
            more frogs to the new home; they brought frogs' eggs, too, which they carried carefully
            in their pails.</p>
        <p>The eggs were watched, and each day saw a change, so that within a week the pond was
            swarming with tiny tadpoles or "polly-wogs," as the children called
            them. These, too, they carefully observed while they fed them, and as the tiny legs and
            feet developed, while the tail became absorbed and disappeared--they were told that
            now the tadpole had changed into a frog and needed air. Then stones were placed into the
            pond, so large that their surfaces protruded from the water, and upon these the baby
            frogs hopped and croaked their thanks. The tadpole can be kept in a tadpole state a long
            time if he is not properly nourished. Also, if his tail is bitten off by an enemy it
            will grow again.</p>
        <p>The toads were found to be more interesting, because they did more actual service to
            mankind. The children were told that toads live on land almost all of the time, only
            going to the water to lay their eggs; that they feed on insects from the garden, such as
            the grub, cut worm, slug, caterpillar, worms, etc. Anything alive he will eat. The toad
            is, therefore, a great help to the farmer, and no little boy would ever harm a toad if
            he but understood what a helpful creature he is in the garden.</p>
        <p>The frog labors under many disadvantages, as well as having many enemies. The first great
            disadvantage is that he is neither a water creature, like the fish, nor a land creature
            like the reptile; so that his struggle for existence is very hard. Should he decide to
            leave one pond, where the enemy is overwhelming, his only chance is to start on a rainy
            day to discover a new home for himself, and if he has the good fortune to find one
            before the sun comes out and dries things up, he is safe.</p>
        <p>At first the children showed a dislike to touch the toad, on account of getting warts,
            but they soon learned that the fluid which the toad expels when he is picked up
            suddenly, is harmless--and produced no warts--but there is a liquid which 
        [<em>exudes</em>]
     from the toad when he is in severe pain (his means of
            self-defense) that burns the mucous membrane and causes stinging pain.</p>
        <p>Animals, generally speaking, are aware of this fact, and if you watch a dog play with or
            tease a toad, you will see that he does not bite him, but simply puts his paw on him.
            The skunk, too, is most careful, and rolls the toad on the grass to wipe off this
            caustic fluid. </p>
        <p>Toads during the process of development shed their outer skin every 
        [<em>four</em>]
     or five weeks. Adult toads shed theirs about four times a year.
            This skin is shed in one piece, much as a man removes his shirt, and is then swallowed. </p>
        <p>The tongue of a toad is fastened in front of his mouth, which helps greatly to catch his
            food, as he shoots his tongue out and seizes it. He does not drink like other creatures,
            but absorbs water through the pores of his skin. If kept in a dry place for even a few
            days, he will grow thin and die, but if a toad has proper environment he will live to be
            very old.</p>
        <p>Toads do not breed, or produce their kind, until they are 3 or 4 years old. When at this
            age Miss Toad, or Frog, awakens from her long winter's sleep, she feels hungry, and
            glad, perhaps that she has lived through the winter, for she feels life within her.
            Undoubtedly she is glad and happy to be awake, and off she goes to search for food and
            friends.</p>
        <p>Perhaps she finds Mr. Toad, who, too, feels life stirring within him; he also feels the
            joy of spring, so together they go to the breeding pond.</p>
        <p>Like Mrs. Buttercup, Mrs. Toad has within her body a little nest where little seeds or
            eggs have been kept and have been growing, and now that the time has come when they need
            awakening to a new life, they need life from the Father Frog just as the buttercup
            needed pollen from the stamen.</p>
        <p>Mr. Toad (or Frog), too, is stirred by this new and wonderful life giving desire within
            him, and when Mrs. Toad (or Frog) feels the eggs are to be expelled, he comes very close
            to her, and in order to fertilize every egg before it goes into the water, he holds her
            fast behind the arm, and as they are expelled he pours over them his life giving fluid,
            which enters every tiny egg and gives it life--a new life.</p>
        <p>In a few days the eggs begin to grow; they are all incased in a colorless, transparent
            jelly-like substance, which serves as food for the tadpole while forming, and also for
            protection. They are spherical in shape, and in ten days the pond will swarm with tiny
            tadpoles.</p>
        <p>Mrs. Frog lays between 500 and 1,000 eggs at one time; Mrs. Fish, however, is still more
            prolific, for she lays 1,000,000 eggs. Mrs. Fish lays her eggs in the water. She cleans
            a place by blowing all rubbish away with her fins, and there she deposits her eggs. Many
            of these float away before they can be fertilized by Mr. Fish.</p>
        <p>Thus, the children were taught that the higher in the scale of development living
            creatures go, the greater care must be given them. Not only to the undeveloped seed
            within the mother's body, but also to the egg after it has passed from her to the nest,
            for as creatures develop and ascend the scale, their eggs and offspring become fewer.
            And emphasis was laid on the care Mr. Frog took to fertilize the egg BEFORE it went into
            the water -- one step higher than Mr. Fish.</p>
        <p>There is no doubt that the words "cold-blooded," as applied to frogs
            and toads, hits the mark, for there is not the slightest affection or sympathy shown or
            felt for their own kind. They give no care or concern to the eggs after they are
            deposited, and the "polly-wog" has to depend on himself.</p>
        <p>Nature seems to have given them but one instinct relative to their kind, and that is the
            one blind impulse or instinct of reproduction.</p>
        <p>Early in the summer months, the frog orchestra seems well tuned, but as the cold days
            comes on the toads crawl into a hole, making it as they go, while the frogs go into the
            mud to sleep through the winter, out of reach of frost and snow, where they lie dormant
            until the spring air shall again inspire them with the joy of living.</p>
    
<hr><p>
		 	Subject Terms:
		</p><ul><li>
<a href="search.php?subject=sex%20education">sex education</a><a href="search.php?subject=sex%20education&amp;subject2="></a><a href="search.php?subject=sex%20education&amp;subject2=&amp;subject3="></a><a href="search.php?subject=sex%20education&amp;subject2=&amp;subject3=&amp;subject4="></a>
</li></ul><p>
		 Copyright 2003. Margaret Sanger Project
        </p>
  </div>
</div>
	<div><br /></div>

	<p style="margin-top: 0px; margin-bottom: 0px;">
		<a href="http://www.nyu.edu/projects/sanger/aboutms/" onmouseout="MM_swapImgRestore();" onmouseover="MM_swapImage('sanger_foot_r1_c1','','../images/sanger_foot_r1_c1_f2.gif',1);"><img id="sanger_foot_r1_c1" src="../images/sanger_foot_r1_c1.gif" width="104" height="20" alt="" /></a><a href="http://www.nyu.edu/projects/sanger/documents/electroniced.php" onmouseout="MM_swapImgRestore();" onmouseover="MM_swapImage('sanger_foot_r1_c2','','../images/sanger_foot_r1_c2_f2.gif',1);"><img id="sanger_foot_r1_c2" src="../images/sanger_foot_r1_c2.gif" width="104" height="20" alt="" /></a><a href="search.php" onmouseout="MM_swapImgRestore();" onmouseover="MM_swapImage('sanger_foot_r1_c3','','../images/sanger_foot_r1_c3_f2.gif',1);"><img id="sanger_foot_r1_c3" src="../images/sanger_foot_r1_c3.gif" width="104" height="20" alt="" /></a><a href="http://www.nyu.edu/projects/sanger/" onmouseout="MM_swapImgRestore();" onmouseover="MM_swapImage('sanger_foot_r1_c4','','../images/sanger_foot_r1_c4_f2.gif',1);"><img id="sanger_foot_r1_c4" src="../images/sanger_foot_r1_c4.gif" width="104" height="20" alt="" /></a><a href="http://www.nyu.edu/projects/sanger/contactus/" onmouseout="MM_swapImgRestore();" onmouseover="MM_swapImage('sanger_foot_r1_c5','','../images/sanger_foot_r1_c5_f2.gif',1);"><img id="sanger_foot_r1_c5" src="../images/sanger_foot_r1_c5.gif" width="104" height="20" alt="" /></a><img id="sanger_foot_r1_c6" src="../images/sanger_foot_r1_c6.jpg" width="105" height="20" alt="" />
	</p>
	<p style="margin-bottom: 0px; margin-top: -1px; /*\*/margin-top: -4px;/**/">
		<img src="../images/spacer.gif" width="545" height="1" alt="" /><a href="http://validator.w3.org/check/referer"><img src="../images/xhtml11.gif" alt="valid" /></a>
	</p>
</div> <!-- end of Container --> 
</body>
</html>
