<!DOCTYPE html PUBLIC "-//W3C//DTD XHTML 1.1//EN"
        "http://www.w3.org/TR/xhtml11/DTD/xhtml11.dtd">
<html>
<head>
	<title>The Public Papers of Margaret Sanger: Web Edition</title> 
	<meta http-equiv="content-type" content="text/html charset=ISO-8859-1" />
	<link href="../documents/styles.css" rel="stylesheet" type="text/css" />
<script type="text/javascript" src="../documents/global.js"></script> 
</head>
<body onload="MM_preloadImages('../images/header_r2_c1_f2.gif','../images/header_r2_c2_f2.gif','../images/header_r2_c3_f2.gif','../images/header_r2_c4_f2.gif','../images/header_r2_c5_f2.gif');">
<div id="container" style="width: 626px; margin: 0px auto;"> 
<p style="margin-top: 0px; margin-bottom: 0px;">
	<img id="header_r1_c1" src="../images/header_r1_c1.gif" width="625" height="95" alt="" /><img src="../images/spacer.gif" width="1" height="95" alt="" /> 
</p>
<p style="margin-top: 0px; /*\*/margin-top: -3px;/**/">
	<a href="project.php" onmouseout="MM_swapImgRestore();" onmouseover="MM_swapImage('header_r2_c1','','../images/header_r2_c1_f2.gif',1);"><img id="header_r2_c1" src="../images/header_r2_c1.gif" width="104" height="20" alt="" /></a><a href="edition.php" onmouseout="MM_swapImgRestore();" onmouseover="MM_swapImage('header_r2_c2','','../images/header_r2_c2_f2.gif',1);"><img id="header_r2_c2" src="../images/header_r2_c2.gif" width="104" height="20" alt="" /></a><a href="search.php" onmouseout="MM_swapImgRestore();" onmouseover="MM_swapImage('header_r2_c3','','../images/header_r2_c3_f2.gif',1);"><img id="header_r2_c3" src="../images/header_r2_c3.gif" width="104" height="20" alt="" /></a><a href="http://www.nyu.edu/projects/sanger/" onmouseout="MM_swapImgRestore();" onmouseover="MM_swapImage('header_r2_c4','','../images/header_r2_c4_f2.gif',1);"><img id="header_r2_c4" src="../images/header_r2_c4.gif" width="104" height="20" alt="" /></a><a href="contact.php" onmouseout="MM_swapImgRestore();" onmouseover="MM_swapImage('header_r2_c5','','../images/header_r2_c5_f2.gif',1);"><img id="header_r2_c5" src="../images/header_r2_c5.gif" width="104" height="20" alt="" /></a><img id="header_r2_c6" src="../images/header_r2_c6.jpg" width="105" height="20" alt="" /><img src="../images/spacer.gif" width="1" height="20" alt="" /> 
</p>
<div class="outBox">
<div class="docBox">

<p class="title_heading">Margaret Sanger, "
        [<em>Birth Control</em>]
     (Chicago Address to
                Women)," 
            
        [<em>Apr.- May 1916</em>]
    
        .
		</p><p>Typed draft speech. Source: 
            Margaret Sanger Papers, Sophia Smith Collection, Smith College
            
	, <span class="italics">Margaret Sanger Microfilm</span>S70:759
        .
		</p><p class="headnote">During her United States tour, Margaret
                Sanger spoke three times in Chicago,
            giving a speech called "Birth Control," at the West
                Side Auditorium on April 25 and May 7, and at the Little Theater of
                Chicago on Apr. 30. She was scheduled to appear before the Chicago Woman's
            Club on Apr. 11, but the event was canceled because Sanger was perceived as too
            controversial. For a newspaper report of Sanger's April 25 speech, see "<a href="show.php?sangerDoc=321958.xml">Birth Control</a>."Sanger made many handwritten changes to the document which may have been the base text
            for several of her appearances. In an effort to offer the most complete version
            possible, the editors have opted to include all the text, even those paragraphs she may
            have omitted for some of appearances.For other speeches given on that tour, see
                "<a href="show.php?sangerDoc=128002.xml">Woman and Birth Control</a>," "<a href="show.php?sangerDoc=101859.xml">Birth Control and Society</a>," Apr.-June, 1916, and "<a href="show.php?sangerDoc=128003.xml">Condemnation is Misunderstanding</a>," Apr.-Jun. 1916.</p><hr>
    
    
    
        <h1 class="underline">Chicago Address to Women.</h1>
        <p>We are regimented by conventions. Habits and customs control us. We are ever afraid of
            the untried, of the unknown. Instead of making of life a wide expanse of social
            development we allow ourselves to be herded into narrow tracks through fear of
            conventions. We are the victims of habit, not only of action but of thought. Our parents
            thought so and so; and we think so and so. The world expects us to do so and so, and so
            and so we do.</p>
        <p>The earth is a globe, it revolves around the sun, it rotates on its axis: its inhabitants
            have learned <span class="underline">this</span> much in spite of opposition. And the
            whole HISTORY of Civilization is the history of the STRUGGLE between those obeying the
            OLD laws and those establishing the NEW.</p>
        <p>
            
       &#8593;And&#8595;
     Every age adopts that which was considered UTOPIAN in
            the last and wonders how its forefathers could have been so blind, backward, stupid,
                
       &#8593;for&#8595;
     Progress infuses itself into everything and woe to him who would
            impede its course. </p>
        <p>Bruno was burned to death because he chose to
            teach the Italian people scientific truths about religion in the Italian language
            instead of using the dead languages which had been employed to cloak the REAL EMPTINESS
            of its dogmas.</p>
        <p>Socrates was poisoned because he dared to combat the
            SUPERSTITIONS of his people. Not long after his death, the citizens of Athens, his countrymen, recognized the INJUSTICE of his
            sentence, and executed <span class="underline">his</span> accuser. Socrates thereby
            became a demi-god.</p>
        <p>Jesus Christ was crucified because he attempted to SUPERCEDE the ritual
            of Moses. As time rolled on the opinions of men CHANGED until
            Christianity became an established dogma which it meant DEATH to dispute. Though he who
            does dispute it may be imprisoned, slandered and persecuted, if he has courage in his
            belief future ages may exalt HIM to a divinity and PERSECUTE others in his name as he
            was persecuted in the name of his predecessor. SUCH is the HOMAGE of the world.</p>
        <p>Now we realize that Christianity <span class="del">came but to LAY</span>
            
       &#8593;has come &amp; has lain&#8595;
     CHAINS on the human mind, and <span class="del">to</span>
            
       &#8593;has&#8595;
     imposed upon mankind the weary struggle to RECOVER the freedoms it had
            obtained.</p>
        <p>
       &#8593;Christianity turned the hands of Civilization back 1000 years it turned them back
                2000 years for woman and&#8595;
     Today we find ourselves engaged in a relentless
            struggle with the SAME POWERS OF OPPRESSION which wrought from us the liberties our
            forefathers obtained <span class="underline">for</span> and gave to us for
            preservation.</p>
        <p>Today we are engaged in a GREAT STRUGGLE FOR WOMAN'S LIBERTY,! for the freedom of HER OWN
            BODY, for her RELEASE from the domination and control, of CHURCH AND STATE.</p>
        <p>Birth Control is the first step toward the goal of <span class="del">her</span>
       &#8593;this&#8595;
     freedom.
            She can never gain political, social or spiritual freedom so long as her body remains
            THE SLAVE OF IGNORANCE. No woman 
       &#8593;can&#8595;
    call herself free who cannot choose the
            time to be a mother or not as she sees fit. And women of today REBEL against spending
            the whole of their adult lives in bringing children into the world. Out of this
            rebellion, out of this impulse, out of this desire 
       &#8593;for voluntary motherhood&#8595;
    
            has risen the Birth Control movement in the United States.</p>
        <p> I believe that this is the <span class="del"><span class="underline">first</span> great movement since
                the Civil War,
       &#8593;most revolutionary movement of the day&#8595;
     and THE MOST
                IMPORTANT ISSUE of the Twentieth Century. Its advocates 
       &#8593;too&#8595;
     have been
                SLANDERED, PERSECUTED, JAILED because they have voiced THE CRY OF WORKING WOMAN for
                    <span class="del">their</span>
                
       &#8593;her&#8595;
     BODILY FREEDOM.</span>
        </p>
        <p>In nearly every country in the world today the great mass of educated and wealthy women
            PRACTICE SOME METHOD OF BIRTH CONTROL, though in the same countries the WORKING WOMEN
            are kept in ignorance of this knowledge.</p>
        <p>It is said by physicians and others who work among the working women, that as soon as she
            rises out of the lowest stages of ignorance and poverty her FIRST STEP is to seek
            information of some practical means to <span class="del">limit her family</span>
            
       &#8593;control the size of her family&#8595;
    .</p>
        <p>Everywhere she seeks for knowledge on the subject very seldom can she find it, because
            the medical profession refuses to give it to her and others with whom she comes in daily
            contact are as ignorant as herself of the subject.</p>
        <p>The consequence is she must accept 
       &#8593;any&#8595;
     stray bits of information wholly
            UNRELIABLE and UNINFORMED. The result is that quacks and abortionists thrive on her
                <span class="underline">innocence</span> and ignorance is perpetuated.</p>

        <p>In my opinion the proper authorities to give 
       &#8593;special &amp; scientific&#8595;
     advice
            on Birth Control are the DOCTORS and NURSES 
       &#8593;&amp; midwives-&#8595;
    . No other class
            of men or women are so AWARE of the NEED of this knowledge among the working people as
            they. YET THEY HAVE REMAINED SILENT! The time has come when they MUST TAKE THEIR STAND
            in their progressive movement. For though the subject is largely <span class="underline">social</span> and <span class="underline">economic</span> yet it is in the main
                <span class="underline">physical</span> and <span class="underline">medical</span>,
            and the object of those advancing the cause is to open the doors of the medical
            profession, who in turn will force open the doors of the laboratories, where our
            chemists will give the women of the twentieth century reliable and scientific means of
            contraception hitherto unknown.</p>
        <p> A meeting of this kind is somewhat new, but undeniably important. It may be
            DISAPPOINTING to some of you to hear that I am NOT going to give you information to
            prevent conception in this meeting. 
       &#8593;I take for granted that every woman in this
                audience -- is serious minded &amp; wishes to learn some thing about the sacred
                truths of her body sex functions. It is not the best place to give knowledge.&#8595;
    
        </p>
        <p>You have a LAW in this State which FORBIDS your getting
            this information 
       &#8593;about abortions&#8595;
    . <span class="del">from me NOW</span> but it does <span class="underline">ALLOW</span> your PHYSICIAN to instruct you 
       &#8593;in prevention of
                conception&#8595;
    . </p>
        <p>I do not intend to VIOLATE this LAW, nor to IMPOSE any legal defense of my cause upon
            your consideration, <span class="underline">UNLESS YOU WOMEN OF CHICAGO desire me to do
                so</span>.! I do intend however to give you special information concerning your
            bodies which Every 
       &#8593;adult&#8595;
    Women Should Know and which it is well within
                <span class="del">your RIGHTS</span> for you to hear. 
       &#8593;my
	[<em> illegible</em>]
	 rights to
                tell you&#8595;
    . </p>
        <p>The FIRST subject which we shall take up is:</p>

        
            <h2>
<span class="underline">HOW CONCEPTION TAKES PLACE</span>.!</h2>
            <p>It is important that every adult man and woman should know and clearly understand
                what CONCEPTION means and how 
       &#8593;it&#8595;
     occurs.</p>
            <p>WHEN ONCE THIS IS THOROUGHLY KNOWN IT WILL BE IMPOSSIBLE TO <span class="underline">CONFUSE</span> BIRTH CONTROL WITH ABORTION as the 
       &#8593;ignorant&#8595;
     opponents
                of this movement are so fond of doing.</p>
            <p>I regret that I shall have time only to go very briefly into the subject to give you
                a general idea of what actually occurs.</p>
            <p>In every woman's 
       &#8593;body there are two&#8595;
     ovaries 
       &#8593;and within them&#8595;
    
                there are embedded millions of ovules or eggs. They are present in every female at
                birth, and as</p>
            <p>
	[<em>one page missing</em>]
	fertilized ovum any attempt at removing it
                or preventing its development or further growth is called ABORTION. 
       &#8593;B.C. is not
                    abortion!&#8595;
    </p>
            <p>That there is almost no other country in the world where so many abortions occur as
                in the United States is a fact worthy of consideration and interest.
                That the laws in these same United States are the most rigid and the penalty the
                heaviest for any action toward abolishing abortion (by prevention of conception) of
                any country is also worthy of interest.</p>
            <p>Abortion is the most common as well as one of the most SERIOUS disturbances of
                pregnancy yet it is said that ONE out of EVERY FIVE pregnancies terminate abruptly
                in abortion.</p>
            <p>It is roughly estimated that at least <span class="underline">250,000</span> abortions
                occur in the United States EACH YEAR while <span class="underline">50,000</span>
                women die from their effects.</p>
            <p><span class="del">There</span>
                
       &#8593;One of the most tragic facts today &#8595;
    
                <span class="del">no doubt</span>is that 
       &#8593;our&#8595;
     women are apt to look upon an abortion as
                of little consequence and to treat it <span class="del">accordingly</span>
                
       &#8593;lightly&#8595;
    . An abortion should be regarded as IMPORTANT 
       &#8593;serious&#8595;
     a
                matter as a confinement and REQUIRES AS MUCH ATTENTION as the birth of a child at
                full term.</p>
            <p>It is only the women of wealth who can afford to give an abortion the proper care and
                treatment both at the same time and afterwards. Consequently THESE WOMEN seldom
                suffer any serious consequences from its occurrence.</p>
            <p>It is the WORKING WOMEN, whose means are limited 
       &#8593;cheapest men incompetent&#8595;
    
                and who must continue AT WORK before they have recovered from the effects of an
                abortion, who are the GREAT ARMY OF SUFFERERS and it is from among THESE WOMEN that
                the DEATHS due to abortions usually ensue.</p>
            <p>If women had the knowledge to prevent conception there would be almost NO NECESSITY
                for abortion.!! It is because abortions occuring so frequently among the working
                women today -- the suffering, illness and death resulting from the carelessness of
                their performance, -- that has urged me to make ANY SACRIFICE and direct my efforts
                to make it possible for these women to obtain: CLEAN, HARMLESS KNOWLEDGE OF THE
                MEANS TO PREVENT CONCEPTION and thereby PREVENT ABORTIONS and <span class="underline">the NECESSITY FOR THEM</span>!</p>
            <p>During my nursing experience in New York I came in
                contact with some of the midwives and had occasion to view their appliances which
                they use in their profession. I was HORRIFIED at the filthy condition of the
                scissors, forceps, brushes, etc. their kit contained.</p>
            <p>IS IT ANY WONDER THAT DEATHS OF THE POORER WOMEN MOUNT SO HIGH?</p>
            <p>The more I see of women who have had abortions and the more I see of the RESULTS of
                abortions, the more convinced I am of their INJURIOUS effect on women and the
                stronger do I urge the knowledge of the prevention of conception.</p>
            <p>The results of abortion are usually of far more serious effect on the woman's health
                than a full term child birth. There is the possibility of the womb not returning to
                its natural size but remaining large and heavy and tending to fall away from its
                proper position in the body.</p>
            <p>Then one abortion so often leaves the uterus in a condition to conceive very easily
                again, and unless prevention is strictly followed another pregnancy will SURELY
                occur. Frequent abortions have a tendency to establish sterility or barrenness in
                the woman as well as result in pelvic ailments.</p>
            <p>There are many cases of women suffering from tuberculosis, kidney disease, heart
                disease, pelvic deformities, etc. to whom pregnancy stimulates the disease and often
                means death, so that the physician must perform an abortion in order that her health
                and life may be preserved. THERE IS NO LAW AGAINST THE PHYSICIAN'S DOING THIS, yet
                our laws 
       &#8593;must state&#8595;
    
                <span class="del">make</span> it a CRIME for that physician to inform that same woman how to
                prevent conception and thereby prevent abortion and its tragic suffering.</p>
            <p><span class="underline"> KNOWLEDGE TO PREVENT CONCEPTION IS THE ONLY CURE FOR
                    ABORTION.</span></p>
            <p>May the women of this country rise up and demand the REPEAL of the laws which force
                such abhorrent conditions upon them 
       &#8593;&amp; demand this knowledge to prevent
                    abortion.&#8595;
    </p>
            <p>Naturally one of the first questions asked by all concerned is:</p>
        
        
            <h2><span class="underline">ARE PREVENTIVE MEASURES CERTAIN?</span></h2>
            <p>It is always difficult to say that ANYTHING is CERTAIN in its result. A surgeon would
                not succeed with the most serious operation was he not most particular to take every
                precaution and insist that all directions be faithfully carried out.</p>
            <p>IT IS THE SAME WITH PREVENTION. There is EVERY REASON to believe that if the
                directions are carefully followed in preventive methods some means are quite
                certain.</p>
            <p>The educated women have been practicing methods of prevention for nearly a
                half-century and have found them certain and safe. Of course -- if a woman is TOO
                INDOLENT or TOO INDIFFERENT to 
       &#8593;(douche)&#8595;
    to take precautions and to give
                herself certain attentions in cleanliness and hygiene, then NOTHING can be certain,
                but I have found most women desirous and anxious <span class="underline">for
                    knowledge</span>, no matter what inconvenience it implied.</p>
            <p><span class="del">One</span>
                
       &#8593;Another&#8595;
     of the questions so often asked by women who are fearful to use
                preventatives is:</p>
        
        
            <h2>
                <span class="underline">ARE PREVENTIVE METHODS INJURIOUS TO HEALTH?</span>
</h2>
            <p>A very prominent authority claims that there is far
                more injury to a woman's health <span class="underline">to live in CONSTANT
                    FEAR</span> of pregnancy than the use of all the preventive measures in the
                world. It is further claimed by some physicians that some preventive is absolutely
                necessary and even helpful to a nervously weak woman in helping her to regain her
                health. But much depends upon THE KIND of method used.</p>
            <p>Strong solutions of anti-septics for the douche are one of the many injurious
                methods. When they are ABOVE THEIR PROPER STRENGTH they are liable to injure the
                delicate membranes of the parts. The same solutions in weaker proportions 
       &#8593;<span class="underline">bichloride tablets in bag. salt</span>&#8595;
    act as a
                cleanser and are seldom injurious. 
       &#8593;but as&#8595;
     Every woman is susceptible to a
                greater or lesser degree to all drugs, <span class="del">and</span>
                
       &#8593;it is best&#8595;
     if possible a physician should advise the use of them.</p>
            <p>There are also certain mechanical methods 
       &#8593;buttons etc wishbone pessaries&#8595;
    
                employed by some women which might give rise to an irritation and cause disease, but
                the temporary use of the same would be quite harmless.</p>
            <p>In employing any preventive measure there is almost NO DANGER TO THE MAN'S HEALTH at
                all. Even the habit of coitus-interruptus which is so commonly practiced everywhere
                is not considered as dangerous to his health as was formerly thought, but on the
                other hand is considered by many prominent authorities as injurious to the woman's
                nervous system. In fact it is considered the cause of many nervous disturbances in
                women. 
       &#8593;(explain)&#8595;
    </p>
        
        
            <h2>DO PREVENTIVE METHODS LEAD TO STERILITY?</h2>
            <p>This question is often asked by women early in marriage, who desire to use preventive
                methods for a period, until it becomes economically possible to care for a
                    <span class="del">child</span>
                
       &#8593;family&#8595;
    . It is feared that the use of preventives will cause sterility,
                and when a child is desired the woman will be unable to conceive.</p>
            <p>
       &#8593;Physicians agree that&#8595;
     There is no ground for this fear. It has been shown
                by hundreds of cases where parents have lost a child, that though they had practiced
                prevention for four, five, or even ten years, conception has taken place when
                desired. Personally, I know a patient who gave birth to a child after 20 years' use
                of preventives.</p>
            <p>As mentioned before, strong solutions should be especially avoided in this respect.
                But it is well to get the advice of your family physician and bring these questions
                before him. 
       &#8593;It all depends upon the proper method used.&#8595;
    </p>
        
        
            <h2>IS THERE A SAFE PERIOD?</h2>
            <p>There are some women who believe there is a safe period in the month when CONCEPTION
                    <span class="del">does</span>
                
       &#8593;can&#8595;
     NOT take place. That if intercourse does not occur from four days
                before menstruation until a week after it has ceased, in the time remaining
                conception will not occur.</p>
            <p>There are many women who have found this to be true in their own experience, but most
                medical authorities DENY its infallibility, and personally I have known of more
                abortions resulting from this method that those with whom it has been successful. IT
                IS NOT WISE TO TRUST TO IT.</p>
            <p>There are also many women, and a few men, who claim that intercourse is intended only
                for procreation, and that it should not take place unless a child is desired. In
                this way no preventives are necessary.</p>
            <p>I must admit I that held this view for years, and I have a <span class="del">lingering regard
                    for</span>
                
       &#8593;interest in&#8595;
     it still. I believe the sexual act involves a CREATIVE ENERGY
                which can be directed into channels for creative work and self-expression.</p>
            <p>I lay special stress on CREATIVE WORK, which in my estimation draws on different
                forces in the body than mechanical, physical or routine labor.</p>
            <p>But I know, too, that the sexual life of man differs greatly in nature and the course
                of its development from the sexual activity of woman, and also that the MAJORITY of
                men and women today are doing VERY LITTLE creative work, which leaves almost the
                only outlet for their creative energy through the sexual act.</p>
            <p>The consequence is, all modern life FORCES a sexual outlet through intercourse, and
                IT IS ONLY THE FEW EXCEPTIONS who are able to live up to this theory, even if it is
                accepted.</p>
            <p>When once we throw down the bars of Puritanical bigotry and look upon sex and its
                expression apart from procreation as a fundamental basis of all life, we shall come
                to realize that all the repressive measures employed by legislatures and laws cannot
                solve our sex problem. Let us rather BEAUTIFY them and direct their flow into
                creative channels for the benefit of society, and look upon sex as Emerson did when he said: "Work your passions into poetry".</p>
            <p>A new world awaits humanity when women shall raise the standard of sex and raise man
                to its level, of <span class="underline">beauty</span> and <span class="underline">significance</span> and <span class="underline">recognize</span> and <span class="underline">accept</span> and <span class="underline">understand</span> it,
                instead of suppressing and denying <span class="del">it</span>
                
       &#8593;&amp; debasing it&#8595;
    .</p>
        
        
            <h2>WHEN SHOULD WOMEN AVOID HAVING CHILDREN?</h2>
            <p>It is well for a woman not to give birth to a child:</p>
            <p>1. Before she is AT LEAST <span class="underline">twenty-two</span> years of age;
                better twenty-five if possible.</p>
            <p>2. From TWO to THREE years after the birth of the LAST child, in order to properly
                nurse and care for the last child and to allow the mother to renew her strength for
                the next.</p>
            <p>3. Whenever a woman or man suffers from diseases such as tuberculosis, gonorrhea,
                syphilis, cancer, epilepsy, pelvic deformities, insanity, drunkenness, and mental
                diseases. </p>
            <p>4. When parents, though healthy themselves, find that their children are physically
                or mentally defective.</p>
            <p>5. Whenever the conditions of life and the uncertainty of livelihood do not give the
                prospect of bringing up children decently and of giving them a better chance than
                the parents have had. </p>
            <p> AND FOR WORKING WOMEN 
       &#8593;She should not have a large family&#8595;
    </p>
            <p>6. So long as society remains indifferent to the needs of the worker's children. </p>
            <p> 7. So long as <span class="del">child slaves still</span>
       &#8593;her children must&#8595;
     toil in
                mills and factories.</p>
            <p>8. So long as a system of society exists in which children must compete in the labor
                market with their fathers for their daily bread.</p>
            <p>9. Let us remember that so long as the mothers of the race must breed <span class="underline">in ignorance</span>, they shall continue to fill insane
                asylums, penitentiaries, jails and almshouses with their offspring and provide the
                trenches of the world with their flesh and blood that has already <span class="underline">reddened every battlefield in history.</span>
       &#8593;other
                    page&#8595;
    
	[<em>one page missing</em>]
	</p>
            <p>Some of those who take their stand against Birth Control do so by the thought that we
                have no right to destroy potential life.</p>
            <p>A little study of human and animal physiology would convince them that every celibate
                male and female as well as married men insistently and inevitably waste MYRIADS of
                germ cells which had the potentiality of fusion with an ovum and consequently
                produced a child had the opportunity been given them.
       &#8593; If it's a crime to
                    prevent creation then its a crime to refuse to marry a man--&#8595;
    </p>
            <p>For the supposed sake of one or two of these myriad sperms 
       &#8593;cells&#8595;
     which
                must NATURALLY and INEVITABLY die 
       &#8593;any way&#8595;
     they
                    <span class="del">encourage</span>
       &#8593;insist upon&#8595;
     the production of babies in rapid
                succession, which are weakened by their proximity which might otherwise have been
                sturdy and healthy, had they been conceived further apart from each other.</p>
            <p>Such people, while awake to the claims of the unborn and even the unconceived,
                continue to be BLIND to the claims of the woman's health and will force a woman to
                BEAR and BRING FORTH a child ANNUALLY. When each child following so rapidly its
                predecessor saps and exhausts the vital strength which is available for the making
                of the offspring which lowers the vitality of each child and EVENTUALLY MURDERS THE
                WOMAN who bears them.</p>
            <p>Dr. Ploetz found that the death rate of the
                FIRST BORN infants is 220 a thousand.</p>
            <p>The death rate of the SEVENTH is 330 a thousand. While that of the TWELFTH is 600 a
                thousand. So that when "Nature has its way" and twelve children come to sap a
                woman's vitality so little strength has she left that nearly 60 percent of these
                later ones die.</p>
            <p>WE FIND THAT EVEN <span class="underline">NATURE</span> TENDS TOWARD BIRTH
                CONTROL!!</p>
            <p>But what a hideous waste of vitality! What a hideous orgy of agony. For mothers to
                produce in anguish, DEATH-DOOMED and SUFFERING INFANTS.</p>
            <p>To those who protest that we have no right to interfere with THE COURSE OF NATURE one
                must point out that the whole of CIVILIZATION, <span class="underline">EVERYTHING
                    THAT SEPARATES MAN FROM ANIMALS</span>, is an INTERFERENCE with what people
                commonly call NATURE.</p>
            <p>Railroads, boats, bridges, walking upright, living in houses, 
       &#8593;shaving&#8595;
    ,
                wearing clothes, cooking and talking all in the beginning were AGAINST Nature. We
                have come to realize that all civilization means the CONTROL and DIRECTION of
                Nature.</p>
            <p>Actions differ in their relative positions in the scale of things. ONLY THOSE ACTIONS
                ARE WORTHY WHICH LEAD THE RACE ONWARD TO A HIGHER AND FULLER COMPLETION AND TO THE
                PERFECTING OF ITS POWERS, <span class="del">which</span> steer the race into the main current of
                that stream of life and <span class="del">vitality</span> which courses through us and impels us
                forward.</p>
            <p>We 
       &#8593;who advocate Birth Control&#8595;
     are trying to raise the STANDARD and
                HEIGHTEN the sacredness of human life, promote the well-being and happiness of
                    <span class="del">the hopeless</span>
                
       &#8593;humanity&#8595;
    
                <span class="del">and</span>
                
       &#8593;we are&#8595;
     trying to 
       &#8593;intelligently&#8595;
     solve some of the MOST
                DIFFICULT AND URGENT PROBLEMS of our times.</p>
            <p>We recognize the importance of <span class="del">everything that</span>
                
       &#8593;safeguarding&#8595;
    the DIGNITY of <span class="del">the individual woman</span>,
                    
       &#8593;motherhood,&#8595;
     and we want to raise <span class="del">her</span>
                
       &#8593;it&#8595;
     from the DEGRADATION OF SERVILITY and SEX SLAVERY to a
                <span class="del">high</span>, 
       &#8593;far higher,&#8595;
     and GLORIFIED 
       &#8593;privilege&#8595;
    
                <span class="del">womanhood</span>.</p>
            <p>
       &#8593;For we believe that&#8595;
     It is the SACRED DUTY of all who dare to hand on the
                terrific gift of LIFE to hand it on in a vessel as fit and perfect as it can be
                fashioned, so that the body may be the STRONGEST and MOST BEAUTIFUL 
       &#8593;INSTRUMENT
                    possible, in the service of the Soul we summon to play its part in the mystery
                    of material being&#8595;
    .</p>
        
    
<hr><p>
		 	Subject Terms:
		</p><ul>
<li>
<a href="search.php?subject=abortion">abortion</a><a href="search.php?subject=abortion&amp;subject2=health%20risks%20of">, health risks of</a><a href="search.php?subject=abortion&amp;subject2=health%20risks%20of&amp;subject3="></a><a href="search.php?subject=abortion&amp;subject2=health%20risks%20of&amp;subject3=&amp;subject4="></a>
</li>
<li>
<a href="search.php?subject=abortion">abortion</a><a href="search.php?subject=abortion&amp;subject2=MS%20on">, MS on</a><a href="search.php?subject=abortion&amp;subject2=MS%20on&amp;subject3="></a><a href="search.php?subject=abortion&amp;subject2=MS%20on&amp;subject3=&amp;subject4="></a>
</li>
<li>
<a href="search.php?subject=birth%20control">birth control</a><a href="search.php?subject=birth%20control&amp;subject2=access%20to">, access to</a><a href="search.php?subject=birth%20control&amp;subject2=access%20to&amp;subject3="></a><a href="search.php?subject=birth%20control&amp;subject2=access%20to&amp;subject3=&amp;subject4="></a>
</li>
<li>
<a href="search.php?subject=birth%20control">birth control</a><a href="search.php?subject=birth%20control&amp;subject2=class-based">, class-based</a><a href="search.php?subject=birth%20control&amp;subject2=class-based&amp;subject3="></a><a href="search.php?subject=birth%20control&amp;subject2=class-based&amp;subject3=&amp;subject4="></a>
</li>
<li>
<a href="search.php?subject=birth%20control">birth control</a><a href="search.php?subject=birth%20control&amp;subject2=health%20benefits%20and%20risks">, health benefits and risks</a><a href="search.php?subject=birth%20control&amp;subject2=health%20benefits%20and%20risks&amp;subject3="></a><a href="search.php?subject=birth%20control&amp;subject2=health%20benefits%20and%20risks&amp;subject3=&amp;subject4="></a>
</li>
<li>
<a href="search.php?subject=birth%20control">birth control</a><a href="search.php?subject=birth%20control&amp;subject2=lack%20of%20knowledge%20of">, lack of knowledge of</a><a href="search.php?subject=birth%20control&amp;subject2=lack%20of%20knowledge%20of&amp;subject3="></a><a href="search.php?subject=birth%20control&amp;subject2=lack%20of%20knowledge%20of&amp;subject3=&amp;subject4="></a>
</li>
<li>
<a href="search.php?subject=birth%20control">birth control</a><a href="search.php?subject=birth%20control&amp;subject2=methods">, methods</a><a href="search.php?subject=birth%20control&amp;subject2=methods&amp;subject3=douche">, douche</a><a href="search.php?subject=birth%20control&amp;subject2=methods&amp;subject3=douche&amp;subject4="></a>
</li>
<li>
<a href="search.php?subject=birth%20control">birth control</a><a href="search.php?subject=birth%20control&amp;subject2=methods">, methods</a><a href="search.php?subject=birth%20control&amp;subject2=methods&amp;subject3=efficacy%20of">, efficacy of</a><a href="search.php?subject=birth%20control&amp;subject2=methods&amp;subject3=efficacy%20of&amp;subject4="></a>
</li>
<li>
<a href="search.php?subject=birth%20control">birth control</a><a href="search.php?subject=birth%20control&amp;subject2=methods">, methods</a><a href="search.php?subject=birth%20control&amp;subject2=methods&amp;subject3=safe%20period">, safe period</a><a href="search.php?subject=birth%20control&amp;subject2=methods&amp;subject3=safe%20period&amp;subject4="></a>
</li>
<li>
<a href="search.php?subject=birth%20control">birth control</a><a href="search.php?subject=birth%20control&amp;subject2=socio-economic%20benefits%20of">, socio-economic benefits of</a><a href="search.php?subject=birth%20control&amp;subject2=socio-economic%20benefits%20of&amp;subject3="></a><a href="search.php?subject=birth%20control&amp;subject2=socio-economic%20benefits%20of&amp;subject3=&amp;subject4="></a>
</li>
<li>
<a href="search.php?subject=censorship">censorship</a><a href="search.php?subject=censorship&amp;subject2="></a><a href="search.php?subject=censorship&amp;subject2=&amp;subject3="></a><a href="search.php?subject=censorship&amp;subject2=&amp;subject3=&amp;subject4="></a>
</li>
<li>
<a href="search.php?subject=Christianity">Christianity</a><a href="search.php?subject=Christianity&amp;subject2="></a><a href="search.php?subject=Christianity&amp;subject2=&amp;subject3="></a><a href="search.php?subject=Christianity&amp;subject2=&amp;subject3=&amp;subject4="></a>
</li>
<li>
<a href="search.php?subject=men">men</a><a href="search.php?subject=men&amp;subject2=sexual%20fulfillment%20of">, sexual fulfillment of</a><a href="search.php?subject=men&amp;subject2=sexual%20fulfillment%20of&amp;subject3="></a><a href="search.php?subject=men&amp;subject2=sexual%20fulfillment%20of&amp;subject3=&amp;subject4="></a>
</li>
<li>
<a href="search.php?subject=mortality%20rates">mortality rates</a><a href="search.php?subject=mortality%20rates&amp;subject2=infant">, infant</a><a href="search.php?subject=mortality%20rates&amp;subject2=infant&amp;subject3="></a><a href="search.php?subject=mortality%20rates&amp;subject2=infant&amp;subject3=&amp;subject4="></a>
</li>
<li>
<a href="search.php?subject=physicians">physicians</a><a href="search.php?subject=physicians&amp;subject2=birth%20control%20and">, birth control and</a><a href="search.php?subject=physicians&amp;subject2=birth%20control%20and&amp;subject3="></a><a href="search.php?subject=physicians&amp;subject2=birth%20control%20and&amp;subject3=&amp;subject4="></a>
</li>
<li>
<a href="search.php?subject=physicians">physicians</a><a href="search.php?subject=physicians&amp;subject2=MS%20on">, MS on</a><a href="search.php?subject=physicians&amp;subject2=MS%20on&amp;subject3="></a><a href="search.php?subject=physicians&amp;subject2=MS%20on&amp;subject3=&amp;subject4="></a>
</li>
<li>
<a href="search.php?subject=sex%20education">sex education</a><a href="search.php?subject=sex%20education&amp;subject2=birth%20control%20and">, birth control and</a><a href="search.php?subject=sex%20education&amp;subject2=birth%20control%20and&amp;subject3="></a><a href="search.php?subject=sex%20education&amp;subject2=birth%20control%20and&amp;subject3=&amp;subject4="></a>
</li>
<li>
<a href="search.php?subject=women">women</a><a href="search.php?subject=women&amp;subject2=reproductive%20choices%20and%20decisions">, reproductive choices and decisions</a><a href="search.php?subject=women&amp;subject2=reproductive%20choices%20and%20decisions&amp;subject3="></a><a href="search.php?subject=women&amp;subject2=reproductive%20choices%20and%20decisions&amp;subject3=&amp;subject4="></a>
</li>
<li>
<a href="search.php?subject=women">women</a><a href="search.php?subject=women&amp;subject2=sexual%20freedom%20and%20fulfillment">, sexual freedom and fulfillment</a><a href="search.php?subject=women&amp;subject2=sexual%20freedom%20and%20fulfillment&amp;subject3="></a><a href="search.php?subject=women&amp;subject2=sexual%20freedom%20and%20fulfillment&amp;subject3=&amp;subject4="></a>
</li>
<li>
<a href="search.php?subject=working%20classes">working classes</a><a href="search.php?subject=working%20classes&amp;subject2=birth%20control%20and">, birth control and</a><a href="search.php?subject=working%20classes&amp;subject2=birth%20control%20and&amp;subject3="></a><a href="search.php?subject=working%20classes&amp;subject2=birth%20control%20and&amp;subject3=&amp;subject4="></a>
</li>
<li>
<a href="search.php?subject=working%20classes">working classes</a><a href="search.php?subject=working%20classes&amp;subject2=women%20and%20girls">, women and girls</a><a href="search.php?subject=working%20classes&amp;subject2=women%20and%20girls&amp;subject3="></a><a href="search.php?subject=working%20classes&amp;subject2=women%20and%20girls&amp;subject3=&amp;subject4="></a>
</li>
</ul><p>
		 Copyright 2003. Margaret Sanger Project
        </p>
  </div>
</div>
	<div><br /></div>

	<p style="margin-top: 0px; margin-bottom: 0px;">
		<a href="http://www.nyu.edu/projects/sanger/aboutms/" onmouseout="MM_swapImgRestore();" onmouseover="MM_swapImage('sanger_foot_r1_c1','','../images/sanger_foot_r1_c1_f2.gif',1);"><img id="sanger_foot_r1_c1" src="../images/sanger_foot_r1_c1.gif" width="104" height="20" alt="" /></a><a href="http://www.nyu.edu/projects/sanger/documents/electroniced.php" onmouseout="MM_swapImgRestore();" onmouseover="MM_swapImage('sanger_foot_r1_c2','','../images/sanger_foot_r1_c2_f2.gif',1);"><img id="sanger_foot_r1_c2" src="../images/sanger_foot_r1_c2.gif" width="104" height="20" alt="" /></a><a href="search.php" onmouseout="MM_swapImgRestore();" onmouseover="MM_swapImage('sanger_foot_r1_c3','','../images/sanger_foot_r1_c3_f2.gif',1);"><img id="sanger_foot_r1_c3" src="../images/sanger_foot_r1_c3.gif" width="104" height="20" alt="" /></a><a href="http://www.nyu.edu/projects/sanger/" onmouseout="MM_swapImgRestore();" onmouseover="MM_swapImage('sanger_foot_r1_c4','','../images/sanger_foot_r1_c4_f2.gif',1);"><img id="sanger_foot_r1_c4" src="../images/sanger_foot_r1_c4.gif" width="104" height="20" alt="" /></a><a href="http://www.nyu.edu/projects/sanger/contactus/" onmouseout="MM_swapImgRestore();" onmouseover="MM_swapImage('sanger_foot_r1_c5','','../images/sanger_foot_r1_c5_f2.gif',1);"><img id="sanger_foot_r1_c5" src="../images/sanger_foot_r1_c5.gif" width="104" height="20" alt="" /></a><img id="sanger_foot_r1_c6" src="../images/sanger_foot_r1_c6.jpg" width="105" height="20" alt="" />
	</p>
	<p style="margin-bottom: 0px; margin-top: -1px; /*\*/margin-top: -4px;/**/">
		<img src="../images/spacer.gif" width="545" height="1" alt="" /><a href="http://validator.w3.org/check/referer"><img src="../images/xhtml11.gif" alt="valid" /></a>
	</p>
</div> <!-- end of Container --> 
</body>
</html>
