<!DOCTYPE html PUBLIC "-//W3C//DTD XHTML 1.1//EN"
        "http://www.w3.org/TR/xhtml11/DTD/xhtml11.dtd">
<html>
<head>
	<title>The Public Papers of Margaret Sanger: Web Edition</title> 
	<meta http-equiv="content-type" content="text/html charset=ISO-8859-1" />
	<link href="../documents/styles.css" rel="stylesheet" type="text/css" />
<script type="text/javascript" src="../documents/global.js"></script> 
</head>
<body onload="MM_preloadImages('../images/header_r2_c1_f2.gif','../images/header_r2_c2_f2.gif','../images/header_r2_c3_f2.gif','../images/header_r2_c4_f2.gif','../images/header_r2_c5_f2.gif');">
<div id="container" style="width: 626px; margin: 0px auto;"> 
<p style="margin-top: 0px; margin-bottom: 0px;">
	<img id="header_r1_c1" src="../images/header_r1_c1.gif" width="625" height="95" alt="" /><img src="../images/spacer.gif" width="1" height="95" alt="" /> 
</p>
<p style="margin-top: 0px; /*\*/margin-top: -3px;/**/">
	<a href="project.php" onmouseout="MM_swapImgRestore();" onmouseover="MM_swapImage('header_r2_c1','','../images/header_r2_c1_f2.gif',1);"><img id="header_r2_c1" src="../images/header_r2_c1.gif" width="104" height="20" alt="" /></a><a href="edition.php" onmouseout="MM_swapImgRestore();" onmouseover="MM_swapImage('header_r2_c2','','../images/header_r2_c2_f2.gif',1);"><img id="header_r2_c2" src="../images/header_r2_c2.gif" width="104" height="20" alt="" /></a><a href="search.php" onmouseout="MM_swapImgRestore();" onmouseover="MM_swapImage('header_r2_c3','','../images/header_r2_c3_f2.gif',1);"><img id="header_r2_c3" src="../images/header_r2_c3.gif" width="104" height="20" alt="" /></a><a href="http://www.nyu.edu/projects/sanger/" onmouseout="MM_swapImgRestore();" onmouseover="MM_swapImage('header_r2_c4','','../images/header_r2_c4_f2.gif',1);"><img id="header_r2_c4" src="../images/header_r2_c4.gif" width="104" height="20" alt="" /></a><a href="contact.php" onmouseout="MM_swapImgRestore();" onmouseover="MM_swapImage('header_r2_c5','','../images/header_r2_c5_f2.gif',1);"><img id="header_r2_c5" src="../images/header_r2_c5.gif" width="104" height="20" alt="" /></a><img id="header_r2_c6" src="../images/header_r2_c6.jpg" width="105" height="20" alt="" /><img src="../images/spacer.gif" width="1" height="20" alt="" /> 
</p>
<div class="outBox">
<div class="docBox">

<p class="title_heading">Margaret Sanger, "The War and Birth Control," 
        [<em>1918</em>]
    .
		</p><p>Typed draft article . Source: 
            The Margaret Sanger Papers, Library of Congress
            
	, Library of Congress Microfilm 131:119
        .
		</p><p class="headnote"></p><hr>
    
    
    
        <h1>The War and Birth Control.</h1>
        <p class="underline">Points for an article.</p>
        <p>There are two special reasons in war-time for pushing to make birth control information
            legal:--one that it means positive race conservation; the other that war has always
            increased venereal disease and unless phenomenal improvement is made, the return of the
            soldiers will result in a menacing increase in the birth of diseased and defective
            children.</p>
        <p>As to the first reason:--race conservation, the following points should be
            emphasized:--</p>
        <p class="blockquote">Contrary to the popular notion that birth control means possible race
            suicide, its results are just the contrary. It lowers the birth rate, but lowers the
            death rate <span class="underline">MORE</span>, particularly the infant death rate. See
            the enclosed statistical leaflet for proof. (This table might be used to illustrate the
            article.)</p>
        <p></p>
        <p class="blockquote">War increases the civilian death rate. The most deaths are where the
            highest birth rate prevails. It is paradoxical but true that the best way to increase
            the population and lower the death rate is to lower the birth rate.</p>
        <p></p>
        <p class="blockquote">England's experience has been that in "1915,
                in wartime, deaths carried off more British babies than British soldiers. Therefore,
                the obvious way of repairing the wastage of war is to save the babies. Since five
                million young adult males of the country are under arms, and many thousand get
                killed every year, while the war lasts, the birth rate must drop. It is, therefore,
                more important than ever to preserve the lives of the children who are born."
                (Contemporary Review for July)</p>
        <p></p>
        <p class="blockquote">It is of equal importance that only those should be born who can be
            given a decent amount of health and care. If babies are born only to die, the parents
            are needlessly depleted, the population is not increased and the race is not conserved.
            Too many babies means a cruel waste of babies.</p>
        <p></p>
        <p class="blockquote">In Hungary before the war, 340 babies out of every 1000
            died. Now the rate has risen to 500 out of every 1000. Since the war began over
            1,172,000 babies have died in that one country. Birth control information is not
            prevalent in Hungary. Its birth rate is one of the highest in Europe.</p>
        <p></p>
        <p class="blockquote">In France, the general death rate has jumped from 19 a
            1000 to 39 a 1000 since the war began. Only one third of these deaths were in the
                army.<span class="del"> The civilian</span>
       &#8593;The increase in the civilian&#8595;
     deathrate
                <span class="del">has therefore doubled.If this</span> can happen in a country which has had free
            birth control 
       &#8593;information&#8595;
     for half a century, what will be the increase in an
            ignorant country like ours which prohibits the information, if the war should drag on
            for two or three years?</p>
        <p></p>
        <p class="blockquote">Dr. Josephine Baker, of the
                New York Mayor's Committee of Women on National Defense reports that
            already the war conditions have raised the baby death rate. New York City has held the American record for the reduction of infant
            deaths. Since the establishment of the Bureau of Child Hygiene, of which also Dr. Baker is the head, the rate has
            dropped from 144 to 89 per 1000. If birth control information had been free it might
            have dropped to the figure of the world record, 70 per thousand, which is held by
                Australia and New Zealand, in which countries
            contraceptive information has long been free.</p>
        <p>As to second reason:--the probable increase in venereal disease, the following are the
            chief points:--</p>
        <p></p>
        <p class="blockquote">The history of all previous wars has shown that they have added to the
            total of venereal disease. All the army authorities, particularly in this country, are
            endeavoring to make this war show a better record. In some camps they have been very
            successful, in others the situation is much worse than anything in civil
                
        [<em>life</em>]
    .</p>
        <p></p>
        <p class="blockquote">For 
       &#8593;a&#8595;
     three year period previous to the war, (Jan. 1st, 1912
            to December 31, 1915) 857 of every 1000 applicants for enlistment in the regular army
            were rejected because they were unfit, and nearly 200 out of every 1000 men were
            rejected because of venereal disease. In other words nearly 1/5 of the men were found
            infected.</p>
        <p></p>
        <p class="blockquote">Surgeon General Gorgas states
            that for a 12 week period ending December 7th last, there were reported from the 31
            cantonments 21,742 <span class="underline">new</span> cases of venereal disease. The
            number of previous uncured cases was not reported. The total number of men then in camp
            was not stated.</p>
        <p></p>
        <p class="blockquote"> (Note:-- I am trying to find out, so the ratio may be
                <span class="del">different</span> Determined.) Official reports of January 18th showed that the
            highest rate for venereal disease in any of the camps was Camp Pike, in Arkansas where over half of the men were
            infected. The rate was 56.7 per thousand. The lowest rate was Camp Upton. where there were only 4 <span class="underline">new</span> cases for that week.</p>
        <p></p>
        <p class="blockquote">Apparently the conditions in the allied armies are worse than ours.
            Surgeon General Gorgas states "that during the first 18 months of the
                war, one of the great powers had more men incapacitated from service by venereal
                disease <span class="underline">contracted in the mobilization camps</span> than in
                all the fighting at the front."</p>
        <p></p>
        <p class="blockquote">The conservative English Magazine, the Nineteenth Century
                Magazine for September, 1917 says of the British army, "from
                all parts of our empire, a million men have come overseas. Over one-third of that
                million becomes infected with venereal disease every 12 months."</p>
        <p></p>
        <p class="blockquote">Conditions in the trenches are such that whatever, infection there is,
            may be rapidly spread, and many men may become diseased who have not willingly subjected
            themselves to the chance of infection.</p>
        <p></p>
        <p class="blockquote">It is to be hoped that the authorities will be able to control the
            situation, so that the returned soldiers will not be more diseased than they were before
            they went to war. But to just the extent that they do <span class="underline">not</span>
            succeed, to just that extent will there be a most menacing increase in the birth of
            diseased children during the first few years after the war. If as is predicted, we send
            from three to five million men to France, this possible condition when
            the men come back is ample cause for anxiety.</p>
        <p></p>
        <p class="blockquote">If, however, the legal restrictions preventing the circulation of birth
            control information are removed before the end of the war, we shall then be free to
                
        [<em>help</em>]
     the home-coming soldiers and their young wives to
            understand how they may defer the conception of their children until the danger period
            of the venereal infection is conquered.</p>
        <p></p>
        <p class="blockquote">Under peace conditions, the proportion of babies born diseased or
            defective because of venereal taint is sufficiently appalling. To let the war raise that
            rate is a social disaster which must be avoided if possible.</p>
        <p></p>
        <p class="blockquote">The nation is going to need the sturdiest kind of a race to meet the
            necessities of the reconstruction period following the war. Obviously this is no time to
            have the strength and resources of parents depleted by having more children than they
            can provide with fair health and care, or to have a next generation handicapped
                
       &#8593;and&#8595;
    below the par.</p>
        <p></p>
        <p>BS&amp;AU/12646</p>
    
<hr><p>
		 	Subject Terms:
		</p><ul>
<li>
<a href="search.php?subject=Australia">Australia</a><a href="search.php?subject=Australia&amp;subject2=birth%20rates%20in">, birth rates in</a><a href="search.php?subject=Australia&amp;subject2=birth%20rates%20in&amp;subject3="></a><a href="search.php?subject=Australia&amp;subject2=birth%20rates%20in&amp;subject3=&amp;subject4="></a>
</li>
<li>
<a href="search.php?subject=birth%20control">birth control</a><a href="search.php?subject=birth%20control&amp;subject2=war%20and">, war and</a><a href="search.php?subject=birth%20control&amp;subject2=war%20and&amp;subject3="></a><a href="search.php?subject=birth%20control&amp;subject2=war%20and&amp;subject3=&amp;subject4="></a>
</li>
<li>
<a href="search.php?subject=birth%20rate">birth rate</a><a href="search.php?subject=birth%20rate&amp;subject2=decline%20in">, decline in</a><a href="search.php?subject=birth%20rate&amp;subject2=decline%20in&amp;subject3="></a><a href="search.php?subject=birth%20rate&amp;subject2=decline%20in&amp;subject3=&amp;subject4="></a>
</li>
<li>
<a href="search.php?subject=England">England</a><a href="search.php?subject=England&amp;subject2=birth%20rate%20in">, birth rate in</a><a href="search.php?subject=England&amp;subject2=birth%20rate%20in&amp;subject3="></a><a href="search.php?subject=England&amp;subject2=birth%20rate%20in&amp;subject3=&amp;subject4="></a>
</li>
<li>
<a href="search.php?subject=eugenics">eugenics</a><a href="search.php?subject=eugenics&amp;subject2=birth%20control%20and">, birth control and</a><a href="search.php?subject=eugenics&amp;subject2=birth%20control%20and&amp;subject3="></a><a href="search.php?subject=eugenics&amp;subject2=birth%20control%20and&amp;subject3=&amp;subject4="></a>
</li>
<li>
<a href="search.php?subject=France">France</a><a href="search.php?subject=France&amp;subject2=death%20rate%20in">, death rate in</a><a href="search.php?subject=France&amp;subject2=death%20rate%20in&amp;subject3="></a><a href="search.php?subject=France&amp;subject2=death%20rate%20in&amp;subject3=&amp;subject4="></a>
</li>
<li>
<a href="search.php?subject=Hungary">Hungary</a><a href="search.php?subject=Hungary&amp;subject2=birth%20rate%20in">, birth rate in</a><a href="search.php?subject=Hungary&amp;subject2=birth%20rate%20in&amp;subject3="></a><a href="search.php?subject=Hungary&amp;subject2=birth%20rate%20in&amp;subject3=&amp;subject4="></a>
</li>
<li>
<a href="search.php?subject=mortality%20rates">mortality rates</a><a href="search.php?subject=mortality%20rates&amp;subject2=infant">, infant</a><a href="search.php?subject=mortality%20rates&amp;subject2=infant&amp;subject3="></a><a href="search.php?subject=mortality%20rates&amp;subject2=infant&amp;subject3=&amp;subject4="></a>
</li>
<li>
<a href="search.php?subject=New%20York%20City">New York City</a><a href="search.php?subject=New%20York%20City&amp;subject2=mortality%20rate">, mortality rate</a><a href="search.php?subject=New%20York%20City&amp;subject2=mortality%20rate&amp;subject3=infant">, infant</a><a href="search.php?subject=New%20York%20City&amp;subject2=mortality%20rate&amp;subject3=infant&amp;subject4="></a>
</li>
<li>
<a href="search.php?subject=New%20Zealand">New Zealand</a><a href="search.php?subject=New%20Zealand&amp;subject2=birth%20rates%20in">, birth rates in</a><a href="search.php?subject=New%20Zealand&amp;subject2=birth%20rates%20in&amp;subject3="></a><a href="search.php?subject=New%20Zealand&amp;subject2=birth%20rates%20in&amp;subject3=&amp;subject4="></a>
</li>
<li>
<a href="search.php?subject=race%20suicide">race suicide</a><a href="search.php?subject=race%20suicide&amp;subject2="></a><a href="search.php?subject=race%20suicide&amp;subject2=&amp;subject3="></a><a href="search.php?subject=race%20suicide&amp;subject2=&amp;subject3=&amp;subject4="></a>
</li>
<li>
<a href="search.php?subject=venereal%20disease">venereal disease</a><a href="search.php?subject=venereal%20disease&amp;subject2="></a><a href="search.php?subject=venereal%20disease&amp;subject2=&amp;subject3="></a><a href="search.php?subject=venereal%20disease&amp;subject2=&amp;subject3=&amp;subject4="></a>
</li>
<li>
<a href="search.php?subject=venereal%20disease">venereal disease</a><a href="search.php?subject=venereal%20disease&amp;subject2=and%20war">, and war</a><a href="search.php?subject=venereal%20disease&amp;subject2=and%20war&amp;subject3="></a><a href="search.php?subject=venereal%20disease&amp;subject2=and%20war&amp;subject3=&amp;subject4="></a>
</li>
<li>
<a href="search.php?subject=venereal%20disease">venereal disease</a><a href="search.php?subject=venereal%20disease&amp;subject2=prevention%20of">, prevention of</a><a href="search.php?subject=venereal%20disease&amp;subject2=prevention%20of&amp;subject3="></a><a href="search.php?subject=venereal%20disease&amp;subject2=prevention%20of&amp;subject3=&amp;subject4="></a>
</li>
<li>
<a href="search.php?subject=World%20War%20I">World War I</a><a href="search.php?subject=World%20War%20I&amp;subject2=MS%20on">, MS on</a><a href="search.php?subject=World%20War%20I&amp;subject2=MS%20on&amp;subject3="></a><a href="search.php?subject=World%20War%20I&amp;subject2=MS%20on&amp;subject3=&amp;subject4="></a>
</li>
<li>
<a href="search.php?subject=World%20War%20I">World War I</a><a href="search.php?subject=World%20War%20I&amp;subject2=population%20and">, population and</a><a href="search.php?subject=World%20War%20I&amp;subject2=population%20and&amp;subject3="></a><a href="search.php?subject=World%20War%20I&amp;subject2=population%20and&amp;subject3=&amp;subject4="></a>
</li>
</ul><p>
		 Copyright 2003. Margaret Sanger Project
        </p>
  </div>
</div>
	<div><br /></div>

	<p style="margin-top: 0px; margin-bottom: 0px;">
		<a href="http://www.nyu.edu/projects/sanger/aboutms/" onmouseout="MM_swapImgRestore();" onmouseover="MM_swapImage('sanger_foot_r1_c1','','../images/sanger_foot_r1_c1_f2.gif',1);"><img id="sanger_foot_r1_c1" src="../images/sanger_foot_r1_c1.gif" width="104" height="20" alt="" /></a><a href="http://www.nyu.edu/projects/sanger/documents/electroniced.php" onmouseout="MM_swapImgRestore();" onmouseover="MM_swapImage('sanger_foot_r1_c2','','../images/sanger_foot_r1_c2_f2.gif',1);"><img id="sanger_foot_r1_c2" src="../images/sanger_foot_r1_c2.gif" width="104" height="20" alt="" /></a><a href="search.php" onmouseout="MM_swapImgRestore();" onmouseover="MM_swapImage('sanger_foot_r1_c3','','../images/sanger_foot_r1_c3_f2.gif',1);"><img id="sanger_foot_r1_c3" src="../images/sanger_foot_r1_c3.gif" width="104" height="20" alt="" /></a><a href="http://www.nyu.edu/projects/sanger/" onmouseout="MM_swapImgRestore();" onmouseover="MM_swapImage('sanger_foot_r1_c4','','../images/sanger_foot_r1_c4_f2.gif',1);"><img id="sanger_foot_r1_c4" src="../images/sanger_foot_r1_c4.gif" width="104" height="20" alt="" /></a><a href="http://www.nyu.edu/projects/sanger/contactus/" onmouseout="MM_swapImgRestore();" onmouseover="MM_swapImage('sanger_foot_r1_c5','','../images/sanger_foot_r1_c5_f2.gif',1);"><img id="sanger_foot_r1_c5" src="../images/sanger_foot_r1_c5.gif" width="104" height="20" alt="" /></a><img id="sanger_foot_r1_c6" src="../images/sanger_foot_r1_c6.jpg" width="105" height="20" alt="" />
	</p>
	<p style="margin-bottom: 0px; margin-top: -1px; /*\*/margin-top: -4px;/**/">
		<img src="../images/spacer.gif" width="545" height="1" alt="" /><a href="http://validator.w3.org/check/referer"><img src="../images/xhtml11.gif" alt="valid" /></a>
	</p>
</div> <!-- end of Container --> 
</body>
</html>
