<!DOCTYPE html PUBLIC "-//W3C//DTD XHTML 1.1//EN"
        "http://www.w3.org/TR/xhtml11/DTD/xhtml11.dtd">
<html>
<head>
	<title>The Public Papers of Margaret Sanger: Web Edition</title> 
	<meta http-equiv="content-type" content="text/html charset=ISO-8859-1" />
	<link href="../documents/styles.css" rel="stylesheet" type="text/css" />
<script type="text/javascript" src="../documents/global.js"></script> 
</head>
<body onload="MM_preloadImages('../images/header_r2_c1_f2.gif','../images/header_r2_c2_f2.gif','../images/header_r2_c3_f2.gif','../images/header_r2_c4_f2.gif','../images/header_r2_c5_f2.gif');">
<div id="container" style="width: 626px; margin: 0px auto;"> 
<p style="margin-top: 0px; margin-bottom: 0px;">
	<img id="header_r1_c1" src="../images/header_r1_c1.gif" width="625" height="95" alt="" /><img src="../images/spacer.gif" width="1" height="95" alt="" /> 
</p>
<p style="margin-top: 0px; /*\*/margin-top: -3px;/**/">
	<a href="project.php" onmouseout="MM_swapImgRestore();" onmouseover="MM_swapImage('header_r2_c1','','../images/header_r2_c1_f2.gif',1);"><img id="header_r2_c1" src="../images/header_r2_c1.gif" width="104" height="20" alt="" /></a><a href="edition.php" onmouseout="MM_swapImgRestore();" onmouseover="MM_swapImage('header_r2_c2','','../images/header_r2_c2_f2.gif',1);"><img id="header_r2_c2" src="../images/header_r2_c2.gif" width="104" height="20" alt="" /></a><a href="search.php" onmouseout="MM_swapImgRestore();" onmouseover="MM_swapImage('header_r2_c3','','../images/header_r2_c3_f2.gif',1);"><img id="header_r2_c3" src="../images/header_r2_c3.gif" width="104" height="20" alt="" /></a><a href="http://www.nyu.edu/projects/sanger/" onmouseout="MM_swapImgRestore();" onmouseover="MM_swapImage('header_r2_c4','','../images/header_r2_c4_f2.gif',1);"><img id="header_r2_c4" src="../images/header_r2_c4.gif" width="104" height="20" alt="" /></a><a href="contact.php" onmouseout="MM_swapImgRestore();" onmouseover="MM_swapImage('header_r2_c5','','../images/header_r2_c5_f2.gif',1);"><img id="header_r2_c5" src="../images/header_r2_c5.gif" width="104" height="20" alt="" /></a><img id="header_r2_c6" src="../images/header_r2_c6.jpg" width="105" height="20" alt="" /><img src="../images/spacer.gif" width="1" height="20" alt="" /> 
</p>
<div class="outBox">
<div class="docBox">

<p class="title_heading">Margaret Sanger, "
        [<em>Continence</em>]
    ," n.d..
		</p><p>Autograph draft article. Source: 
            Margaret Sanger Papers, Sophia Smith Collection
            
	, <a href="search.php?journal=%22Margaret%20Sanger%20Microfilm:%20Smith%20College%20Collections%22"><span class="italics">Margaret Sanger Microfilm: Smith College Collections</span></a> S73:0041
        .
		</p><p class="headnote">No additional versions or further information was found on this text.</p><hr>
    
    
    
        <p>Continence is <span class="underline">one</span> of the methods of BC.</p>
        <p>So is Sterilization, so is the Mechanical or Chemical Method.</p>
        <p>Any one of which may be advised or chosen <span class="del">by</span> to suit individual lives.</p>
        <p>But--no one can impose <span class="underline">any one</span> method upon a whole
            population.</p>
        <p>Continence--partial or absolute is a Method which for some people, especially the
            Unmarried may be practiced with very little strain on the nervous system but for married
            lovers, full of life, vitality, vigor, with a deep love for each other <span class="del">such</span>
            to impose upon this couple a condition of continence is wrought with serious dangers not
            only to the nervous system but to the harmony &amp; peace of the home.</p>
        <p>Young couple, husband truck driver told to practice continence.</p>
        <p>Morality comes from within Ford&#8217;s 
	[<em>one word illegible</em>]
	 houses.</p>
        <p>The desire for continence if it comes from sublimating of the sex forces, usually means
            there is a lowering of vitality or an increasing interest in some other activity using
            up the creative forces. This may happen to either one of the married persons, but seldom
            does it the desire come to both at the same time for any long period.</p>
        <p>No good night kisses. No tenderness, no cuddling, no holding hands, danger signal
            all.</p>
        <p>Premium on barrenness where sex</p>
        <p>sex communion without desire for children can be akin to music or prayer, almost never is
            sex desire accompanied with the desire for children. That comes with love, respect etc.
        </p>
    
<hr><p>
		 	Subject Terms:
		</p><ul>
<li>
<a href="search.php?subject=birth%20control">birth control</a><a href="search.php?subject=birth%20control&amp;subject2=methods">, methods</a><a href="search.php?subject=birth%20control&amp;subject2=methods&amp;subject3="></a><a href="search.php?subject=birth%20control&amp;subject2=methods&amp;subject3=&amp;subject4="></a>
</li>
<li>
<a href="search.php?subject=birth%20control">birth control</a><a href="search.php?subject=birth%20control&amp;subject2=methods">, methods</a><a href="search.php?subject=birth%20control&amp;subject2=methods&amp;subject3=continence">, continence</a><a href="search.php?subject=birth%20control&amp;subject2=methods&amp;subject3=continence&amp;subject4="></a>
</li>
<li>
<a href="search.php?subject=birth%20control">birth control</a><a href="search.php?subject=birth%20control&amp;subject2=methods">, methods</a><a href="search.php?subject=birth%20control&amp;subject2=methods&amp;subject3=sterilization">, sterilization</a><a href="search.php?subject=birth%20control&amp;subject2=methods&amp;subject3=sterilization&amp;subject4="></a>
</li>
<li>
<a href="search.php?subject=marriage">marriage</a><a href="search.php?subject=marriage&amp;subject2="></a><a href="search.php?subject=marriage&amp;subject2=&amp;subject3="></a><a href="search.php?subject=marriage&amp;subject2=&amp;subject3=&amp;subject4="></a>
</li>
<li>
<a href="search.php?subject=men">men</a><a href="search.php?subject=men&amp;subject2=sexual%20fulfillment%20of">, sexual fulfillment of</a><a href="search.php?subject=men&amp;subject2=sexual%20fulfillment%20of&amp;subject3="></a><a href="search.php?subject=men&amp;subject2=sexual%20fulfillment%20of&amp;subject3=&amp;subject4="></a>
</li>
</ul><p>
		 Copyright 2003. Margaret Sanger Project
        </p>
  </div>
</div>
	<div><br /></div>

	<p style="margin-top: 0px; margin-bottom: 0px;">
		<a href="http://www.nyu.edu/projects/sanger/aboutms/" onmouseout="MM_swapImgRestore();" onmouseover="MM_swapImage('sanger_foot_r1_c1','','../images/sanger_foot_r1_c1_f2.gif',1);"><img id="sanger_foot_r1_c1" src="../images/sanger_foot_r1_c1.gif" width="104" height="20" alt="" /></a><a href="http://www.nyu.edu/projects/sanger/documents/electroniced.php" onmouseout="MM_swapImgRestore();" onmouseover="MM_swapImage('sanger_foot_r1_c2','','../images/sanger_foot_r1_c2_f2.gif',1);"><img id="sanger_foot_r1_c2" src="../images/sanger_foot_r1_c2.gif" width="104" height="20" alt="" /></a><a href="search.php" onmouseout="MM_swapImgRestore();" onmouseover="MM_swapImage('sanger_foot_r1_c3','','../images/sanger_foot_r1_c3_f2.gif',1);"><img id="sanger_foot_r1_c3" src="../images/sanger_foot_r1_c3.gif" width="104" height="20" alt="" /></a><a href="http://www.nyu.edu/projects/sanger/" onmouseout="MM_swapImgRestore();" onmouseover="MM_swapImage('sanger_foot_r1_c4','','../images/sanger_foot_r1_c4_f2.gif',1);"><img id="sanger_foot_r1_c4" src="../images/sanger_foot_r1_c4.gif" width="104" height="20" alt="" /></a><a href="http://www.nyu.edu/projects/sanger/contactus/" onmouseout="MM_swapImgRestore();" onmouseover="MM_swapImage('sanger_foot_r1_c5','','../images/sanger_foot_r1_c5_f2.gif',1);"><img id="sanger_foot_r1_c5" src="../images/sanger_foot_r1_c5.gif" width="104" height="20" alt="" /></a><img id="sanger_foot_r1_c6" src="../images/sanger_foot_r1_c6.jpg" width="105" height="20" alt="" />
	</p>
	<p style="margin-bottom: 0px; margin-top: -1px; /*\*/margin-top: -4px;/**/">
		<img src="../images/spacer.gif" width="545" height="1" alt="" /><a href="http://validator.w3.org/check/referer"><img src="../images/xhtml11.gif" alt="valid" /></a>
	</p>
</div> <!-- end of Container --> 
</body>
</html>
