<!DOCTYPE html PUBLIC "-//W3C//DTD XHTML 1.1//EN"
        "http://www.w3.org/TR/xhtml11/DTD/xhtml11.dtd">
<html>
<head>
	<title>The Public Papers of Margaret Sanger: Web Edition</title> 
	<meta http-equiv="content-type" content="text/html charset=ISO-8859-1" />
	<link href="../documents/styles.css" rel="stylesheet" type="text/css" />
<script type="text/javascript" src="../documents/global.js"></script> 
</head>
<body onload="MM_preloadImages('../images/header_r2_c1_f2.gif','../images/header_r2_c2_f2.gif','../images/header_r2_c3_f2.gif','../images/header_r2_c4_f2.gif','../images/header_r2_c5_f2.gif');">
<div id="container" style="width: 626px; margin: 0px auto;"> 
<p style="margin-top: 0px; margin-bottom: 0px;">
	<img id="header_r1_c1" src="../images/header_r1_c1.gif" width="625" height="95" alt="" /><img src="../images/spacer.gif" width="1" height="95" alt="" /> 
</p>
<p style="margin-top: 0px; /*\*/margin-top: -3px;/**/">
	<a href="project.php" onmouseout="MM_swapImgRestore();" onmouseover="MM_swapImage('header_r2_c1','','../images/header_r2_c1_f2.gif',1);"><img id="header_r2_c1" src="../images/header_r2_c1.gif" width="104" height="20" alt="" /></a><a href="edition.php" onmouseout="MM_swapImgRestore();" onmouseover="MM_swapImage('header_r2_c2','','../images/header_r2_c2_f2.gif',1);"><img id="header_r2_c2" src="../images/header_r2_c2.gif" width="104" height="20" alt="" /></a><a href="search.php" onmouseout="MM_swapImgRestore();" onmouseover="MM_swapImage('header_r2_c3','','../images/header_r2_c3_f2.gif',1);"><img id="header_r2_c3" src="../images/header_r2_c3.gif" width="104" height="20" alt="" /></a><a href="http://www.nyu.edu/projects/sanger/" onmouseout="MM_swapImgRestore();" onmouseover="MM_swapImage('header_r2_c4','','../images/header_r2_c4_f2.gif',1);"><img id="header_r2_c4" src="../images/header_r2_c4.gif" width="104" height="20" alt="" /></a><a href="contact.php" onmouseout="MM_swapImgRestore();" onmouseover="MM_swapImage('header_r2_c5','','../images/header_r2_c5_f2.gif',1);"><img id="header_r2_c5" src="../images/header_r2_c5.gif" width="104" height="20" alt="" /></a><img id="header_r2_c6" src="../images/header_r2_c6.jpg" width="105" height="20" alt="" /><img src="../images/spacer.gif" width="1" height="20" alt="" /> 
</p>
<div class="outBox">
<div class="docBox">

<p class="title_heading">Margaret Sanger, "Abortion in the United States," May 1914.
		</p><p>Published article. Source: 
            <a href="search.php?journal=%22The%20Woman%20Rebel%22"><span class="italics">The Woman Rebel</span></a>, Vol. 1, No. 3, May 1914 , 24
            
	, <span class="italics">Margaret Sanger Microfilm</span> C16:0538
        .
		</p><p class="headnote"></p><hr>
    
    
    
        <h1>ABORTION IN THE UNITED STATES</h1>
        <p>It is a well recognized fact that "criminal" abortion prevails
            to-day to such an extent that it is estimated that one-third of all pregnancies result
            in criminal abortion.</p>
        <p>It is said 100,000 criminal abortions occur each year in the United States and 6,000, at the lowest
            estimate, die yearly from the direct result of this.</p>
        <p>"Criminal" abortions arise from a perverted sex relationship under
            the stress of economic necessity, and their greatest frequency is among married women.</p>
        <p>Prominent authorities claim that criminal abortions are 50 per cent. of all abortions
            that occur, and this is considered a conservative estimate.</p>
        <p>Just why there is such danger in abortions can be readily understood when we realize the
            process of growth of the embryo. During the first six weeks after conception the ovum
            becomes implanted in the uterus. The second six weeks is occupied with the formation of
            the placenta (afterbirth). This is the period when abortion most easily occurs, because
            of the firmly adhering covering of the embryo to the walls or lining of the uterus.</p>
        <p>When instruments are used they often rupture the membrane and the entire placenta may be
            left, though the foetus comes away. The covering or envelope of the ovum may come away
            in a shred-like discharge after an abortion, all of which necessitates a careful
            curettage (or scraping) to avoid resulting conditions of blood-poisoning and disease.
            Most of the deaths are the result of sepsis (or decay) of some kind. Often the foetus is
            found macerated (or softened) and the whole region of the reproductive organs is in a
            highly inflamed condition. Rarely if ever is an abortion complete, and only in a very
            small percentage, authorities claim, is there reason to believe the ovum is expelled
            unbroken. Consequently the uterus needs careful investigation after each case of
            abortion.</p>
        <p>When an abortion is properly done by one specialized to do so, the cost is usually
            tremendous. What a wholesale lot of misery, expense, unhappiness and worry will be
            avoided when woman shall possess the knowledge of prevention of conception!</p>
        <p>In Paris up to a few years ago the instruments to
            produce abortion were sold openly in the market place, while all the mechanical
            preventatives were, and are, openly displayed in the windows of the drug stores.
            Abortions, with their horrible consequences, are quite needless and unnecessary when the
            subject of preventive means shall be open to all to discuss and use. How soon this shall
            be, depends on you.</p>
    
<hr><p>
		 	Subject Terms:
		</p><ul><li>
<a href="search.php?subject=abortion">abortion</a><a href="search.php?subject=abortion&amp;subject2="></a><a href="search.php?subject=abortion&amp;subject2=&amp;subject3="></a><a href="search.php?subject=abortion&amp;subject2=&amp;subject3=&amp;subject4="></a>
</li></ul><p>
		 Copyright 2003. Margaret Sanger Project
        </p>
  </div>
</div>
	<div><br /></div>

	<p style="margin-top: 0px; margin-bottom: 0px;">
		<a href="http://www.nyu.edu/projects/sanger/aboutms/" onmouseout="MM_swapImgRestore();" onmouseover="MM_swapImage('sanger_foot_r1_c1','','../images/sanger_foot_r1_c1_f2.gif',1);"><img id="sanger_foot_r1_c1" src="../images/sanger_foot_r1_c1.gif" width="104" height="20" alt="" /></a><a href="http://www.nyu.edu/projects/sanger/documents/electroniced.php" onmouseout="MM_swapImgRestore();" onmouseover="MM_swapImage('sanger_foot_r1_c2','','../images/sanger_foot_r1_c2_f2.gif',1);"><img id="sanger_foot_r1_c2" src="../images/sanger_foot_r1_c2.gif" width="104" height="20" alt="" /></a><a href="search.php" onmouseout="MM_swapImgRestore();" onmouseover="MM_swapImage('sanger_foot_r1_c3','','../images/sanger_foot_r1_c3_f2.gif',1);"><img id="sanger_foot_r1_c3" src="../images/sanger_foot_r1_c3.gif" width="104" height="20" alt="" /></a><a href="http://www.nyu.edu/projects/sanger/" onmouseout="MM_swapImgRestore();" onmouseover="MM_swapImage('sanger_foot_r1_c4','','../images/sanger_foot_r1_c4_f2.gif',1);"><img id="sanger_foot_r1_c4" src="../images/sanger_foot_r1_c4.gif" width="104" height="20" alt="" /></a><a href="http://www.nyu.edu/projects/sanger/contactus/" onmouseout="MM_swapImgRestore();" onmouseover="MM_swapImage('sanger_foot_r1_c5','','../images/sanger_foot_r1_c5_f2.gif',1);"><img id="sanger_foot_r1_c5" src="../images/sanger_foot_r1_c5.gif" width="104" height="20" alt="" /></a><img id="sanger_foot_r1_c6" src="../images/sanger_foot_r1_c6.jpg" width="105" height="20" alt="" />
	</p>
	<p style="margin-bottom: 0px; margin-top: -1px; /*\*/margin-top: -4px;/**/">
		<img src="../images/spacer.gif" width="545" height="1" alt="" /><a href="http://validator.w3.org/check/referer"><img src="../images/xhtml11.gif" alt="valid" /></a>
	</p>
</div> <!-- end of Container --> 
</body>
</html>
