<!DOCTYPE html PUBLIC "-//W3C//DTD XHTML 1.1//EN"
        "http://www.w3.org/TR/xhtml11/DTD/xhtml11.dtd">
<html>
<head>
	<title>The Public Papers of Margaret Sanger: Web Edition</title> 
	<meta http-equiv="content-type" content="text/html charset=ISO-8859-1" />
	<link href="../documents/styles.css" rel="stylesheet" type="text/css" />
<script type="text/javascript" src="../documents/global.js"></script> 
</head>
<body onload="MM_preloadImages('../images/header_r2_c1_f2.gif','../images/header_r2_c2_f2.gif','../images/header_r2_c3_f2.gif','../images/header_r2_c4_f2.gif','../images/header_r2_c5_f2.gif');">
<div id="container" style="width: 626px; margin: 0px auto;"> 
<p style="margin-top: 0px; margin-bottom: 0px;">
	<img id="header_r1_c1" src="../images/header_r1_c1.gif" width="625" height="95" alt="" /><img src="../images/spacer.gif" width="1" height="95" alt="" /> 
</p>
<p style="margin-top: 0px; /*\*/margin-top: -3px;/**/">
	<a href="project.php" onmouseout="MM_swapImgRestore();" onmouseover="MM_swapImage('header_r2_c1','','../images/header_r2_c1_f2.gif',1);"><img id="header_r2_c1" src="../images/header_r2_c1.gif" width="104" height="20" alt="" /></a><a href="edition.php" onmouseout="MM_swapImgRestore();" onmouseover="MM_swapImage('header_r2_c2','','../images/header_r2_c2_f2.gif',1);"><img id="header_r2_c2" src="../images/header_r2_c2.gif" width="104" height="20" alt="" /></a><a href="search.php" onmouseout="MM_swapImgRestore();" onmouseover="MM_swapImage('header_r2_c3','','../images/header_r2_c3_f2.gif',1);"><img id="header_r2_c3" src="../images/header_r2_c3.gif" width="104" height="20" alt="" /></a><a href="http://www.nyu.edu/projects/sanger/" onmouseout="MM_swapImgRestore();" onmouseover="MM_swapImage('header_r2_c4','','../images/header_r2_c4_f2.gif',1);"><img id="header_r2_c4" src="../images/header_r2_c4.gif" width="104" height="20" alt="" /></a><a href="contact.php" onmouseout="MM_swapImgRestore();" onmouseover="MM_swapImage('header_r2_c5','','../images/header_r2_c5_f2.gif',1);"><img id="header_r2_c5" src="../images/header_r2_c5.gif" width="104" height="20" alt="" /></a><img id="header_r2_c6" src="../images/header_r2_c6.jpg" width="105" height="20" alt="" /><img src="../images/spacer.gif" width="1" height="20" alt="" /> 
</p>
<div class="outBox">
<div class="docBox">

<p class="title_heading">Margaret Sanger, "Birth Control Research on the March," Oct 1952.
		</p><p>Typed Article. Source: 
            Margaret Sanger Papers, Sophia Smith Collection
            
	, <span class="italics">Margaret Sanger Microfilm</span> S72:0713
        .
		</p><p class="headnote">For a draft version see Margaret Sanger Microfilm
            S72:0707.</p><hr>
    
    
    
        <h1>
       &#8593;Birth Control Research on the March&#8595;
    </h1>
        <h3>by Margaret Sanger</h3>
        
       &#8593;Oct--1952&#8595;
    
        <p>All workers interested in the study of human fertility and its control will be encouraged
            to know that at last there are research possibilities that a simple, cheap, harmless,
            effective contraceptive will soon be obtainable for the masses of all countries.</p>
        <p>The following two recent studies have been publicized&#8211;one in the United
                States and one in London, England. Both of these experiments
            are, by no means, completed but I give them here to encourage those workers in the field
            of Birth Control and Planned
                Parenthood with the hope that within the not too distant future, both the tea
            from the weed and the pill will be available. Then the lovers and workers for World
            Peace and Happiness may look to a future where children will be born and cared for
            because the parents want them and can provide for them, who will become citizens of
            their country and the New World. </p>
        
            <h2 class="underline">RESEARCH TODAY</h2>
            <p>Recently a popular American magazine LOOK had an
                article written by William H. White, a
                staff writer, which electrified and amazed its readers. The article&#8217;s title was
                    &#8220;Birth Control by a Pill,&#8221; which states there
                would soon be available a contraceptive to be taken by mouth&#8211;a pill which is simple,
                low cast and harmless.</p>
            <p>This so-called Pill is the result of intensive research in this field of biochemists.
                There are several chemicals known to the biochemist which have been tried on animals
                in their food and proved to be successful in preventing conception. Many of these
                have been used by men and women and results have reached the stage where research
                papers and reports are being prepared for publication in Scientific Journals.</p>
            <p>The requirements of the perfect &#8220;Pill&#8221; must undergo careful and painstaking scrutiny
                from various scientists in biology, biochemistry, as well as physical and
                psychiatric experts.</p>
            <p>The first requirement is that it must be absolutely proven to be harmless to the
                person who uses it and will not cause disease or bodily harm with repeated use.</p>
            <p>Second, it must control fertility, not limit or sterilize (a real Birth Control). Its
                effect must be temporary and entirely used at the discretion of the couple.</p>
            <p>Third, it must not impair potency or the ability to perform the sexual act.</p>
            <p>Fourth, it must be inexpensive so as to be used in all families for those in crowded
                tenements or slums, as well as for those whose intelligence is too retarded to use
                successfully the present methods of contraception (the diaphragm and jelly
                method).</p>
            <p>With the discovery of this chemical contraceptive Pill, sexual activity can be
                separated effectively from Reproduction; consequently, having children will be by
                choice and not by accident. A child will be wanted and born in love and
                consideration by the parents. A voluntary and deliberate act.</p>
            <p>The intricate details of this scientific study are too numerous to evaluate by any
                but the scientific student with years of experience behind him. There have been
                studies of experiments of immunization from pregnancy in Russia in 1935 called Spermatoxin. A report stated that 20,000 women
                had been inoculated by male sperm and had been immune from pregnancy for two
                years.</p>
            <p>I went to Russia to study this experiment in 1936, but found the study had been
                discontinued for the Policy of an increasing birth rate. The formula given to me by
                two of the scientists who had worked in the Clinic was tried out on animals in the
                laboratory of one of our large universities (Pennsylvania University in Philadelphia) with no positive results. Nevertheless, these recently
                discussed chemicals are said to do the same thing&#8211;immunize temporarily the woman
                against conception. </p>
            <p>There are many agents including vitamins, hormones, Enzymes, and Special Chemicals
                with power to control fertility. But, Research has only begun but it is On The March
                and a pool of scientific knowledge and experience will chart a course of further
                study. It is these valuable Research advances which make it necessary for Free
                Nations to prepare its people to make proper use of such knowledge when it becomes
                available for public needs.</p>
            <p>It is, therefore, I suggest that the leaders in Japan who work
                coincides with these studies take council with leaders in other countries. Pool your
                experiences with ours. Set up Research and teaching centers&#8211;join the World Planned Parenthood
                    Organization which we hope will emerge from the Conference in
                    Bombay, India to be held there November 24th to December 2nd. The
                world has been waiting for the Birth Control Pill. Now let us prepare our course to
                receive and use it for the benefit of the family, the Nation and the World.</p>
        
        
            <h2 class="underline">RESEARCH DISCOVERIES IN 1952</h2>
            <p><span class="underline">LONDON</span> &#8211; A recent report from London from Professor
                    John Gudkin, London University
                Physiologist, has found a new liquid type of contraceptive taken as a tea&#8211;tastes
                like sherry wine and renders women sterile for several days but does not effect
                their general health nor prevent their future child-bearing capacity.</p>
            <p>The tea is made from a weed called Gromwell, a cousin of the forget-me-not flower so
                common in English gardens and to all garden lovers. Its official name is (lithosphermun officinale). Dr. Gudkin began experiments
                with this weed three years ago with mice. The experiment was 100% perfect.</p>
            <p>With Dr. Gudkin was Dr. B. P. Wiesner, a
                specialist in human fertility. Also helping are other experts&#8211;one Dr. John Gilmore, Director of the Botanical Gardens of
                    Cambridge University. These experts are now encouraging people to
                grow Gromwell in their gardens and women are experimenting under their direction.
                The discovery came from a study of the Shoshone Indian tribe in
                    Nevada, U.S.A. This tribe practiced Birth Control with one
                variety of the weed most successfully. These experts plan to have a large scale
                human experiment next spring to adjust the dosage, also to prepare its potency for
                male and female fertility.</p>
            <p>These men believe that people should have children when they want them and to be
                helped to prevent those they do not want and to be made fertile for those children
                they desire to have.</p>
            <p>They also state that this weed might be the simple means of controlling World
                Population and lead eventually to World Peace. </p>
        


    
<hr><p>
		 	Subject Terms:
		</p><ul>
<li>
<a href="search.php?subject=birth%20control">birth control</a><a href="search.php?subject=birth%20control&amp;subject2=methods">, methods</a><a href="search.php?subject=birth%20control&amp;subject2=methods&amp;subject3=herbal">, herbal</a><a href="search.php?subject=birth%20control&amp;subject2=methods&amp;subject3=herbal&amp;subject4="></a>
</li>
<li>
<a href="search.php?subject=birth%20control">birth control</a><a href="search.php?subject=birth%20control&amp;subject2=methods">, methods</a><a href="search.php?subject=birth%20control&amp;subject2=methods&amp;subject3=pill">, pill</a><a href="search.php?subject=birth%20control&amp;subject2=methods&amp;subject3=pill&amp;subject4="></a>
</li>
</ul><p>
		 Copyright 2003. Margaret Sanger Project
        </p>
  </div>
</div>
	<div><br /></div>

	<p style="margin-top: 0px; margin-bottom: 0px;">
		<a href="http://www.nyu.edu/projects/sanger/aboutms/" onmouseout="MM_swapImgRestore();" onmouseover="MM_swapImage('sanger_foot_r1_c1','','../images/sanger_foot_r1_c1_f2.gif',1);"><img id="sanger_foot_r1_c1" src="../images/sanger_foot_r1_c1.gif" width="104" height="20" alt="" /></a><a href="http://www.nyu.edu/projects/sanger/documents/electroniced.php" onmouseout="MM_swapImgRestore();" onmouseover="MM_swapImage('sanger_foot_r1_c2','','../images/sanger_foot_r1_c2_f2.gif',1);"><img id="sanger_foot_r1_c2" src="../images/sanger_foot_r1_c2.gif" width="104" height="20" alt="" /></a><a href="search.php" onmouseout="MM_swapImgRestore();" onmouseover="MM_swapImage('sanger_foot_r1_c3','','../images/sanger_foot_r1_c3_f2.gif',1);"><img id="sanger_foot_r1_c3" src="../images/sanger_foot_r1_c3.gif" width="104" height="20" alt="" /></a><a href="http://www.nyu.edu/projects/sanger/" onmouseout="MM_swapImgRestore();" onmouseover="MM_swapImage('sanger_foot_r1_c4','','../images/sanger_foot_r1_c4_f2.gif',1);"><img id="sanger_foot_r1_c4" src="../images/sanger_foot_r1_c4.gif" width="104" height="20" alt="" /></a><a href="http://www.nyu.edu/projects/sanger/contactus/" onmouseout="MM_swapImgRestore();" onmouseover="MM_swapImage('sanger_foot_r1_c5','','../images/sanger_foot_r1_c5_f2.gif',1);"><img id="sanger_foot_r1_c5" src="../images/sanger_foot_r1_c5.gif" width="104" height="20" alt="" /></a><img id="sanger_foot_r1_c6" src="../images/sanger_foot_r1_c6.jpg" width="105" height="20" alt="" />
	</p>
	<p style="margin-bottom: 0px; margin-top: -1px; /*\*/margin-top: -4px;/**/">
		<img src="../images/spacer.gif" width="545" height="1" alt="" /><a href="http://validator.w3.org/check/referer"><img src="../images/xhtml11.gif" alt="valid" /></a>
	</p>
</div> <!-- end of Container --> 
</body>
</html>
