<!DOCTYPE html PUBLIC "-//W3C//DTD XHTML 1.1//EN"
        "http://www.w3.org/TR/xhtml11/DTD/xhtml11.dtd">
<html>
<head>
	<title>The Public Papers of Margaret Sanger: Web Edition</title> 
	<meta http-equiv="content-type" content="text/html charset=ISO-8859-1" />
	<link href="../documents/styles.css" rel="stylesheet" type="text/css" />
<script type="text/javascript" src="../documents/global.js"></script> 
</head>
<body onload="MM_preloadImages('../images/header_r2_c1_f2.gif','../images/header_r2_c2_f2.gif','../images/header_r2_c3_f2.gif','../images/header_r2_c4_f2.gif','../images/header_r2_c5_f2.gif');">
<div id="container" style="width: 626px; margin: 0px auto;"> 
<p style="margin-top: 0px; margin-bottom: 0px;">
	<img id="header_r1_c1" src="../images/header_r1_c1.gif" width="625" height="95" alt="" /><img src="../images/spacer.gif" width="1" height="95" alt="" /> 
</p>
<p style="margin-top: 0px; /*\*/margin-top: -3px;/**/">
	<a href="project.php" onmouseout="MM_swapImgRestore();" onmouseover="MM_swapImage('header_r2_c1','','../images/header_r2_c1_f2.gif',1);"><img id="header_r2_c1" src="../images/header_r2_c1.gif" width="104" height="20" alt="" /></a><a href="edition.php" onmouseout="MM_swapImgRestore();" onmouseover="MM_swapImage('header_r2_c2','','../images/header_r2_c2_f2.gif',1);"><img id="header_r2_c2" src="../images/header_r2_c2.gif" width="104" height="20" alt="" /></a><a href="search.php" onmouseout="MM_swapImgRestore();" onmouseover="MM_swapImage('header_r2_c3','','../images/header_r2_c3_f2.gif',1);"><img id="header_r2_c3" src="../images/header_r2_c3.gif" width="104" height="20" alt="" /></a><a href="http://www.nyu.edu/projects/sanger/" onmouseout="MM_swapImgRestore();" onmouseover="MM_swapImage('header_r2_c4','','../images/header_r2_c4_f2.gif',1);"><img id="header_r2_c4" src="../images/header_r2_c4.gif" width="104" height="20" alt="" /></a><a href="contact.php" onmouseout="MM_swapImgRestore();" onmouseover="MM_swapImage('header_r2_c5','','../images/header_r2_c5_f2.gif',1);"><img id="header_r2_c5" src="../images/header_r2_c5.gif" width="104" height="20" alt="" /></a><img id="header_r2_c6" src="../images/header_r2_c6.jpg" width="105" height="20" alt="" /><img src="../images/spacer.gif" width="1" height="20" alt="" /> 
</p>
<div class="outBox">
<div class="docBox">

<p class="title_heading">Margaret Sanger, "The Case for Birth Control," Jun 1934.
		</p><p>Published article. Source: 
            <a href="search.php?journal=%22The%20Crisis%22"><span class="italics">The Crisis</span></a>, June 1934, pp. 176-77
            
	, <span class="italics">Margaret Sanger Microfilm</span> S71:659.
        .
		</p><p class="headnote"></p><hr>
    
    
    
        <h1>The Case for Birth Control</h1>
        <h3>By Margaret Sanger</h3>
        
            <p>How many people know that nearly sixty years ago Congress passed a law which
                made it a penitentiary offense for anyone (even a doctor) to send through the United
                States mails the address of another physician or a clinic, <span class="italics">
                    where</span> one could obtain information to prevent conception?</p>
            <p> Though over two generations have passed since the time that law was enacted, and
                women have gained suffrage; colleges and universities teach biological facts of life
                to students; social hygiene is part of our educational programme; yet nothing has
                been done by women&#8217;s clubs, colleges or the medical profession to take a dignified
                stand on cleaning up these archaic laws. It was as a challenge to these laws that
                the birth control movement arose and it is to amend these laws that the
                    National Committee on Federal Legislation for Birth Control was
                organized.</p>
            <p> The essential facts of Birth Control are, first, that it is prevention of
                conception, not interruption of pregnancy after conception has taken place.
                Secondly, that it is <span class="italics">control</span>, not necessarily
                limitation; to control the birth rate is to control the size of the family; it means
                the spacing of births in the family with some regard to the mother&#8217;s health; to the
                inheritance both husband and wife are able or likely to pass on to children; to the
                health of the children already born; to the father&#8217;s earning power; to the standards
                of living the parents wish to maintain.</p>
            <p> These considerations should be regarded in planning marriage, for it is a well-known
                fact that couples who can space the arrival of babies, from three to four years, are
                better able to care for a good-sized family of four children on the average wage of
                a skilled worker.</p>
            <p>
                <span class="italics">Ignorance of Birth Control</span> has become an acknowledged
                factor in infant and maternal mortality, unemployment, child labor, the creation of
                slums, overcrowding, illiteracy, feeblemindedness and the general lowering
                intelligence of our population which is now on the increase.</p>
        
        
            <h2> Charity and Relief Costs</h2>
            <p> Relief authorities are alarmed by the rapid increase in population among the
                destitute families of the nation. The high birth rate among the unemployed boosts
                our relief burdens. We find parents who cannot feed two or three children continuing
                to bring into the world more children regardless of the effect upon the mother&#8217;s
                health and regardless of the future of the child.</p>
            <p> Huge fortunes are spent each year to meet the increasing costs of disease,
                dependency and crime. We find more individual care given by society to the defective
                and delinquent population than to the normal children of normal parents. Few, if
                any, moronic children go hungry, while thousands of normal children are
                undernourished and suffering from malnutrition. If some of the money now spent on
                keeping alive the insane, the feebleminded and defective were directed into
                constructive planning for race betterment we could soon see our way out. I'd like to
                see the Federal Government offer life pensions to every man and woman with a known
                transmissible disease who would consent to sterilization. By such a method we would
                within one generation decrease the defectives and decrease the vast sums now derived
                from taxation for their maintenance. Thus would the normal family have better
                opportunities for education and development and gradually increase their own numbers
                and strength.</p>
        
        
            <h2>Nature and the Bible</h2>
            <p> So much for the subject regarding its racial or eugenic aspect. Now let us see what
                are the objections raised by our opponents:</p>
            <p> Their first cry is that it is against the laws of God. They refer to the biblical
                command of &#8220;increase and multiply and replenish the earth.&#8221; This
                command has already been fulfilled. &#8220;To replenish&#8221; means to &#8220;stock abundantly.&#8221;
                &#8220;Abundant&#8221; means &#8220;plenty.&#8221; &#8220;Plenty&#8221; means &#8220;enough&#8221;--&#8220;A sufficiency.&#8221; So there we see
                that as far as that command goes to the individual working man and woman their job
                has been done. There were only eight people on the earth when the command was last
                given. Today there are approximately two thousand millions.</p>
            <p> But the other half of that command is seldom quoted. It should read &#8220;Increase and multiply and replenish the earth that ye shall have dominion over
                    all things.&#8221; &#8220;Dominion&#8221; means &#8220;authority,&#8221; &#8220;rule,&#8221; &#8220;control&#8221; over one&#8217;s own
                powers, including fertility or the powers of reproduction.</p>
            <p> The next objection raised by the opposition is: that Birth Control is against the
                laws of nature. Here is the most inconsistent and unreasoning assertion that any
                group living in the year of 1934 can make. The laws of nature! Poor old nature! What
                exactly are her laws? The opposition assumes that certain organs like the stomach
                and sex organs make certain demands and these demands must be fulfilled, but these
                two organs are not the limit of nature&#8217;s demands. We have another organ--a brain, to
                use this brain, to use our intelligence, mind, reason, judgment, powers of choice,
                and criticism, is just as important a part of nature&#8217;s machinery as to use the
                stomach and generative organs for nature&#8217;s needs.</p>
            <p> The very instinct of self-preservation and defense in applying Birth Control to
                protect health and family happiness is nature&#8217;s own weapon.</p>
            <p> When the opposition&#8217;s logic is challenged regarding God&#8217;s and nature&#8217;s laws and the
                self-control argument met squarely, there is the usual shifting over to morals. &#8220;Yes, but what about the morals of our young people?&#8221; they query,
                    &#8220;If knowledge of Birth Control is made legal, what will prevent
                    boys and girls from getting it and using such knowledge for promiscuous sex
                    relations?&#8221;</p>
            <p> The assumption in this remark is that fear of pregnancy is the only thing that keeps
                young men and women from cohabiting today; that ignorance and fear are the
                safeguards to morality. Is this the case? I do not believe it is true in the lives
                of the majority of women, though it may be true in certain cases where there is
                already a tendency toward looseness in character. There is nothing in Birth Control
                knowledge itself that can be called immoral. It is the use, or misuse, of knowledge
                which classes it as good or bad, like the use or misuse of any power or invention:
                razors, knives, guns, drugs or alcohol.</p>
            <p> But back of the use or abuse of knowledge and power is the person. That is where we
                must begin to work if we would avoid abuses.</p>
            <p> If the Christian Church after 2,000 years of teaching morals through fear
                of punishment and hell fire has not succeeded in keeping people moral, then I
                suggest they keep out of legislative, congressional halls, and give common sense,
                education and science a chance for a while. Eliminate fear and ignorance in youth.
                Increase scientific knowledge, develop confidence and self-respect, and morality
                will take care of itself.</p>
            <p> Along with this inconsistent claim of nature comes a partial acquiescence in the
                practice of Birth Control by the opponents. It is one of their most astounding
                statements of ignorance and inconsistency. Birth Control? Yes, of course, but only
                by &#8220;self-control,&#8221; they say. Now let us inquire what &#8220;self-control&#8221; can mean in
                relation to marriage. We are then told that there is a period of several days in a
                woman&#8217;s sex cycle when it is not possible for her to conceive, but during that
                period it is not sinful for her to conceive, but during that period it is not sinful
                for her to have sexual union. In other words, nature aims to temporarily close the
                gates of life by woman&#8217;s diminishing sex desire. In the first place, it is by no
                means certain that all women have a so-called &#8220;safe period.&#8221; It is generally agreed
                that less than one per cent of women can claim a &#8220;safe period.&#8221; In the second place,
                this is likely to be the period when there is no desire on the part of the woman for
                sex communion. It is the period when she should <span class="italics">not</span> be
                encouraged to have intercourse at all.</p>
            <p> If sex union is limited to the purpose of <span class="italics">reproduction
                    only</span>, then a healthy married couple must consider the number of children
                they may properly rear and educate decently, and confine sexual behavior to rigid
                rules, as the stock breeder controls his cattle. If a loving young couple decide to
                marry at the age of 23-25 with prospects of earning a good wage of $50 a week, they
                count the cost of living and decide they will do their duty to the race by bringing
                four children into the world and making decent citizens of them.</p>
            <p> The first year brings the baby into their home and if they are true to the command
                that intercourse should only be indulged in for reproduction, all affectionate
                sexual behavior should cease after the first recognition that the woman is pregnant
                (or after the first month of marriage). Absolute continence should then be the rule
                in that household if they accept that principle and, furthermore, there should be
                strict rules adhered to concerning sex behavior on the part of either husband or
                wife which would incline either to weaken in their discipline. Thus, they would
                abstain not only from intercourse, but from all demonstration of passion or
                affection. No kissing, no hugging, no cuddling. Separate rooms, separate beds,
                separate baths. No tender compliments, no lingering affectionate looks, no holding
                of hands; nothing shall be done in act or word to arouse sex love or the sex
                emotions in that continent home until such time as they know they can welcome
                another pregnancy and care for another baby! Thus, over a period of twenty-two
                years, when both are full of vigor, when life and love and passion are at their
                height, these two persons are forbidden to commune in body and soul through sexual
                intercourse more than four or five times throughout their twenty-five reproductive
                years. &#8220;Dost thou like the picture?&#8221;</p>
            <p> The colossal arrogance of any religious group to demand such conduct within marriage
                is beyond my understanding. The rules of the monastery and nunneries may be very
                well for single persons dedicating all their forces to religious fervor, but to lay
                down the same rules for married lovers within the home is so absurd and futile that
                one wonders how it can be countenanced by so-called intelligent people.</p>
            <p> I take issue with those who claim that sex mating is solely for the purpose of
                reproduction. It is a result, as we all know, but I am yet to be convinced that it
                is <span class="italics">the cause</span>. If one analyzes the facts a little, one
                must concede that sex attraction is almost never accompanied by the wish to be a
                parent. Nor during the sex act itself is there often any desire to conceive. It&#8217;s
                the exception, rather than the rule even among the most primitive tribes. Barren
                women, pregnant women, sterile men and women have sex desires. The sex urge is as
                old as life itself. It is a tremendous thing. It is a wonderful, beautiful thing if
                we will but make it so. It is a force which cannot be swept back nor crushed down
                without damage to the individual. It should be accepted with reverence and pride,
                not connected with shame. Upon it we should build a race beautiful of body, sound of
                mind, and conscious of its power and responsibility.</p>
            <p> A new day is dawning. A new civilization is in the making. Ignorance of sex
                force--creative energy--already has given way to knowledge and enlightenment.
                Parenthood, when it is responsible, can be a proud commission, an honored
                assignment. Birth Control information should be the right of every adult man and
                woman. It should be their privilege to go to the medical profession to obtain the
                proper suitable methods for prevention of conception. It should be the woman&#8217;s right
                to have knowledge, not because she is sick, diseased, or poor, but because as a
                woman whose body must be used in the creating and incubating of the new life, she
                should be given the right of choice, and time, consistent with her desires.</p>
            <p> The laws as they stand today insult our intelligence and our morals. They debase
                love. Poor women are conscripted to child-bearing, in ignorance and fear, by the
                laws of the United States Government. They have no choice. All avenues of
                knowledge are closed to them. They must bear, regardless of consequence to their own
                health, to the welfare of the children, or to the husbands&#8217; ability to provide for
                them.</p>
            <p> Wasted lives of women--tortured and broken in child-bearing. Twelve children
                born--three alive. Or twenty pregnancies, with five children to show for the waste.
                It&#8217;s barbarous, it&#8217;s inhuman, it&#8217;s a waste of woman power and child life. Who gains
                by this? Does the church which opposes knowledge gain power thus? Who pays for it?
                The women. They pay personally and directly for this in infant and maternal
                mortality, in child labor, in wasted bodies, futile pregnancies, still-born babies
                and abortions. In ignorance she brings forth her children and is enslaved as the
                black race never was enslaved. Where is another Abraham
                    Lincoln to free her?</p>
        

    
<hr><p>
		 	Subject Terms:
		</p><ul>
<li>
<a href="search.php?subject=birth%20control">birth control</a><a href="search.php?subject=birth%20control&amp;subject2=and%20sexuality">, and sexuality</a><a href="search.php?subject=birth%20control&amp;subject2=and%20sexuality&amp;subject3="></a><a href="search.php?subject=birth%20control&amp;subject2=and%20sexuality&amp;subject3=&amp;subject4="></a>
</li>
<li>
<a href="search.php?subject=birth%20control">birth control</a><a href="search.php?subject=birth%20control&amp;subject2=definitions%20of">, definitions of</a><a href="search.php?subject=birth%20control&amp;subject2=definitions%20of&amp;subject3="></a><a href="search.php?subject=birth%20control&amp;subject2=definitions%20of&amp;subject3=&amp;subject4="></a>
</li>
<li>
<a href="search.php?subject=birth%20control">birth control</a><a href="search.php?subject=birth%20control&amp;subject2=in%20marriages">, in marriages</a><a href="search.php?subject=birth%20control&amp;subject2=in%20marriages&amp;subject3="></a><a href="search.php?subject=birth%20control&amp;subject2=in%20marriages&amp;subject3=&amp;subject4="></a>
</li>
<li>
<a href="search.php?subject=birth%20control">birth control</a><a href="search.php?subject=birth%20control&amp;subject2=laws%20and%20legislation">, laws and legislation</a><a href="search.php?subject=birth%20control&amp;subject2=laws%20and%20legislation&amp;subject3=Comstock%20act">, Comstock act</a><a href="search.php?subject=birth%20control&amp;subject2=laws%20and%20legislation&amp;subject3=Comstock%20act&amp;subject4="></a>
</li>
<li>
<a href="search.php?subject=birth%20control">birth control</a><a href="search.php?subject=birth%20control&amp;subject2=methods">, methods</a><a href="search.php?subject=birth%20control&amp;subject2=methods&amp;subject3=safe%20period">, safe period</a><a href="search.php?subject=birth%20control&amp;subject2=methods&amp;subject3=safe%20period&amp;subject4="></a>
</li>
<li>
<a href="search.php?subject=birth%20control">birth control</a><a href="search.php?subject=birth%20control&amp;subject2=morality%20of">, morality of</a><a href="search.php?subject=birth%20control&amp;subject2=morality%20of&amp;subject3="></a><a href="search.php?subject=birth%20control&amp;subject2=morality%20of&amp;subject3=&amp;subject4="></a>
</li>
<li>
<a href="search.php?subject=birth%20control">birth control</a><a href="search.php?subject=birth%20control&amp;subject2=opposition%20to">, opposition to</a><a href="search.php?subject=birth%20control&amp;subject2=opposition%20to&amp;subject3="></a><a href="search.php?subject=birth%20control&amp;subject2=opposition%20to&amp;subject3=&amp;subject4="></a>
</li>
<li>
<a href="search.php?subject=birth%20control">birth control</a><a href="search.php?subject=birth%20control&amp;subject2=religion%20and">, religion and</a><a href="search.php?subject=birth%20control&amp;subject2=religion%20and&amp;subject3="></a><a href="search.php?subject=birth%20control&amp;subject2=religion%20and&amp;subject3=&amp;subject4="></a>
</li>
<li>
<a href="search.php?subject=birth%20control">birth control</a><a href="search.php?subject=birth%20control&amp;subject2=the%20Bible%20and">, the Bible and</a><a href="search.php?subject=birth%20control&amp;subject2=the%20Bible%20and&amp;subject3="></a><a href="search.php?subject=birth%20control&amp;subject2=the%20Bible%20and&amp;subject3=&amp;subject4="></a>
</li>
<li>
<a href="search.php?subject=conjugal%20intimacy">conjugal intimacy</a><a href="search.php?subject=conjugal%20intimacy&amp;subject2=the%20right%20of">, the right of</a><a href="search.php?subject=conjugal%20intimacy&amp;subject2=the%20right%20of&amp;subject3="></a><a href="search.php?subject=conjugal%20intimacy&amp;subject2=the%20right%20of&amp;subject3=&amp;subject4="></a>
</li>
</ul><p>
		 Copyright 2003. Margaret Sanger Project
        </p>
  </div>
</div>
	<div><br /></div>

	<p style="margin-top: 0px; margin-bottom: 0px;">
		<a href="http://www.nyu.edu/projects/sanger/aboutms/" onmouseout="MM_swapImgRestore();" onmouseover="MM_swapImage('sanger_foot_r1_c1','','../images/sanger_foot_r1_c1_f2.gif',1);"><img id="sanger_foot_r1_c1" src="../images/sanger_foot_r1_c1.gif" width="104" height="20" alt="" /></a><a href="http://www.nyu.edu/projects/sanger/documents/electroniced.php" onmouseout="MM_swapImgRestore();" onmouseover="MM_swapImage('sanger_foot_r1_c2','','../images/sanger_foot_r1_c2_f2.gif',1);"><img id="sanger_foot_r1_c2" src="../images/sanger_foot_r1_c2.gif" width="104" height="20" alt="" /></a><a href="search.php" onmouseout="MM_swapImgRestore();" onmouseover="MM_swapImage('sanger_foot_r1_c3','','../images/sanger_foot_r1_c3_f2.gif',1);"><img id="sanger_foot_r1_c3" src="../images/sanger_foot_r1_c3.gif" width="104" height="20" alt="" /></a><a href="http://www.nyu.edu/projects/sanger/" onmouseout="MM_swapImgRestore();" onmouseover="MM_swapImage('sanger_foot_r1_c4','','../images/sanger_foot_r1_c4_f2.gif',1);"><img id="sanger_foot_r1_c4" src="../images/sanger_foot_r1_c4.gif" width="104" height="20" alt="" /></a><a href="http://www.nyu.edu/projects/sanger/contactus/" onmouseout="MM_swapImgRestore();" onmouseover="MM_swapImage('sanger_foot_r1_c5','','../images/sanger_foot_r1_c5_f2.gif',1);"><img id="sanger_foot_r1_c5" src="../images/sanger_foot_r1_c5.gif" width="104" height="20" alt="" /></a><img id="sanger_foot_r1_c6" src="../images/sanger_foot_r1_c6.jpg" width="105" height="20" alt="" />
	</p>
	<p style="margin-bottom: 0px; margin-top: -1px; /*\*/margin-top: -4px;/**/">
		<img src="../images/spacer.gif" width="545" height="1" alt="" /><a href="http://validator.w3.org/check/referer"><img src="../images/xhtml11.gif" alt="valid" /></a>
	</p>
</div> <!-- end of Container --> 
</body>
</html>
