<!DOCTYPE html PUBLIC "-//W3C//DTD XHTML 1.1//EN"
        "http://www.w3.org/TR/xhtml11/DTD/xhtml11.dtd">
<html>
<head>
	<title>The Public Papers of Margaret Sanger: Web Edition</title> 
	<meta http-equiv="content-type" content="text/html charset=ISO-8859-1" />
	<link href="../documents/styles.css" rel="stylesheet" type="text/css" />
<script type="text/javascript" src="../documents/global.js"></script> 
</head>
<body onload="MM_preloadImages('../images/header_r2_c1_f2.gif','../images/header_r2_c2_f2.gif','../images/header_r2_c3_f2.gif','../images/header_r2_c4_f2.gif','../images/header_r2_c5_f2.gif');">
<div id="container" style="width: 626px; margin: 0px auto;"> 
<p style="margin-top: 0px; margin-bottom: 0px;">
	<img id="header_r1_c1" src="../images/header_r1_c1.gif" width="625" height="95" alt="" /><img src="../images/spacer.gif" width="1" height="95" alt="" /> 
</p>
<p style="margin-top: 0px; /*\*/margin-top: -3px;/**/">
	<a href="project.php" onmouseout="MM_swapImgRestore();" onmouseover="MM_swapImage('header_r2_c1','','../images/header_r2_c1_f2.gif',1);"><img id="header_r2_c1" src="../images/header_r2_c1.gif" width="104" height="20" alt="" /></a><a href="edition.php" onmouseout="MM_swapImgRestore();" onmouseover="MM_swapImage('header_r2_c2','','../images/header_r2_c2_f2.gif',1);"><img id="header_r2_c2" src="../images/header_r2_c2.gif" width="104" height="20" alt="" /></a><a href="search.php" onmouseout="MM_swapImgRestore();" onmouseover="MM_swapImage('header_r2_c3','','../images/header_r2_c3_f2.gif',1);"><img id="header_r2_c3" src="../images/header_r2_c3.gif" width="104" height="20" alt="" /></a><a href="http://www.nyu.edu/projects/sanger/" onmouseout="MM_swapImgRestore();" onmouseover="MM_swapImage('header_r2_c4','','../images/header_r2_c4_f2.gif',1);"><img id="header_r2_c4" src="../images/header_r2_c4.gif" width="104" height="20" alt="" /></a><a href="contact.php" onmouseout="MM_swapImgRestore();" onmouseover="MM_swapImage('header_r2_c5','','../images/header_r2_c5_f2.gif',1);"><img id="header_r2_c5" src="../images/header_r2_c5.gif" width="104" height="20" alt="" /></a><img id="header_r2_c6" src="../images/header_r2_c6.jpg" width="105" height="20" alt="" /><img src="../images/spacer.gif" width="1" height="20" alt="" /> 
</p>
<div class="outBox">
<div class="docBox">

<p class="title_heading">Margaret Sanger, "Birth Control Crusade Marches On," Aug 1936.
		</p><p>Published Article. Source: 
            <a href="search.php?journal=%22The%20Clubwoman%22"><span class="italics">The Clubwoman</span></a> Aug. 1936, pp. 6, 15
            
	, Library of Congress Microfilm 128:373
        .
		</p><p class="headnote">For a draft version, see LCM 128:477; for a reprint issued by the
            National Committee on Federal Legislation for Birth Control, see LCM 128:473.</p><hr>
    
    
    
        <h1>THE BIRTH CONTROL CRUSADE MARCHES ON</h1>
        <h3>BY MARGARET SANGER, President of the
                National Committee on Federal Legislation for Birth Control</h3>
        <p>Readers of The Clubwoman GFWC will recall that a year ago
            the General Federation of Women&#8217;s Clubs passed a resolution 
                &#8220;endorsing the principles of birth control legislation.&#8221; By so doing, it took a
            stand which will affect for good the welfare and lives of thousands upon thousands of
            women, the happiness of millions of American families. It will especially help mothers
            in families on relief who are denied information in public hospitals.</p>
        <p>The general concept of birth control--conscious parenthood, planned families, wanted
            children--is simple. Children should be born as a result of thoughtful choice on the
            part of the parents, and that choice should be made in accordance with the health of the
            mother, the earning power of the father, and an adequate period between births, to
            enable the mother to regain her strength and properly care for the family she already
            has.</p>
        <p>These items seem to me--and to you--common sense and obvious. And a goodly company of men
            and women in all parts of the country and in all walks of life agree with us. The
            National Committee on Federal Legislation for Birth Control, of which I have the honor
            of being President, recently issued a list of organizations which have passed
            resolutions similar to that passed by the General Foundation. It covers, in small print,
            a sheet two feet long and a yard wide, and lists over 800 organizations, medical,
            religious, social, educational, and political, representing every State in the Union and
            almost every kind of group.</p>
        <p>What, then, is the problem, if the need for legal and scientific birth control is so well
            recognized? Seventy years ago, the so-called Comstock laws were passed, classing &#8220;the prevention of conception&#8221; with obscenity and making it a serious
            crime, carrying a penalty of $5,000 fine or five years in prison, or both, for anyone to
            send through the mails or common carriers any information or article &#8220;designed, adapted, or intended&#8221; to prevent conception. The result has been that
            the entire matter has been pushed underground, has become confused and relegated to the
            class of back-fence gossip instead of being recognized as an important health
            service.</p>
        <p>Progress, wonderful and inspiring in the face of opposition, has been made. In 1916,
            convinced that birth control instruction was a basic factor in social work, I opened a
                clinic in one of the poorest sections of Brooklyn, New York. It was immediately
            closed by the police as a &#8220;public nuisance&#8221; and my co-workers and I were carted off to
            jail. But seven years later, on the basis of a test case
                decision which permitted a doctor to give birth control instruction for &#8220;the cure and prevention of disease&#8221; in New York, we opened the
                Birth Control Clinical Research Bureau in New York City. It is today the oldest birth control clinic in America and
            the largest in the world, and has taken care of over 50,000 patients. There are now some
            250 clinics in thirty-nine states, the District of Columbia, and
                Hawaii, but large areas of the country, particularly rural districts,
            are still without clinical service. No exact figures as to the number of women cared for
            per year are available, though it is known that 100 clinics (or &#8220;centers&#8221; as they are
            generally called) gave advice to 20,772 patients in 1935. Fine. . . splendid. . . we
            have gone a far way, and not an easy way, in a score of years.</p>
        <p><span class="">But</span>. . . alas, the &#8220;but&#8221; is large and tragic.</p>
        <p>According to the most recent figures issued by the United States Children&#8217;s
                Bureau, 16,000 women die each year from &#8220;causes associated with
                pregnancy and childbirth,&#8221; and our maternal mortality rate is higher than any
            other country boasting vital statistics, with the exception of Scotland,
                Lithuania, and Northern Ireland. It is higher than
                Australia, Belgium, Canada,
                England, Germany, Japan,
                Sweden, Switzerland. . . truly this becomes a roll
            call of shame for the United States, for we are told that two deaths out
            of three are preventable.</p>
        <p>Too frequent and too many pregnancies, and abortion, that tragic substitute for reliable
            birth control, are responsible for a large number of these preventable deaths. No lists
            of figures and complicated statistics are needed to show that nation-wide provision for
            scientific birth control advice would go far towards remedying this situation.</p>
        <p>There are in America twenty-six million women of child-bearing age, and as mothers and
            potential mothers they should have access to birth control advice. Existing clinics,
            though their number gives cause for rejoicing, can do little more than point the way.
            The devoted service of all the clinic workers--doctors, social workers, nurses, finance
            committees, and so on--can care for only a fractional part of all the women who need
            this advice.</p>
        <p>Whether we like it or not, we must accept the fact that present methods, if they are to
            be reliable and safe, demand medical supervision. We need, then, some action which will
            at one stroke enable hospitals, public health, and other governmental agencies
            throughout the country to establish birth control service, which will place the matter
            where it belongs, in the hands of the medical profession. We need to recognize birth
            control as a public health measure.</p>
        <p>Cut through the Gordian knot which forces our legislators to wait for the doctors and our
            doctors wait for the legislators. The American Medical Association a year ago
            appointed a Committee to study the subject of birth control and report its findings. The
            report has just been issued, and, unfortunately, as it was summarized in the press, it
            seems to be a sweeping condemnation of birth control and the activities of the lay
            organizations which have not only educated the public but brought to the medical
            profession the methods which it uses in its practice today. A careful study of the
            report, however, shows that the doctors, as one would expect, recognize the need for
            reliable birth control. The report strengthens my conviction that a law exempting the
            medical profession from the restrictions of the present Comstock statutes would rectify
            the conditions which the doctors deplore.</p>
        <p>&#8220;Voluntary limitation of conception may be necessary to safeguard the
                health of some women,&#8221; the doctors state. They also point out the inadequacy of
            present methods and suggest that more complete education in this field be given to
            medical students.</p>
        <p>With a change in the law, with the removal of the confusion and taboos now existing,
            research will be stimulated and better methods, which we cannot at the present time even
            envisage, will undoubtedly be developed. Medical schools, freed from the restrictions
            (actual and psychological) imposed by the present law, will recognize the need for
            teaching future doctors about contraception, fertility, and all the medical problems of
            marriage, and hospitals will provide adequate clinical service.</p>
        <p>Lastly, maternal and infant mortality will be reduced.</p>
        <p>Women, who bear the children, have a right to knowledge of their own bodies, they have a
            right to conscious decision in undertaking the most important, and inspiring career in
            the world--motherhood. Freed from fear of unwanted pregnancies, freed from the dread of
            bringing into the world children whom they cannot adequately rear, the women of America
            will build ever happier families and better homes and create a new race.</p>
    
<hr><p>
		 	Subject Terms:
		</p><ul>
<li>
<a href="search.php?subject=birth%20control">birth control</a><a href="search.php?subject=birth%20control&amp;subject2=access%20to">, access to</a><a href="search.php?subject=birth%20control&amp;subject2=access%20to&amp;subject3="></a><a href="search.php?subject=birth%20control&amp;subject2=access%20to&amp;subject3=&amp;subject4="></a>
</li>
<li>
<a href="search.php?subject=birth%20control">birth control</a><a href="search.php?subject=birth%20control&amp;subject2=clinics%20and%20leagues">, clinics and leagues</a><a href="search.php?subject=birth%20control&amp;subject2=clinics%20and%20leagues&amp;subject3=in%20US">, in US</a><a href="search.php?subject=birth%20control&amp;subject2=clinics%20and%20leagues&amp;subject3=in%20US&amp;subject4="></a>
</li>
<li>
<a href="search.php?subject=birth%20control">birth control</a><a href="search.php?subject=birth%20control&amp;subject2=economic%20benefits%20and%20risks%20of">, economic benefits and risks of</a><a href="search.php?subject=birth%20control&amp;subject2=economic%20benefits%20and%20risks%20of&amp;subject3="></a><a href="search.php?subject=birth%20control&amp;subject2=economic%20benefits%20and%20risks%20of&amp;subject3=&amp;subject4="></a>
</li>
<li>
<a href="search.php?subject=birth%20control">birth control</a><a href="search.php?subject=birth%20control&amp;subject2=health%20benefits%20and%20risks">, health benefits and risks</a><a href="search.php?subject=birth%20control&amp;subject2=health%20benefits%20and%20risks&amp;subject3="></a><a href="search.php?subject=birth%20control&amp;subject2=health%20benefits%20and%20risks&amp;subject3=&amp;subject4="></a>
</li>
<li>
<a href="search.php?subject=birth%20control">birth control</a><a href="search.php?subject=birth%20control&amp;subject2=laws%20and%20legislation">, laws and legislation</a><a href="search.php?subject=birth%20control&amp;subject2=laws%20and%20legislation&amp;subject3=Comstock%20act">, Comstock act</a><a href="search.php?subject=birth%20control&amp;subject2=laws%20and%20legislation&amp;subject3=Comstock%20act&amp;subject4="></a>
</li>
<li>
<a href="search.php?subject=birth%20control">birth control</a><a href="search.php?subject=birth%20control&amp;subject2=laws%20and%20legislation">, laws and legislation</a><a href="search.php?subject=birth%20control&amp;subject2=laws%20and%20legislation&amp;subject3=MS%20on">, MS on</a><a href="search.php?subject=birth%20control&amp;subject2=laws%20and%20legislation&amp;subject3=MS%20on&amp;subject4="></a>
</li>
<li>
<a href="search.php?subject=birth%20control">birth control</a><a href="search.php?subject=birth%20control&amp;subject2=laws%20and%20legislation">, laws and legislation</a><a href="search.php?subject=birth%20control&amp;subject2=laws%20and%20legislation&amp;subject3=New%20York%20">, New York </a><a href="search.php?subject=birth%20control&amp;subject2=laws%20and%20legislation&amp;subject3=New%20York%20&amp;subject4="></a>
</li>
<li>
<a href="search.php?subject=birth%20control">birth control</a><a href="search.php?subject=birth%20control&amp;subject2=legal%20cases">, legal cases</a><a href="search.php?subject=birth%20control&amp;subject2=legal%20cases&amp;subject3=Crane%20Decision'">, Crane Decision'</a><a href="search.php?subject=birth%20control&amp;subject2=legal%20cases&amp;subject3=Crane%20Decision'&amp;subject4="></a>
</li>
<li>
<a href="search.php?subject=birth%20control">birth control</a><a href="search.php?subject=birth%20control&amp;subject2=legal%20cases">, legal cases</a><a href="search.php?subject=birth%20control&amp;subject2=legal%20cases&amp;subject3=Crane%20Decision'">, Crane Decision'</a><a href="search.php?subject=birth%20control&amp;subject2=legal%20cases&amp;subject3=Crane%20Decision'&amp;subject4="></a>
</li>
<li>
<a href="search.php?subject=birth%20control">birth control</a><a href="search.php?subject=birth%20control&amp;subject2=medical%20community%20and">, medical community and</a><a href="search.php?subject=birth%20control&amp;subject2=medical%20community%20and&amp;subject3="></a><a href="search.php?subject=birth%20control&amp;subject2=medical%20community%20and&amp;subject3=&amp;subject4="></a>
</li>
<li>
<a href="search.php?subject=birth%20control">birth control</a><a href="search.php?subject=birth%20control&amp;subject2=movement">, movement</a><a href="search.php?subject=birth%20control&amp;subject2=movement&amp;subject3=MS%20on">, MS on</a><a href="search.php?subject=birth%20control&amp;subject2=movement&amp;subject3=MS%20on&amp;subject4="></a>
</li>
<li>
<a href="search.php?subject=Brownsville%20Clinic">Brownsville Clinic</a><a href="search.php?subject=Brownsville%20Clinic&amp;subject2=arrests%20and%20trial">, arrests and trial</a><a href="search.php?subject=Brownsville%20Clinic&amp;subject2=arrests%20and%20trial&amp;subject3="></a><a href="search.php?subject=Brownsville%20Clinic&amp;subject2=arrests%20and%20trial&amp;subject3=&amp;subject4="></a>
</li>
<li>
<a href="search.php?subject=family%20planning">family planning</a><a href="search.php?subject=family%20planning&amp;subject2="></a><a href="search.php?subject=family%20planning&amp;subject2=&amp;subject3="></a><a href="search.php?subject=family%20planning&amp;subject2=&amp;subject3=&amp;subject4="></a>
</li>
<li>
<a href="search.php?subject=mortality%20rates">mortality rates</a><a href="search.php?subject=mortality%20rates&amp;subject2=infant">, infant</a><a href="search.php?subject=mortality%20rates&amp;subject2=infant&amp;subject3="></a><a href="search.php?subject=mortality%20rates&amp;subject2=infant&amp;subject3=&amp;subject4="></a>
</li>
<li>
<a href="search.php?subject=mortality%20rates">mortality rates</a><a href="search.php?subject=mortality%20rates&amp;subject2=maternal">, maternal</a><a href="search.php?subject=mortality%20rates&amp;subject2=maternal&amp;subject3="></a><a href="search.php?subject=mortality%20rates&amp;subject2=maternal&amp;subject3=&amp;subject4="></a>
</li>
<li>
<a href="search.php?subject=physicians">physicians</a><a href="search.php?subject=physicians&amp;subject2=birth%20control%20and">, birth control and</a><a href="search.php?subject=physicians&amp;subject2=birth%20control%20and&amp;subject3="></a><a href="search.php?subject=physicians&amp;subject2=birth%20control%20and&amp;subject3=&amp;subject4="></a>
</li>
<li>
<a href="search.php?subject=United%20States">United States</a><a href="search.php?subject=United%20States&amp;subject2=government">, government</a><a href="search.php?subject=United%20States&amp;subject2=government&amp;subject3=public%20health%20programs">, public health programs</a><a href="search.php?subject=United%20States&amp;subject2=government&amp;subject3=public%20health%20programs&amp;subject4="></a>
</li>
<li>
<a href="search.php?subject=women">women</a><a href="search.php?subject=women&amp;subject2=reproductive%20choices%20and%20decisions">, reproductive choices and decisions</a><a href="search.php?subject=women&amp;subject2=reproductive%20choices%20and%20decisions&amp;subject3="></a><a href="search.php?subject=women&amp;subject2=reproductive%20choices%20and%20decisions&amp;subject3=&amp;subject4="></a>
</li>
</ul><p>
		 Copyright 2003. Margaret Sanger Project
        </p>
  </div>
</div>
	<div><br /></div>

	<p style="margin-top: 0px; margin-bottom: 0px;">
		<a href="http://www.nyu.edu/projects/sanger/aboutms/" onmouseout="MM_swapImgRestore();" onmouseover="MM_swapImage('sanger_foot_r1_c1','','../images/sanger_foot_r1_c1_f2.gif',1);"><img id="sanger_foot_r1_c1" src="../images/sanger_foot_r1_c1.gif" width="104" height="20" alt="" /></a><a href="http://www.nyu.edu/projects/sanger/documents/electroniced.php" onmouseout="MM_swapImgRestore();" onmouseover="MM_swapImage('sanger_foot_r1_c2','','../images/sanger_foot_r1_c2_f2.gif',1);"><img id="sanger_foot_r1_c2" src="../images/sanger_foot_r1_c2.gif" width="104" height="20" alt="" /></a><a href="search.php" onmouseout="MM_swapImgRestore();" onmouseover="MM_swapImage('sanger_foot_r1_c3','','../images/sanger_foot_r1_c3_f2.gif',1);"><img id="sanger_foot_r1_c3" src="../images/sanger_foot_r1_c3.gif" width="104" height="20" alt="" /></a><a href="http://www.nyu.edu/projects/sanger/" onmouseout="MM_swapImgRestore();" onmouseover="MM_swapImage('sanger_foot_r1_c4','','../images/sanger_foot_r1_c4_f2.gif',1);"><img id="sanger_foot_r1_c4" src="../images/sanger_foot_r1_c4.gif" width="104" height="20" alt="" /></a><a href="http://www.nyu.edu/projects/sanger/contactus/" onmouseout="MM_swapImgRestore();" onmouseover="MM_swapImage('sanger_foot_r1_c5','','../images/sanger_foot_r1_c5_f2.gif',1);"><img id="sanger_foot_r1_c5" src="../images/sanger_foot_r1_c5.gif" width="104" height="20" alt="" /></a><img id="sanger_foot_r1_c6" src="../images/sanger_foot_r1_c6.jpg" width="105" height="20" alt="" />
	</p>
	<p style="margin-bottom: 0px; margin-top: -1px; /*\*/margin-top: -4px;/**/">
		<img src="../images/spacer.gif" width="545" height="1" alt="" /><a href="http://validator.w3.org/check/referer"><img src="../images/xhtml11.gif" alt="valid" /></a>
	</p>
</div> <!-- end of Container --> 
</body>
</html>
