<!DOCTYPE html PUBLIC "-//W3C//DTD XHTML 1.1//EN"
        "http://www.w3.org/TR/xhtml11/DTD/xhtml11.dtd">
<html>
<head>
	<title>The Public Papers of Margaret Sanger: Web Edition</title> 
	<meta http-equiv="content-type" content="text/html charset=ISO-8859-1" />
	<link href="../documents/styles.css" rel="stylesheet" type="text/css" />
<script type="text/javascript" src="../documents/global.js"></script> 
</head>
<body onload="MM_preloadImages('../images/header_r2_c1_f2.gif','../images/header_r2_c2_f2.gif','../images/header_r2_c3_f2.gif','../images/header_r2_c4_f2.gif','../images/header_r2_c5_f2.gif');">
<div id="container" style="width: 626px; margin: 0px auto;"> 
<p style="margin-top: 0px; margin-bottom: 0px;">
	<img id="header_r1_c1" src="../images/header_r1_c1.gif" width="625" height="95" alt="" /><img src="../images/spacer.gif" width="1" height="95" alt="" /> 
</p>
<p style="margin-top: 0px; /*\*/margin-top: -3px;/**/">
	<a href="project.php" onmouseout="MM_swapImgRestore();" onmouseover="MM_swapImage('header_r2_c1','','../images/header_r2_c1_f2.gif',1);"><img id="header_r2_c1" src="../images/header_r2_c1.gif" width="104" height="20" alt="" /></a><a href="edition.php" onmouseout="MM_swapImgRestore();" onmouseover="MM_swapImage('header_r2_c2','','../images/header_r2_c2_f2.gif',1);"><img id="header_r2_c2" src="../images/header_r2_c2.gif" width="104" height="20" alt="" /></a><a href="search.php" onmouseout="MM_swapImgRestore();" onmouseover="MM_swapImage('header_r2_c3','','../images/header_r2_c3_f2.gif',1);"><img id="header_r2_c3" src="../images/header_r2_c3.gif" width="104" height="20" alt="" /></a><a href="http://www.nyu.edu/projects/sanger/" onmouseout="MM_swapImgRestore();" onmouseover="MM_swapImage('header_r2_c4','','../images/header_r2_c4_f2.gif',1);"><img id="header_r2_c4" src="../images/header_r2_c4.gif" width="104" height="20" alt="" /></a><a href="contact.php" onmouseout="MM_swapImgRestore();" onmouseover="MM_swapImage('header_r2_c5','','../images/header_r2_c5_f2.gif',1);"><img id="header_r2_c5" src="../images/header_r2_c5.gif" width="104" height="20" alt="" /></a><img id="header_r2_c6" src="../images/header_r2_c6.jpg" width="105" height="20" alt="" /><img src="../images/spacer.gif" width="1" height="20" alt="" /> 
</p>
<div class="outBox">
<div class="docBox">

<p class="title_heading">Margaret Sanger, "High Lights in the History of Birth Control," Oct 1923.
		</p><p>Published Article. Source: 
            <a href="search.php?journal=%22The%20Thinker%22"><span class="italics">The Thinker</span></a> Oct. 1923, pp. 59-61.
            
	, <a href="search.php?journal=%22Margaret%20Sanger%20Microflm%22"><span class="italics">Margaret Sanger Microflm</span></a> C16:0201
        .
		</p><p class="headnote">This is the first of a six part series. Only five articles have been
            located. For the second article, see <a href="show.php?sangerDoc=306638.xml">A
                    Better Race Through Birth Control</a>, Nov. 1923; for the third
            article see <a href="show.php?sangerDoc=306006.xml">Woman and Birth
                    Control</a>, Dec. 1923; and for following articles see <a href="show.php?sangerDoc=305275.xml">Birth Control in China and
                Japan</a>, Feb. 1924 and <a href="show.php?sangerDoc=300368.xml">The Birth Control Movement in 1923</a>, Apr. 1924.</p><hr>
    
    
    
        <h1>HIGH LIGHTS IN THE HISTORY OF BIRTH CONTROL</h1>
        <h3>By Margaret Sanger, 104 5th Ave., New York City</h3>
        <p><span class="italics">(Complete in Six Articles)</span></p>
        
            <h2>ARTICLE I.</h2>
            <p>No great problem affecting the welfare of nations and races has been so
                misinterpreted and misunderstood, even by men who consider themselves well informed,
                as that of population and Birth Control. Advocates of Birth Control do not ask
                merely for assent and approval. They demand investigation and understanding as the
                initial steps toward support of and adherence to their doctrine.</p>
            <p>Much of the opposition to Birth Control has had its source among clergymen and other
                professional moralists. This ecclesiastic opposition is the more surprising in view
                of the fact that the &#8220;only true begetter&#8221; of the whole Birth
                Control movement was Robert Malthus,
                himself a clergyman of the Church of England. He advocated prudential
                checks which called for the most austere morality. Our clergical opponents also
                ignore the fact that many of the most noted champions of Birth Control today are
                clergymen. The most distinguished example is the Dean of St. Paul&#8217;s
                    Cathedral, London, the Very Reverend
                    William Ralph Inge.</p>
            <p>The backbone of the Birth Control movement, from the time that Malthus first
                published his epoch-making &#8220;Essay on Population,&#8221; has been
                essentially Anglo-Saxon. John Stuart Mill,
                    Francis Place, Matthew Arnold, Thomas Huxley and our own great men--Thomas Jefferson, James Madison, Ralph Waldo
                    Emerson and Robert G.
                    Ingersoll, all spoke openly in favor of the control of population.
                Today such thinkers and writers as H. G. Wells,
                    Harold Cox (Editor of the Edinburgh
                    Review) Arnold Bennett, Dean
                Inge, William Archer, Havelock Ellis, Gilbert Murray, Bertrand
                    Russell, John Maynard
                    Keynes (Editor of the London Nation),
                    E. W. McBride, and Lord Dawson (the King&#8217;s Physician) and innumerable others in
                    Great Britain speak openly and valiantly for Birth Control.</p>
            <p>The present movement in this country must not be confused with the Neo-Malthusian
                movement in Great Britain and on the Continent of Europe. In England
                the Neo-Malthusian League was the direct outcome of the celebrated trial of Charles Bradlaugh and Mrs. Annie Besant, who had openly and in the face of the
                authorities distributed among the English poor thousands upon thousands of copies of
                pamphlet by a Boston physician, Dr.
                    Knowlton, entitled &#8220;The Fruits of Philosophy&#8221;--a
                pamphlet originally published in 1833 in this country. The Neo-Malthusian League, sponsored by those valiant
                pioneers, Charles and George Drysdale and Dr. Alice Vickery, soon spread its influence to all
                parts of the Continent. In Holland its doctrines were openly put into practice, and fifty-three
                Birth Control clinics, approved by the Dutch Government, have been
                conducted there with great success for forty years.</p>
            <p>The Birth Control movement, which has now absorbed the earlier Neo-Malthusian
                movement, originated in New York, just a decade ago. While the Neo-Malthusians based
                their propaganda on Malthus&#8217;s theory of Population and earnestly discussed the
                scientific aspects of the question, the slogan &#8220;Birth Control&#8221; was put forward in my
                little paper of advanced feminism, Woman Rebel, and was used as the
                battle cry of fundamental rights in the fight for the emancipation of the working
                woman. The response was so immediate and overwhelming that a league was formed--the
                first Birth Control League in the
                world.</p>
            <p>With the flame-like ardor of pioneers we did not at first realize the full scope of
                our campaign. At that time I knew nothing of Malthus, nothing of the courageous and
                desperate battle waged by the Drysdales in England, Rutgers in Holland, G. Hardy
                and Paul Robin in France, for this
                century-old doctrine. I was merely thinking of the poor mothers of the East side who had so poignantly begged me for
                relief, in order that the children they already had brought into the world might
                have a chance to grow into strong and stalwart Americans. It was almost impossible
                to believe that the dissemination of knowledge easily available to intelligent and
                thoughtful parents of the well-to-do classes was actually a criminal act, proscribed
                not only by State laws but by Federal laws as well.</p>
            <p>My paper was suppressed. I was arrested and indicted in the Federal court. But, owing
                to the vigorous protests of the public and to an appeal sent by a number of
                distinguished English writers and thinkers, the case against me was finally
                dismissed.</p>
            <p>Meanwhile Birth Control, as the slogan of the movement, not only spread through the
                American press from coast to coast, but immediately gained currency in Great
                Britain. Succinctly and with telling brevity these two words sum up our whole
                philosophy. Birth Control does not mean contraception indiscriminately practised. It
                means the release and cultivation of the better elements in our society, and the
                gradual suppression, elimination and eventual extinction, of defective stocks--those
                human weeds which threaten the blooming of the finest flowers of American
                civilization.</p>
            <p>Birth Control aims to introduce into the creation of the next generation of American
                citizens the sound and scientific principles observed by the gardener and the
                agriculturist. We must cultivate the human garden by proper spacing, by improving
                the quality of our precious crop of children by methods of intensive cultivation and
                not by the production of mere numbers. As long as we wilfully, as a nation, waste
                the most precious resources we have--our child life-- let us hold our tongues about
                the dangers of Birth Control. The advocates of Birth Control place a higher value on
                the life of a child than do its opponents. We want every child born in this country
                to bring with it the heritage of health and fine vitality. This is the true wealth
                of our United States.</p>
            <p>The first Birth Control clinic in this country was established in Brownsville, Brooklyn, in 1916. It had but a brief existence. It
                was raided by the police and its founders sentenced to jail as petty miscreants but
                it is not without significance that , since then, there has been an immense
                recrudescence of interest in the persistent problem of population, and that a number
                of new efforts have been made--notably by A. M. Carr-Sanders, to
                reinterpret the thesis for which so massive a foundation was laid by that obscure
                clergyman, Thomas Malthus. The whole current of opinion in regard to the question
                has advanced, not merely in this country and in England, but all over the world. The
                results of the intelligence tests, the menace of indiscriminate immigration, the
                fertility of the unfit, and the increasing burden upon the healthful and vigorous
                members of American society of the delinquent and dependent classes, together with
                the growing danger of the abnormal fecundity of the feeble-minded, all emphasize the
                necessity of clear-sightedness and courage in facing the problem, and throw new
                light on the possibilities of Birth Control as a practical and powerful weapon
                against national and racial decadence.</p>
            <p>We are not, I must repeat, trying to force this doctrine upon the American public.
                Every day thousands of poor mothers are begging us for help, fully conscious that
                their sacred duty to the children they have already brought into the world demands
                that they shall not assume further parental responsibilities which they cannot
                fulfil. It is in answer to those unfortunate and conscripted mothers that we have
                banded ourselves together in the American Birth Control League.</p>
            (To be continued)
        
    
<hr><p>
		 	Subject Terms:
		</p><ul>
<li>
<a href="search.php?subject=birth%20control">birth control</a><a href="search.php?subject=birth%20control&amp;subject2=access%20to">, access to</a><a href="search.php?subject=birth%20control&amp;subject2=access%20to&amp;subject3="></a><a href="search.php?subject=birth%20control&amp;subject2=access%20to&amp;subject3=&amp;subject4="></a>
</li>
<li>
<a href="search.php?subject=birth%20control">birth control</a><a href="search.php?subject=birth%20control&amp;subject2=arrests%20and%20imprisionment">, arrests and imprisionment</a><a href="search.php?subject=birth%20control&amp;subject2=arrests%20and%20imprisionment&amp;subject3="></a><a href="search.php?subject=birth%20control&amp;subject2=arrests%20and%20imprisionment&amp;subject3=&amp;subject4="></a>
</li>
<li>
<a href="search.php?subject=birth%20control">birth control</a><a href="search.php?subject=birth%20control&amp;subject2=class-based">, class-based</a><a href="search.php?subject=birth%20control&amp;subject2=class-based&amp;subject3="></a><a href="search.php?subject=birth%20control&amp;subject2=class-based&amp;subject3=&amp;subject4="></a>
</li>
<li>
<a href="search.php?subject=birth%20control">birth control</a><a href="search.php?subject=birth%20control&amp;subject2=clinics%20and%20leagues">, clinics and leagues</a><a href="search.php?subject=birth%20control&amp;subject2=clinics%20and%20leagues&amp;subject3="></a><a href="search.php?subject=birth%20control&amp;subject2=clinics%20and%20leagues&amp;subject3=&amp;subject4="></a>
</li>
<li>
<a href="search.php?subject=birth%20control">birth control</a><a href="search.php?subject=birth%20control&amp;subject2=distribution%20of%20information%20about">, distribution of information about</a><a href="search.php?subject=birth%20control&amp;subject2=distribution%20of%20information%20about&amp;subject3="></a><a href="search.php?subject=birth%20control&amp;subject2=distribution%20of%20information%20about&amp;subject3=&amp;subject4="></a>
</li>
<li>
<a href="search.php?subject=birth%20control">birth control</a><a href="search.php?subject=birth%20control&amp;subject2=laws%20and%20legislation">, laws and legislation</a><a href="search.php?subject=birth%20control&amp;subject2=laws%20and%20legislation&amp;subject3=Federal">, Federal</a><a href="search.php?subject=birth%20control&amp;subject2=laws%20and%20legislation&amp;subject3=Federal&amp;subject4="></a>
</li>
<li>
<a href="search.php?subject=birth%20control">birth control</a><a href="search.php?subject=birth%20control&amp;subject2=laws%20and%20legislation">, laws and legislation</a><a href="search.php?subject=birth%20control&amp;subject2=laws%20and%20legislation&amp;subject3=State">, State</a><a href="search.php?subject=birth%20control&amp;subject2=laws%20and%20legislation&amp;subject3=State&amp;subject4="></a>
</li>
<li>
<a href="search.php?subject=birth%20control">birth control</a><a href="search.php?subject=birth%20control&amp;subject2=movement">, movement</a><a href="search.php?subject=birth%20control&amp;subject2=movement&amp;subject3=American">, American</a><a href="search.php?subject=birth%20control&amp;subject2=movement&amp;subject3=American&amp;subject4="></a>
</li>
<li>
<a href="search.php?subject=birth%20control">birth control</a><a href="search.php?subject=birth%20control&amp;subject2=movement">, movement</a><a href="search.php?subject=birth%20control&amp;subject2=movement&amp;subject3=history%20of">, history of</a><a href="search.php?subject=birth%20control&amp;subject2=movement&amp;subject3=history%20of&amp;subject4="></a>
</li>
<li>
<a href="search.php?subject=birth%20control">birth control</a><a href="search.php?subject=birth%20control&amp;subject2=movement">, movement</a><a href="search.php?subject=birth%20control&amp;subject2=movement&amp;subject3=international">, international</a><a href="search.php?subject=birth%20control&amp;subject2=movement&amp;subject3=international&amp;subject4="></a>
</li>
<li>
<a href="search.php?subject=birth%20control">birth control</a><a href="search.php?subject=birth%20control&amp;subject2=rights%20associated%20with">, rights associated with</a><a href="search.php?subject=birth%20control&amp;subject2=rights%20associated%20with&amp;subject3="></a><a href="search.php?subject=birth%20control&amp;subject2=rights%20associated%20with&amp;subject3=&amp;subject4="></a>
</li>
<li>
<a href="search.php?subject=England">England</a><a href="search.php?subject=England&amp;subject2=birth%20control%20in">, birth control in</a><a href="search.php?subject=England&amp;subject2=birth%20control%20in&amp;subject3="></a><a href="search.php?subject=England&amp;subject2=birth%20control%20in&amp;subject3=&amp;subject4="></a>
</li>
<li>
<a href="search.php?subject=eugenics">eugenics</a><a href="search.php?subject=eugenics&amp;subject2=positive">, positive</a><a href="search.php?subject=eugenics&amp;subject2=positive&amp;subject3="></a><a href="search.php?subject=eugenics&amp;subject2=positive&amp;subject3=&amp;subject4="></a>
</li>
<li>
<a href="search.php?subject=Europe">Europe</a><a href="search.php?subject=Europe&amp;subject2=birth%20control%20in">, birth control in</a><a href="search.php?subject=Europe&amp;subject2=birth%20control%20in&amp;subject3="></a><a href="search.php?subject=Europe&amp;subject2=birth%20control%20in&amp;subject3=&amp;subject4="></a>
</li>
<li>
<a href="search.php?subject=family%20size">family size</a><a href="search.php?subject=family%20size&amp;subject2=class-based">, class-based</a><a href="search.php?subject=family%20size&amp;subject2=class-based&amp;subject3="></a><a href="search.php?subject=family%20size&amp;subject2=class-based&amp;subject3=&amp;subject4="></a>
</li>
<li>
<a href="search.php?subject=France">France</a><a href="search.php?subject=France&amp;subject2=birth%20control%20in">, birth control in</a><a href="search.php?subject=France&amp;subject2=birth%20control%20in&amp;subject3="></a><a href="search.php?subject=France&amp;subject2=birth%20control%20in&amp;subject3=&amp;subject4="></a>
</li>
<li>
<a href="search.php?subject=Holland">Holland</a><a href="search.php?subject=Holland&amp;subject2=birth%20control%20in">, birth control in</a><a href="search.php?subject=Holland&amp;subject2=birth%20control%20in&amp;subject3="></a><a href="search.php?subject=Holland&amp;subject2=birth%20control%20in&amp;subject3=&amp;subject4="></a>
</li>
<li>
<a href="search.php?subject=New%20York%20City">New York City</a><a href="search.php?subject=New%20York%20City&amp;subject2=birth%20control%20in">, birth control in</a><a href="search.php?subject=New%20York%20City&amp;subject2=birth%20control%20in&amp;subject3="></a><a href="search.php?subject=New%20York%20City&amp;subject2=birth%20control%20in&amp;subject3=&amp;subject4="></a>
</li>
<li>
<a href="search.php?subject=population">population</a><a href="search.php?subject=population&amp;subject2=birth%20control%20and">, birth control and</a><a href="search.php?subject=population&amp;subject2=birth%20control%20and&amp;subject3="></a><a href="search.php?subject=population&amp;subject2=birth%20control%20and&amp;subject3=&amp;subject4="></a>
</li>
<li>
<a href="search.php?subject=Woman%20Rebel">Woman Rebel</a><a href="search.php?subject=Woman%20Rebel&amp;subject2="></a><a href="search.php?subject=Woman%20Rebel&amp;subject2=&amp;subject3="></a><a href="search.php?subject=Woman%20Rebel&amp;subject2=&amp;subject3=&amp;subject4="></a>
</li>
<li>
<a href="search.php?subject=women">women</a><a href="search.php?subject=women&amp;subject2=enslavement%20of">, enslavement of</a><a href="search.php?subject=women&amp;subject2=enslavement%20of&amp;subject3="></a><a href="search.php?subject=women&amp;subject2=enslavement%20of&amp;subject3=&amp;subject4="></a>
</li>
<li>
<a href="search.php?subject=women">women</a><a href="search.php?subject=women&amp;subject2=freedom%20and%20rights%20of">, freedom and rights of</a><a href="search.php?subject=women&amp;subject2=freedom%20and%20rights%20of&amp;subject3="></a><a href="search.php?subject=women&amp;subject2=freedom%20and%20rights%20of&amp;subject3=&amp;subject4="></a>
</li>
<li>
<a href="search.php?subject=working%20classes">working classes</a><a href="search.php?subject=working%20classes&amp;subject2=birth%20control%20and">, birth control and</a><a href="search.php?subject=working%20classes&amp;subject2=birth%20control%20and&amp;subject3="></a><a href="search.php?subject=working%20classes&amp;subject2=birth%20control%20and&amp;subject3=&amp;subject4="></a>
</li>
<li>
<a href="search.php?subject=working%20classes">working classes</a><a href="search.php?subject=working%20classes&amp;subject2=fertility%20of">, fertility of</a><a href="search.php?subject=working%20classes&amp;subject2=fertility%20of&amp;subject3="></a><a href="search.php?subject=working%20classes&amp;subject2=fertility%20of&amp;subject3=&amp;subject4="></a>
</li>
</ul><p>
		 Copyright 2003. Margaret Sanger Project
        </p>
  </div>
</div>
	<div><br /></div>

	<p style="margin-top: 0px; margin-bottom: 0px;">
		<a href="http://www.nyu.edu/projects/sanger/aboutms/" onmouseout="MM_swapImgRestore();" onmouseover="MM_swapImage('sanger_foot_r1_c1','','../images/sanger_foot_r1_c1_f2.gif',1);"><img id="sanger_foot_r1_c1" src="../images/sanger_foot_r1_c1.gif" width="104" height="20" alt="" /></a><a href="http://www.nyu.edu/projects/sanger/documents/electroniced.php" onmouseout="MM_swapImgRestore();" onmouseover="MM_swapImage('sanger_foot_r1_c2','','../images/sanger_foot_r1_c2_f2.gif',1);"><img id="sanger_foot_r1_c2" src="../images/sanger_foot_r1_c2.gif" width="104" height="20" alt="" /></a><a href="search.php" onmouseout="MM_swapImgRestore();" onmouseover="MM_swapImage('sanger_foot_r1_c3','','../images/sanger_foot_r1_c3_f2.gif',1);"><img id="sanger_foot_r1_c3" src="../images/sanger_foot_r1_c3.gif" width="104" height="20" alt="" /></a><a href="http://www.nyu.edu/projects/sanger/" onmouseout="MM_swapImgRestore();" onmouseover="MM_swapImage('sanger_foot_r1_c4','','../images/sanger_foot_r1_c4_f2.gif',1);"><img id="sanger_foot_r1_c4" src="../images/sanger_foot_r1_c4.gif" width="104" height="20" alt="" /></a><a href="http://www.nyu.edu/projects/sanger/contactus/" onmouseout="MM_swapImgRestore();" onmouseover="MM_swapImage('sanger_foot_r1_c5','','../images/sanger_foot_r1_c5_f2.gif',1);"><img id="sanger_foot_r1_c5" src="../images/sanger_foot_r1_c5.gif" width="104" height="20" alt="" /></a><img id="sanger_foot_r1_c6" src="../images/sanger_foot_r1_c6.jpg" width="105" height="20" alt="" />
	</p>
	<p style="margin-bottom: 0px; margin-top: -1px; /*\*/margin-top: -4px;/**/">
		<img src="../images/spacer.gif" width="545" height="1" alt="" /><a href="http://validator.w3.org/check/referer"><img src="../images/xhtml11.gif" alt="valid" /></a>
	</p>
</div> <!-- end of Container --> 
</body>
</html>
