<!DOCTYPE html PUBLIC "-//W3C//DTD XHTML 1.1//EN"
        "http://www.w3.org/TR/xhtml11/DTD/xhtml11.dtd">
<html>
<head>
	<title>The Public Papers of Margaret Sanger: Web Edition</title> 
	<meta http-equiv="content-type" content="text/html charset=ISO-8859-1" />
	<link href="../documents/styles.css" rel="stylesheet" type="text/css" />
<script type="text/javascript" src="../documents/global.js"></script> 
</head>
<body onload="MM_preloadImages('../images/header_r2_c1_f2.gif','../images/header_r2_c2_f2.gif','../images/header_r2_c3_f2.gif','../images/header_r2_c4_f2.gif','../images/header_r2_c5_f2.gif');">
<div id="container" style="width: 626px; margin: 0px auto;"> 
<p style="margin-top: 0px; margin-bottom: 0px;">
	<img id="header_r1_c1" src="../images/header_r1_c1.gif" width="625" height="95" alt="" /><img src="../images/spacer.gif" width="1" height="95" alt="" /> 
</p>
<p style="margin-top: 0px; /*\*/margin-top: -3px;/**/">
	<a href="project.php" onmouseout="MM_swapImgRestore();" onmouseover="MM_swapImage('header_r2_c1','','../images/header_r2_c1_f2.gif',1);"><img id="header_r2_c1" src="../images/header_r2_c1.gif" width="104" height="20" alt="" /></a><a href="edition.php" onmouseout="MM_swapImgRestore();" onmouseover="MM_swapImage('header_r2_c2','','../images/header_r2_c2_f2.gif',1);"><img id="header_r2_c2" src="../images/header_r2_c2.gif" width="104" height="20" alt="" /></a><a href="search.php" onmouseout="MM_swapImgRestore();" onmouseover="MM_swapImage('header_r2_c3','','../images/header_r2_c3_f2.gif',1);"><img id="header_r2_c3" src="../images/header_r2_c3.gif" width="104" height="20" alt="" /></a><a href="http://www.nyu.edu/projects/sanger/" onmouseout="MM_swapImgRestore();" onmouseover="MM_swapImage('header_r2_c4','','../images/header_r2_c4_f2.gif',1);"><img id="header_r2_c4" src="../images/header_r2_c4.gif" width="104" height="20" alt="" /></a><a href="contact.php" onmouseout="MM_swapImgRestore();" onmouseover="MM_swapImage('header_r2_c5','','../images/header_r2_c5_f2.gif',1);"><img id="header_r2_c5" src="../images/header_r2_c5.gif" width="104" height="20" alt="" /></a><img id="header_r2_c6" src="../images/header_r2_c6.jpg" width="105" height="20" alt="" /><img src="../images/spacer.gif" width="1" height="20" alt="" /> 
</p>
<div class="outBox">
<div class="docBox">

<p class="title_heading">Margaret Sanger, "Gandhi and Mrs. Sanger Debate Birth Control," Nov 1936.
		</p><p>Published Article. Source: 
            <a href="search.php?journal=%22Asia%22"><span class="italics">Asia</span></a>Vol. 26, no. 11, Nov. 1936, pp. 698-702

        .
		</p><p class="headnote">For typed and handwritten drafts, see Library of Congress Microfilm,
            129:535 and 129:525.The editor's introduction draws heavily from Sanger's diary
            entry. For the full entry, see LCM 1:209.</p><hr>
    
    
    
        <h1>Gandhi and Mrs. Sanger Debate Birth Control</h1>
        
            <h2>Editor&#8217;s Introduction.</h2>
                --Last winter Margaret Sanger spent ten
                    weeks in India, speaking on birth control to large audiences
                    throughout the country. During her visit she held more than forty public
                    meetings, established about fifty centers of birth control information and
                    secured the endorsements of the All-India Women&#8217;s Conference, the
                        All-India Medical Conference and Bombay municipality.
                Mrs. Sanger stayed two days with Gandhi at his <span class="italics">ashrama</span> in Wardha and engaged him in a friendly argument on
                    birth control. We quote what Mrs. Sanger says in her own diary of their
                    meeting:
            <p>&#8220;We went directly to his place and met, although this is his day of silence. He rose
                to greet me, smiling from ear to ear. I put down my bag and gloves and flowers and
                magazines inorder to take both his hands. He has an unusual light that shines in his
                face; that shines through the flesh; that circles around his head and neck like a
                mist with white sails of a ship coming through. It lasted only a few seconds, but it
                is there. When I looked again it was only the shiny appearance of his flesh that I
                saw but always the smile and a hospitable welcome.&#8221;</p>
            <p>Since Mrs. Sanger arrived on Gandhi&#8217;s day 
        [<em>of</em>]
    
                    silence, she spent her first day inspecting the industries connected with the
                    ashrama.</p>
            <p>In the evening there was &#8220;supper on the veranda at Gandhiji&#8217;s
                residence. They are building another story to the old house for his study. Now he
                has no privacy and needs it. We all sat on the floor. Shoes removed first, food is
                placed on trays by attendants. No one may eat until prayers are said which are said
                only when the tray has considerable food. It was a chant by all in a &#8216;lullaby&#8217; tune.
                Gandhiji gave me a spoonful of very bitter green puree. They were all amused at its
                reception and my face in getting it down. Then there were raw onions cut up in
                cream. One hot vegetable soup, one hot milk, dry flap-jacks, a fresh orange and
                other vegetables and rice. Really a lot of food. Gandhi is experimenting with foods,
                trying tofind out the most economical for the village people and the most
                nourishing. The great majority are living a life of starvation. When you ask a
                villager how things are going, he points to his stomach and says, &#8216;Sahib, stomach too long empty.&#8217;</p>
            <p>&#8220;We went on the roof to see the sun set, then in the tonga to the temple and now to
                evening prayers. At seven P.M. all twenty persons were seated with legs crossed
                under them onthe roof. They were all dressed in white, with the moon shining down
                and the stars overhead. Gandhiji and both woman guests were seated at the head of
                the circle. Since we came in a little late we sat in the circle near the poor
                &#8216;depressed&#8217; woman workers who were not in white. Mr.
                    Gandhi&#8217;s son, his youngest, is here. His grandson led the prayers in the moonlight.
                    Mrs. Gandhi served our food and
                spices. She is a short, stoutish, unimpressive woman, but very kind and tender.
                After prayers, which were chanted, I went down to Gandhiji&#8217;s office; he wrote a few
                notes tome inviting me to walk in the morning, also saying that at seven thirty A.M.
                he will have a talk with me and it can be absolutely exclusive.&#8221;</p>
            <p> The next morning Mrs. Sanger rose at six and went to meet Gandhi and the
                    two other woman guests. They &#8220;all went with him to the village, San, which
                is his regular morning walk. He is trying t clean up the village by erecting
                &#8216;privies,&#8217; portable on stilts to be moved from pit to pit to save the fertilizer and
                use it quickly. Gandhiji walks quickly and has his customary white robes, sandals
                and staff. We talked of food and diet. He has studied this question for forty years
                and disapproves of uncooked starches. After the walk I had a bath and dashed over to
                keep the seven thirty appointment on the roof in the morning sun. There were four of
                his people present and Anna Jane [Anna
                Jane Philips, Mrs. Sanger&#8217;s secretary] and myself. I am to return at three
                o&#8217;clock.&#8221;</p>
            <p>Mrs. Sanger goes on: &#8220;At three o&#8217;clock promptly, we went to the
                Mahatma&#8217;s house and had our talk on the roof. He sat in the burning sunshine with a
                white cloth over his head. We sat inthe shade. the arguments were along the same
                line as inthe morning, but I am convinced his personal experience at the time of his
                father&#8217;s death was so shocking and self-blamed that he can never accept sex as
                anything good, clean or wholesome.&#8221;</p>
            <p>When a western woman of such international prominence as Mrs. Sanger has
                    a serious talk with the greatest Indian of our time on a subject so important
                    and controversial as birth control, we believe that what they had to say to each
                    othr on this occasion has historical as well as immediate value and should be
                    offered verbatim to our readers. Fortunately Mrs. Sanger&#8217;s secretary was present
                    at both the morning and afternoon interviews and took them down in shorthand. We
                    are therefore presenting this unusual interview, which has never before been
                    published. A few extracts from it were quoted in an article which Mrs. Sanger
                    wrote while she was in India for The Illustrated Weekly of
                        India and in the reply to Mrs. Sanger by Mahadev Desai in Mr. Gandhi&#8217;s paper
                        Harijan--reprinted in part by The
                        Illustrated Weekly of India. We are presenting the interview exactly
                    as it took place between Mrs. Sanger and Gandhi, except to strike out a few
                    statements that duplicated what had gone before and to eliminate a few
                    unessential passages to save space.</p>
        
        
            <h2>Morning</h2>
            <p><span class="">Mrs. Sanger</span>: Mr. Gandhi, you and I have the interest of humanity at
                heart, but while both of us have that in common, you have greater influence with the
                masses of humanity. I believe no nation can be free until its women have control
                over the power that is peculiarly theirs, I mean the power of procreation....
                Women&#8217;s lack of control over fecundity results in overpopulation, in poverty, misery
                and war. Should women control this force which has made so much trouble in their
                lives? Do you see any practical solution for this problem, which in my humble
                opinion is the direct cause of much of the chaos in the world today?</p>
            <p><span class="">Mr Gandhi</span>: I suppose you know that all my life I have
                    been dinning into the ears of women the fact that they are their own mistresses,
                    not only in this but in all matters. I began my work with my own wife. While I
                    have abused my wife in many respects, I have tried to be her teacher also. If
                    today she is somewhat literate it is because I became her teacher. I was not the
                    ideal teacher because I was a brute. The animal passion in me was too strong and
                    I could not become the ideal teacher. My wife I made the orbit of al women. In
                    her I studied all women. I came into contact with many European women in
                        South Africa, but I knew practically every Indian woman
                    there. I worked with them. I tried to show them they were not slaves either of
                    their husbands or parents, that they had as much right to resist their husbands
                    as their parents, not only in the political field but in the domestic as well.
                    But the trouble was that some could not resist their husbands. I feel that I
                    speak with some confidence and knowledge because I have worked with and talked
                    with and studied many women. But the remedy is in the hands of the women
                    themselves. The struggle is difficult for them but I do not blame them. I blame
                    the men. Men have legislated against them. Man has regarded woman as his tool.
                    She has learned to be his tool and in the end found it easy and pleasurable to
                    be such, because when one drags another in his fall the descent is easy. I have
                    come in contact with some women of the West but not many, so that my deductions
                    about them may be faulty, but I have known tens of thousands of women in India,
                    their experiences and their aspirations. I have discussed it with some of my
                    educated sisters but I have questioned their authority to speak on behalf of
                    their unsophisticated sisters, because they have never mixed with them. The
                    educated ones have never felt one with them. But I have. they regarded me as
                    half a woman because I have completely identified myself with them. I have
                    identified myself with my wife to the same extent, but she observes certain
                    decencies with me, which I have not done with her. I intimately know her. I have
                    made use of her. But I do not suppose there are many women who can claim to have
                    followed their husbands so slavishly as she has. She has followed, sometimes
                    reluctantly, but her reluctance has had a tinge of obedience in it, for she is a
                    good Hindu wife. I have often challenged her and asked her to lead her own
                    independent life but she will not do so. She is too much a Hindu wife for that.
                    I have felt that during the years still left to me if I can drive home to
                    women&#8217;s minds the truth that they are free, we will have no birth control
                    problem in India. If they will only earn to say &#8220;no&#8221; to their husbands when they
                    approach them carnally! ... The real problem is that they do not want to resist
                    them. I have been reading about this cause which you advocate so eloquently. I
                    know some of the greatest people in the world agree with you. In India I would
                    mention only two great representative names, Tagore and Mrs. Naidu. I
                    know I have them all arrayed against me. I have tried to think with them.... My
                    fudamental position is that so far as the women of India are concerned, even if
                    the method you advocate were a solution, it is a long way off, for the women of
                    India have so many things to think of now. Don&#8217;t tell me of the educated girl of
                    India. She will be your slave, much to her damage, I&#8217;m afraid.</p>
            <p><span class="">Mrs. Sanger</span>: You mean for instance that the women of the chawls will be
                against me, the women in the tenements of Bombay?</p>
            <p><span class="">Mr. Gandhi</span>: Yes.</p>
            <p><span class="">Mrs. Sanger</span>: I disagree with you. When I was in Bombay one of th first
                places I went was to these women of the tenements. I saw them sitting around, each
                with three, four or more children. We asked them how many children they had had, how
                many were dead. There were always some dead. Then we asked how many more they were
                going to have, and every woman but one held out her hands in supplication as though
                saying: &#8220;No more. Pray God, no more!&#8221; It
                showed that they were already awakened to this idea. Again and again they ask what
                to do to prevent more children from coming into the world. I want to go to the
                villages and see whether this desire to have fewer children is not there. Let us not
                worry about the methods. Let us first discover whether they want more children or
                not. that will be the beginning.</p>
            <p><span class="">Mr Gandhi</span>: I don&#8217;t want to say that women want children
                    but that they will not do the thing that will keep them from having more
                    children. They will not resist their husbands. Then I suppose you will say, if
                    neither party resists, why should they not adopt artificial methods?</p>
            <p><span class="">Mrs. Sanger</span>: You have been a great advocate of civil disobedience, Mr.
                Gandhi. Do you also recommend that the women of India adopt legal and marital
                disobedience?</p>
            <p><span class="">Mr. Gandhi</span>: Yes, I do. But no resistance bordering upon
                    bitterness will be necessary in ninety-nine out of a hundred cases. If a wife
                    says to her husband, &#8220;No, I don&#8217;t want it,&#8221; he will make no trouble. But she
                    hasn&#8217;t been taught....</p>
            <p><span class="">Mrs. Sanger</span>: But that advice is not practical. It means a revolution in
                the home. It leads to divorce. The average marriage contract assumes that the
                married relationship will be harmonious.</p>
            <p><span class="">Mr. Gandhi</span>: There should be mutual consent. Without it
                    the thing will be wholly wrong.</p>
            <p><span class="">Mrs. Sanger</span>: that is right, but the problem is not often discussed by
                young people before marriage, although our young of today are beginning to discuss
                it more and more, which is a very good thing. But consider the turmoil, the
                unhappiness it means for the woman if she resists her husband! What if he puts her
                out of her home? In some states in the United States a wife has no
                rights if she resists her husband. What can she do? I do not know the law in India,
                but custom compels her to submit to the sexual needs of her husband.</p>
            <p><span class="">Mr. Gandhi</span>: There are no such laws here.</p>
            <p><span class="">Mrs. Sanger</span>: Yes, but the custom is here. Customs are harder to change
                than laws.</p>
            <p><span class="">Mr. Gandhi</span>: Yes.</p>
            <p><span class="">Mrs. Sanger</span>: You are giving them advice which they cannot accept. Would
                it not make their condition worse?</p>
            <p><span class="">Mr Gandhi</span>: Not if they learn the art of resistance. It
                    boils down to education. I want woman to learn the primary right of resistance.
                    She thinks now that she has not got it. Among the women of India it is most
                    difficult to drive home this truth. If I were to devote myself to birth control
                    I would miss this primary education.</p>
            <p><span class="">Mrs. Sanger</span>: But cannot education go with birth control? In
                    England many social workers claim that if they can instruct the
                poorer women in birth control before their fifth child is born, before the women
                have fallen into poverty and drink and degradation, these women can be helped. In
                America in the clinics it has been found in a number of cased where women have been
                given birth control information and freed from undesired pregnancies for a period of
                from eighteen months to two years that the woman and her husband have become
                self-reliant and self-supporting and the case has been closed on the welfare books.
                The woman has more hope. She is not haunted by the fear of more and more and still
                more pregnancies. Every case shows a better condition of the woman&#8217;s mind, more
                patience, love, education in the woman&#8217;s life and home after she has been freed of
                the worry of having too many children. Mr. Gandhi, do you not see a great difference
                between sex love and sex lust? Isn&#8217;t it sex lust and not sex love which you
                oppose?</p>
            <p><span class="">Mr. Gandhi</span>: Yes, it is. But when both want to satisfy
                    animal passion without having to suffer the consequences of their act, it is not
                    love. It is lust. But if love is pure it will transcend animal passion and will
                    regulate itself. We have not had enough education of the passions. When a
                    husband says, &#8220;Let us not have children but have relations,&#8221; what is that but
                    animal passion? If they do not want to have any more children they should simply
                    refuse to unite.</p>
            <p><span class="">Mrs. Sanger</span>: Then you hold that all sex union is lust except that for
                the specific purpose of having children?</p>
            <p><span class="">Mr. Gandhi</span>: Yes.</p>
            <p><span class="">Mrs. Sanger</span>: I think that is a weak position, Mr. Gandhi. The act is the
                same. The force that brings two people together is sex attraction, a biological
                urge, which finds expression in sex union. There are two kinds of passion. One is a
                force around which centers respect, consideration and reverence known as love. The
                latter kind may be the stepladder to God. I do not call that kink of love lust, even
                when it finds expression in sex union, with or without children.</p>
            <p><span class="">Mr. Gandhi</span>: I think there is a flaw in that position and
                    the world will not have to wait long before it discovers it. I have found the
                    same thing in old Sanskrit volumes, found lust clothed in the dress of love. But
                    I know from my own experience that, as long as I looked upon my wife carnally,
                    we had no real understanding. Our love did not reach a high plane. There was
                    affection, of course, between us. Affection there has been between us always but
                    we came closer and closer the more we, or rather I, became restrained. There
                    never was want of restraint on the part of my wife. Very often she would show
                    restraint, but she rarely resisted me although she shower disinclination very
                    often. All the time I wanted carnal pleasure I could not serve her. She would be
                    a fairly learned woman today if I had not let this lust interfere with her
                    education. She is not dull-witted, but it takes all one&#8217;s resources to drive
                    home a lesson. I had plenty of time at my disposal to teach her before I became
                    involved in public affairs but I didn&#8217;t take advantage of it. When I had
                    outlived animal passion and found a better mission in life, I had no
                time.</p>
            <p><span class="">Mrs. Sanger</span>: I think lust is a very different thing from love. I believe
                in sex love. Perhaps love in sex is a new thing in our evolution, and develops in
                the human race as we evolve toward a higher consciousness. But it is usually
                acknowledged to be a very real thing, a force that cannot be denied....</p>
            <p><span class="">Mr. Gandhi</span>: May one man have pure sex lust with more than
                    one woman or a woman with more that one man? Your literature is full of
                that.</p>
            <p><span class="">Mrs. Sanger</span>: Love, no. Lust, yes. But I think pure love comes of
                itself.</p>
            <p><span class="">Mr. Gandhi</span>: No, it does not come of itself. If you have a
                    love for more than one woman, how do you know which is which?</p>
            <p><span class="">Mrs. Sanger</span>: If we can have a choice in our mates there is a natural sex
                attraction between two people. You then have a different experience and in the
                experience an expression of love which makes you a finer human being. Sex lust is
                spent in prostitution, the sort of relationship which makes for oneness, for
                completeness between the husband and wife and contributes to a finer understanding
                and a greater spiritual harmony.</p>
            <p><span class="">Mr. Gandhi</span>: You are talking in this strain because social
                    custom has restricted marriage to one at a time in the West, but in the East it
                    is not so. Many believe it lawful to have more than one wife. Or you may have a
                    wife and concubines. I have thought this question through. In the East this
                    practice has been going on a long time. Now I don&#8217;t ask this question to put you
                    in a corner. This is the argument I had with a woman with whom I almost fell. It
                    is so personal that I did not put it in my autobiography. We had considered if
                    there can be this spiritual companionship. the marriage relationship is a matter
                    of contract. Your parents arrange it in your childhood and you have nothing to
                    do with it. I come in contact with an illiterate woman. Then I meet a woman with
                    a broad, cultural education. Could we not develop a close contact, I said to
                    myself? This was a plausible argument, and I nearly slipped. But I was saved, I
                    awoke from my trance. I don&#8217;t know how. For a time it seemed I had lost my
                    anchor. I was saved by youngsters who warned me. I saw that if I was doomed,
                    they also were doomed. I decided I was not right in my argument.</p>
            <p><span class="">Mrs. Sanger</span>: I wonder if this is a rationalization or a personal
                feeling. Even with those men who have concubines, don&#8217;t you think there is one
                person among the concubines to whom they are most devoted? When a man finds the one
                woman for him, their personalities tune in. There is harmony and growth in their
                union.</p>
            <p><span class="">Mr. Gandhi</span>: Have you read of the Mahabharata legend where Draupadi, the heroine,
                    has five husbands? In its place this union has been glorified as the ideal
                    union. Each husband has his own complete right in the wife. Now in Islam, in
                    contrast, they let a man marry up to five wives on condition that all be treated
                    as upon the same level. The Prophet does not
                    call it lust and several philosophers in Islam defend the thing. I have talked
                    to many of these men. They think what is happening in the West is debasing and
                    that if all recognized polygamy the world would be better. The followers of
                    Islam can advance good arguments for it.</p>
            <p><span class="">Mrs. Sanger</span>: We cannot speak for all nations. The human race is evolving
                like a class in school.... But I agree with you that we have to start with the
                individual. You feel that the beginning is with the individual&#8217;s control of sex.
                There is no argument there. But do you realize that from the time of marriage until
                the end of woman&#8217;s child-bearing period, if she has sex relations with her husband
                only once each year, she will have ten or twelve children? So that, even with the
                most continent life, she will be the victim of a large family which she cannot take
                care of. Must husbands and wives sacrifice their lives for this? Must this
                relationship, based on a finer quality of love, take place only three or four times
                in their entire lifetime?</p>
            <p><span class="">Mr. Gandhi</span>: Why should people not be taught that it is
                    immoral to have more than three or four children and that after they have had
                    that number they should live separately? If they are taught this it would harden
                    into custom. And if social reformers cannot impress this idea upon the people,
                    why not a law? ...</p>
            <p><span class="">Mrs. Sanger</span>: The education that goes with birth control gives men and
                women a higher physical, mental and moral control. Isn&#8217;t there something you can
                approve that they can put into practice? Can&#8217;t you advise something practical,
                something that can be applied to solve the problem of too frequent child bearing for
                the mothers of India?</p>
        
        
            <h2>Afternoon</h2>
            <p><span class="">Mrs. Sanger</span>: Let us go back to your first point, continence. Do you
                accept the decision of most modern neurologists and physicians of the world that
                continence cannot be generally advised and except for particular cases its practice
                makes for great nervous and mental disturbances?</p>
            <p><span class="">Mr. Gandhi</span>: I have read much on the subject. the evidence
                    is all based on examination of imbeciles. The conclusions are not drawn from the
                    practice of healthy minded people. The people they take for examples have not
                    lived a life of even tolerable continence. These neurologists assume that people
                    will be able to exercise self-restraint while they continue to lead the same
                    ill-regulated life. The consequence is that they do not exercise self-restraint
                    but become lunatics. I carry on a correspondence which many of these people and
                    they describe their own ailments tome. I simply say that if I were to present
                    them with this method of birth control, they would lead far worse lives.</p>
            <p><span class="">Mrs. Sanger</span>: I just wondered because as you know there are many men who
                encounter this problem, who are not abnormal men but good fathers, hard workers, men
                who want to do right. I just want to give you two cases in particular.... These men
                are not vicious men. They are not brutes. They love their wives. They are trying to
                control a powerful force planted in their beings at birth. If that force is wrong
                and evil, why was it placed in their bodies by the Creator of all good?</p>
            <p><span class="">Mr. Gandhi</span>: If bother are not ready it becomes
                    degradation for one to ask. If you eliminate birth control there will be other
                    methods. The case for birth control is not hopelessly weak, otherwise these
                    brilliant men would not be aligned with it. As in law, hard cases make bad law
                    and because you can cite hard cases does not prove your method right. We must
                    devise other means. As soon as you agree to eliminate certain methods as
                    harmful, you are bound to find others. In the cases you tell of, as soon as I
                    made the discovery I would have seen to it that the men and women were
                    separated.</p>
            <p><span class="">Mrs. Sanger</span>: But what about the woman&#8217;s economic condition? She has had
                no preparation to support herself, especially in India. She has depended upon
                marriage and her husband for maintenance and her bread and butter. Who is to take
                care of the children? You must think of these things when you suggest
                separation.</p>
            <p><span class="">Mr. Gandhi</span>: You must devise means. I might suggest that
                    the state take care of them. Or the law might be called in to give a divorce. At
                    present divorce is granted on grounds of infidelity. In the future it may be
                    granted on grounds of health. Even then some hard cases will occur....</p>
            <p><span class="">Mrs. Sanger</span>: But, Mr. Gandhi, the advanced women of the western world
                have for the past decade or two refused to submit their bodies as receptacles for a
                man&#8217;s passion. Women have feelings as deep and as amorous as men. There are times
                when wives desire physical union as much as their husbands. Doesn&#8217;t that change the
                character of the relationship? Doesn&#8217;t that make a difference? In such cases where
                there is a fifty-fifty proposition regarding sex or marital expression, both feel
                this is a necessary part of the happiness of their lives. What have you to say in
                regard to this?</p>
            <p><span class="">Mr. Gandhi</span>: I would devise other methods. I would not say
                    all methods have universal application. There would be ways of regulating or
                    curbing that passion. If artificial methods are to be avoided, other, natural
                    methods will have to be devised. Supposing that you and I as social reformers
                    said, &#8220;If this remedy is not open, we&#8217;ll have to fall back on others.&#8221; But the
                    difficulty of mutual approach stares us in the face, because I belong to a
                    generation that believes that life is made for self-restraint in every way of
                    life. Your generation believes in a multiplication of wants, freedom of all
                    human passions.... When you make up your mind to follow a code of ethics you
                    must determine to sacrifice health and ease. there are things more important
                    than health; things more precious that life and well-being.</p>
            <p><span class="">Mrs. Sanger</span>: Yes, I agree that such things should not be imposed upon
                people. I am not attempting to force birth control upon any one. I am just offering
                the knowledge to help solve some difficult problems.</p>
            <p><span class="">Mr. Gandhi</span>: Ah yes, Mrs. Sanger, I know you are not
                    trying to impose birth control but there are some birth controllers who would
                    compel men and women to follow them....</p>
            <p><span class="">Mrs. Sanger</span>: In the United States our birth rate is lowering. We have
                many older people now because people live longer. Then we have raised the age of
                marriage, which shortens a woman&#8217;s childbearing period. You think that your poorer
                people are not fertile? Where does your population increase come from then? Who has
                the large families?</p>
            <p><span class="">Mr. Gandhi</span>: The burden of large families falls on the
                    middle class; as far as mere fertility is concerned, the fertility is greater
                    among the middle than the lower classes. If that was not true you would not have
                    the low average of five children per family for India. We do not have such a
                    terrible problem as you face in America or Europe. The problem is
                    with the middle class where indulgence is running riot. They use their wives as
                    playthings. I am sorry to have to say this, but it is true. I don&#8217;t say there is
                    no illicit intercourse among the poor in India but there is not the
                    fertility.... Take the lot of the millions--starvation. I have lived in it for
                    twenty-one days, but I had no passion. I do not mean to tell you that at
                    sixty-seven I have no passion, but I can regulate it.</p>
            <p><span class="">Mrs. Sanger</span>: But, Mr. Gandhi, there are thousands, millions, who regard
                your word as that of a saint. How can you ask them who are so humble, so weak, to
                follow, when you are so much stronger and wiser, have taken years to bring about
                that self-control in your life?</p>
            <p>(Mr. Gandhi just smiled.)</p>
            <p><span class="">Mrs. Sanger</span>: But to come back to this point. Is the reason you object to
                artificial means of birth control because of the means or the act? ...</p>
            <p><span class="">Mr. Gandhi</span>: Yes, I object for the latter
                reason....</p>
            <p><span class="">Mrs. Sanger</span>: Have you from your experience in life seen that the people
                who have had no love in their lives, who have practised continence and restraint,
                are higher evolved persons than those who have lived normally?</p>
            <p><span class="">Mr. Gandhi</span>: I can not lay down an absolute rule. I know
                    many fine people who have practised continence and restraint and many who have
                    not....</p>
            <p><span class="">Mrs. Sanger</span>: Haven&#8217;t you some message of encouragement that I can take
                away with me to help in this work which we are doing for humanity?</p>
            <p><span class="">Mr. Gandhi</span>: I can only say may God guide you right as you would say to me. We are only human
                    beings. I think highly of your purpose; otherwise I would not have given time to
                    this subject. With me God is truth. I would sacrifice everything, even India,
                    for the sake of truth. But if someone wanted to open my mind and tried to prove
                    I was living in a fool's paradise, I would not close my ears to him. Of course,
                    I should have little part with a man arguing a case for untruth, but I would let
                    him argue it and say, "Let untruth be as much God as truth and have as much
                    effect of me if it should.&#8221;</p>
            <p><span class="">Mrs. Sanger</span>: The good of humanity is in both our hearts, and I am the
                last person to say that the end justifies the means. But in birth control as in
                everything else the proper use of knowledge is very important. Everything good can
                be misused or used without control, and thus becomes harmful. When we give birth
                control information it goes hand in hand with education for the betterment of the
                children, the family and the race.</p>
            <p><span class="">Mr. Gandhi</span>: Don&#8217;t go away with the idea that this has
                    been wasted effort. We have certainly come nearer together.</p>
        
    
<hr><p>
		 	Subject Terms:
		</p><ul>
<li>
<a href="search.php?subject=birth%20control">birth control</a><a href="search.php?subject=birth%20control&amp;subject2=access%20to">, access to</a><a href="search.php?subject=birth%20control&amp;subject2=access%20to&amp;subject3=international">, international</a><a href="search.php?subject=birth%20control&amp;subject2=access%20to&amp;subject3=international&amp;subject4="></a>
</li>
<li>
<a href="search.php?subject=birth%20control">birth control</a><a href="search.php?subject=birth%20control&amp;subject2=health%20benefits%20and%20risks">, health benefits and risks</a><a href="search.php?subject=birth%20control&amp;subject2=health%20benefits%20and%20risks&amp;subject3="></a><a href="search.php?subject=birth%20control&amp;subject2=health%20benefits%20and%20risks&amp;subject3=&amp;subject4="></a>
</li>
<li>
<a href="search.php?subject=birth%20control">birth control</a><a href="search.php?subject=birth%20control&amp;subject2=in%20marriages">, in marriages</a><a href="search.php?subject=birth%20control&amp;subject2=in%20marriages&amp;subject3="></a><a href="search.php?subject=birth%20control&amp;subject2=in%20marriages&amp;subject3=&amp;subject4="></a>
</li>
<li>
<a href="search.php?subject=birth%20control">birth control</a><a href="search.php?subject=birth%20control&amp;subject2=international">, international</a><a href="search.php?subject=birth%20control&amp;subject2=international&amp;subject3="></a><a href="search.php?subject=birth%20control&amp;subject2=international&amp;subject3=&amp;subject4="></a>
</li>
<li>
<a href="search.php?subject=birth%20control">birth control</a><a href="search.php?subject=birth%20control&amp;subject2=lack%20of%20knowledge%20of">, lack of knowledge of</a><a href="search.php?subject=birth%20control&amp;subject2=lack%20of%20knowledge%20of&amp;subject3="></a><a href="search.php?subject=birth%20control&amp;subject2=lack%20of%20knowledge%20of&amp;subject3=&amp;subject4="></a>
</li>
<li>
<a href="search.php?subject=birth%20control">birth control</a><a href="search.php?subject=birth%20control&amp;subject2=methods">, methods</a><a href="search.php?subject=birth%20control&amp;subject2=methods&amp;subject3=continence">, continence</a><a href="search.php?subject=birth%20control&amp;subject2=methods&amp;subject3=continence&amp;subject4="></a>
</li>
<li>
<a href="search.php?subject=birth%20control">birth control</a><a href="search.php?subject=birth%20control&amp;subject2=opposition%20to">, opposition to</a><a href="search.php?subject=birth%20control&amp;subject2=opposition%20to&amp;subject3="></a><a href="search.php?subject=birth%20control&amp;subject2=opposition%20to&amp;subject3=&amp;subject4="></a>
</li>
<li>
<a href="search.php?subject=birth%20control">birth control</a><a href="search.php?subject=birth%20control&amp;subject2=religion%20and">, religion and</a><a href="search.php?subject=birth%20control&amp;subject2=religion%20and&amp;subject3="></a><a href="search.php?subject=birth%20control&amp;subject2=religion%20and&amp;subject3=&amp;subject4="></a>
</li>
<li>
<a href="search.php?subject=children">children</a><a href="search.php?subject=children&amp;subject2=unwanted">, unwanted</a><a href="search.php?subject=children&amp;subject2=unwanted&amp;subject3="></a><a href="search.php?subject=children&amp;subject2=unwanted&amp;subject3=&amp;subject4="></a>
</li>
<li>
<a href="search.php?subject=conjugal%20intimacy">conjugal intimacy</a><a href="search.php?subject=conjugal%20intimacy&amp;subject2=the%20right%20of">, the right of</a><a href="search.php?subject=conjugal%20intimacy&amp;subject2=the%20right%20of&amp;subject3="></a><a href="search.php?subject=conjugal%20intimacy&amp;subject2=the%20right%20of&amp;subject3=&amp;subject4="></a>
</li>
<li>
<a href="search.php?subject=family%20planning">family planning</a><a href="search.php?subject=family%20planning&amp;subject2="></a><a href="search.php?subject=family%20planning&amp;subject2=&amp;subject3="></a><a href="search.php?subject=family%20planning&amp;subject2=&amp;subject3=&amp;subject4="></a>
</li>
<li>
<a href="search.php?subject=family%20size">family size</a><a href="search.php?subject=family%20size&amp;subject2=class-based">, class-based</a><a href="search.php?subject=family%20size&amp;subject2=class-based&amp;subject3="></a><a href="search.php?subject=family%20size&amp;subject2=class-based&amp;subject3=&amp;subject4="></a>
</li>
<li>
<a href="search.php?subject=Gandhi,%20Mahatma">Gandhi, Mahatma</a><a href="search.php?subject=Gandhi,%20Mahatma&amp;subject2="></a><a href="search.php?subject=Gandhi,%20Mahatma&amp;subject2=&amp;subject3="></a><a href="search.php?subject=Gandhi,%20Mahatma&amp;subject2=&amp;subject3=&amp;subject4="></a>
</li>
<li>
<a href="search.php?subject=India">India</a><a href="search.php?subject=India&amp;subject2=birth%20control%20in">, birth control in</a><a href="search.php?subject=India&amp;subject2=birth%20control%20in&amp;subject3="></a><a href="search.php?subject=India&amp;subject2=birth%20control%20in&amp;subject3=&amp;subject4="></a>
</li>
<li>
<a href="search.php?subject=love">love</a><a href="search.php?subject=love&amp;subject2=concept%20of">, concept of</a><a href="search.php?subject=love&amp;subject2=concept%20of&amp;subject3="></a><a href="search.php?subject=love&amp;subject2=concept%20of&amp;subject3=&amp;subject4="></a>
</li>
<li>
<a href="search.php?subject=men">men</a><a href="search.php?subject=men&amp;subject2=sexual%20fulfillment%20of">, sexual fulfillment of</a><a href="search.php?subject=men&amp;subject2=sexual%20fulfillment%20of&amp;subject3="></a><a href="search.php?subject=men&amp;subject2=sexual%20fulfillment%20of&amp;subject3=&amp;subject4="></a>
</li>
<li>
<a href="search.php?subject=population">population</a><a href="search.php?subject=population&amp;subject2=birth%20control%20and">, birth control and</a><a href="search.php?subject=population&amp;subject2=birth%20control%20and&amp;subject3="></a><a href="search.php?subject=population&amp;subject2=birth%20control%20and&amp;subject3=&amp;subject4="></a>
</li>
<li>
<a href="search.php?subject=population">population</a><a href="search.php?subject=population&amp;subject2=food%20supply%20and">, food supply and</a><a href="search.php?subject=population&amp;subject2=food%20supply%20and&amp;subject3="></a><a href="search.php?subject=population&amp;subject2=food%20supply%20and&amp;subject3=&amp;subject4="></a>
</li>
<li>
<a href="search.php?subject=poverty">poverty</a><a href="search.php?subject=poverty&amp;subject2=family%20size%20and">, family size and</a><a href="search.php?subject=poverty&amp;subject2=family%20size%20and&amp;subject3="></a><a href="search.php?subject=poverty&amp;subject2=family%20size%20and&amp;subject3=&amp;subject4="></a>
</li>
<li>
<a href="search.php?subject=pregnancy">pregnancy</a><a href="search.php?subject=pregnancy&amp;subject2=fears%20of">, fears of</a><a href="search.php?subject=pregnancy&amp;subject2=fears%20of&amp;subject3="></a><a href="search.php?subject=pregnancy&amp;subject2=fears%20of&amp;subject3=&amp;subject4="></a>
</li>
<li>
<a href="search.php?subject=sexuality">sexuality</a><a href="search.php?subject=sexuality&amp;subject2=women's">, women's</a><a href="search.php?subject=sexuality&amp;subject2=women's&amp;subject3="></a><a href="search.php?subject=sexuality&amp;subject2=women's&amp;subject3=&amp;subject4="></a>
</li>
<li>
<a href="search.php?subject=women">women</a><a href="search.php?subject=women&amp;subject2=reproductive%20choices%20and%20decisions">, reproductive choices and decisions</a><a href="search.php?subject=women&amp;subject2=reproductive%20choices%20and%20decisions&amp;subject3="></a><a href="search.php?subject=women&amp;subject2=reproductive%20choices%20and%20decisions&amp;subject3=&amp;subject4="></a>
</li>
</ul><p>
		 Copyright 2003. Margaret Sanger Project
        </p>
  </div>
</div>
	<div><br /></div>

	<p style="margin-top: 0px; margin-bottom: 0px;">
		<a href="http://www.nyu.edu/projects/sanger/aboutms/" onmouseout="MM_swapImgRestore();" onmouseover="MM_swapImage('sanger_foot_r1_c1','','../images/sanger_foot_r1_c1_f2.gif',1);"><img id="sanger_foot_r1_c1" src="../images/sanger_foot_r1_c1.gif" width="104" height="20" alt="" /></a><a href="http://www.nyu.edu/projects/sanger/documents/electroniced.php" onmouseout="MM_swapImgRestore();" onmouseover="MM_swapImage('sanger_foot_r1_c2','','../images/sanger_foot_r1_c2_f2.gif',1);"><img id="sanger_foot_r1_c2" src="../images/sanger_foot_r1_c2.gif" width="104" height="20" alt="" /></a><a href="search.php" onmouseout="MM_swapImgRestore();" onmouseover="MM_swapImage('sanger_foot_r1_c3','','../images/sanger_foot_r1_c3_f2.gif',1);"><img id="sanger_foot_r1_c3" src="../images/sanger_foot_r1_c3.gif" width="104" height="20" alt="" /></a><a href="http://www.nyu.edu/projects/sanger/" onmouseout="MM_swapImgRestore();" onmouseover="MM_swapImage('sanger_foot_r1_c4','','../images/sanger_foot_r1_c4_f2.gif',1);"><img id="sanger_foot_r1_c4" src="../images/sanger_foot_r1_c4.gif" width="104" height="20" alt="" /></a><a href="http://www.nyu.edu/projects/sanger/contactus/" onmouseout="MM_swapImgRestore();" onmouseover="MM_swapImage('sanger_foot_r1_c5','','../images/sanger_foot_r1_c5_f2.gif',1);"><img id="sanger_foot_r1_c5" src="../images/sanger_foot_r1_c5.gif" width="104" height="20" alt="" /></a><img id="sanger_foot_r1_c6" src="../images/sanger_foot_r1_c6.jpg" width="105" height="20" alt="" />
	</p>
	<p style="margin-bottom: 0px; margin-top: -1px; /*\*/margin-top: -4px;/**/">
		<img src="../images/spacer.gif" width="545" height="1" alt="" /><a href="http://validator.w3.org/check/referer"><img src="../images/xhtml11.gif" alt="valid" /></a>
	</p>
</div> <!-- end of Container --> 
</body>
</html>
