<!DOCTYPE html PUBLIC "-//W3C//DTD XHTML 1.1//EN"
        "http://www.w3.org/TR/xhtml11/DTD/xhtml11.dtd">
<html>
<head>
	<title>The Public Papers of Margaret Sanger: Web Edition</title> 
	<meta http-equiv="content-type" content="text/html charset=ISO-8859-1" />
	<link href="../documents/styles.css" rel="stylesheet" type="text/css" />
<script type="text/javascript" src="../documents/global.js"></script> 
</head>
<body onload="MM_preloadImages('../images/header_r2_c1_f2.gif','../images/header_r2_c2_f2.gif','../images/header_r2_c3_f2.gif','../images/header_r2_c4_f2.gif','../images/header_r2_c5_f2.gif');">
<div id="container" style="width: 626px; margin: 0px auto;"> 
<p style="margin-top: 0px; margin-bottom: 0px;">
	<img id="header_r1_c1" src="../images/header_r1_c1.gif" width="625" height="95" alt="" /><img src="../images/spacer.gif" width="1" height="95" alt="" /> 
</p>
<p style="margin-top: 0px; /*\*/margin-top: -3px;/**/">
	<a href="project.php" onmouseout="MM_swapImgRestore();" onmouseover="MM_swapImage('header_r2_c1','','../images/header_r2_c1_f2.gif',1);"><img id="header_r2_c1" src="../images/header_r2_c1.gif" width="104" height="20" alt="" /></a><a href="edition.php" onmouseout="MM_swapImgRestore();" onmouseover="MM_swapImage('header_r2_c2','','../images/header_r2_c2_f2.gif',1);"><img id="header_r2_c2" src="../images/header_r2_c2.gif" width="104" height="20" alt="" /></a><a href="search.php" onmouseout="MM_swapImgRestore();" onmouseover="MM_swapImage('header_r2_c3','','../images/header_r2_c3_f2.gif',1);"><img id="header_r2_c3" src="../images/header_r2_c3.gif" width="104" height="20" alt="" /></a><a href="http://www.nyu.edu/projects/sanger/" onmouseout="MM_swapImgRestore();" onmouseover="MM_swapImage('header_r2_c4','','../images/header_r2_c4_f2.gif',1);"><img id="header_r2_c4" src="../images/header_r2_c4.gif" width="104" height="20" alt="" /></a><a href="contact.php" onmouseout="MM_swapImgRestore();" onmouseover="MM_swapImage('header_r2_c5','','../images/header_r2_c5_f2.gif',1);"><img id="header_r2_c5" src="../images/header_r2_c5.gif" width="104" height="20" alt="" /></a><img id="header_r2_c6" src="../images/header_r2_c6.jpg" width="105" height="20" alt="" /><img src="../images/spacer.gif" width="1" height="20" alt="" /> 
</p>
<div class="outBox">
<div class="docBox">

<p class="title_heading">Margaret Sanger, "Prudence or Prudery in Sex Matters," 4 Oct 1919.
		</p><p>Published article. Source: 
            <a href="search.php?journal=%22Fairplay%22"><span class="italics">Fairplay</span></a> Oct. 4, 1919
            
	, Library of Congress Microfilm 16:130
        .
		</p><p class="headnote">This is the third article by Sanger in this
            series. For the first article see "Prudence and Purity in Sex
                Matters," <a href="show.php?sangerDoc=302881.xml">Aug. 23, 1919</a> and its conclusion
                "<a href="show.php?sangerDoc=302878.xml">Birth Control Yes or
                No?</a>," Sept. 20, 1919. Remaining articles in this series were written
            by other authors</p><hr>
    
    
    
        <h1>Prudence or Prudery in Sex Matters</h1>
        <p>Before eugenists and others who are laboring for racial betterment can succeed, they must
            first clear the way for Birth Control. Like the advocates of Birth Control, the
            eugenists, for instance, are seeking to assist the race toward the elimination of the
            unfit. Both are seeking a single end but they lay emphasis upon different methods. </p>
        <p>Eugenists emphasize the mating of healthy couples for the conscious purpose of producing
            healthy children, the sterilization of the unfit to prevent their populating the world
            with their kind and they may, perhaps, agree with us that contraception is a necessary
            measure among the masses of the workers, where wages do not keep pace with the growth of
            the family and its necessities in the way of food, clothing, housing, medical attention,
            education and the like.</p>
        <p>We who advocate Birth Control, on the other hand, lay all our emphasis upon stopping not
            only the reproduction of the unfit, but upon stopping all reproduction where there is
            not economic means of providing proper care for those who are born in health. The
            eugenist also believes that a woman should bear as many healthy children as possible as
            a duty to the state. We hold that the world is already over-populated. Eugenists imply
            or insist that a woman's first duty is to the state; we contend that her duty to herself
            is her first duty to the state.</p>
        <p>We maintain that a woman possessing an adequate knowledge of her reproductive functions
            is the best judge of the time and conditions under which her child should be brought
            into the world. We further maintain that it is her right, regardless of all other
            considerations, to determine whether she shall bear children or not, and how many
            children she shall bear if she chooses to become a mother. To this end we insist that
            information in regard to scientific contraceptives be made open to all. We believe that
            if such information is placed within the reach of all, we will have made it possible to
            take the first, greatest step toward racial betterment and that this step, assisted in
            no small measure by the educational propaganda of eugenists and members of similar
            schools, will be take.</p>
        <p>One fundamental fact alone, however, indicates the necessity of Birth Control if eugenics
            is to accomplish its purpose. Unless contraceptives are used, a child is likely to be
            born within a year of the last one. Even when the mother is exceptionally robust this
            frequent child-bearing is a heavy drain upon her system and nine times in ten, it is a
            drain upon the offspring. The mother's system has not had time to replenish itself with
            those elements which have been so radically diminished in bringing the child to birth,
            and of course it has not had time to establish that reserve stock of these same elements
            which are necessary to the strength and well-being of the next child. The mother's
            health is more than likely to be wrecked and the later children are almost sure to fall
            short of that nervous and muscular health which might otherwise have been theirs. Thus
            we hold that the fruits of the most perfect eugenic marriage are likely to be bad health
            in the mother and in the later children, if Birth Control is not utilized for the
            purpose of properly spacing the progeny.</p>
        <p>This principle asserts itself in all of the economic layers of society but its effects
            may be modified to a considerable extent by those women who have the means to provide
            adequate care of themselves during the antenatal period and adequate care of the child
            after it is born. With the great masses of the people, however, such care is either
            exceedingly difficult or impossible. Among the majority of wage-workers, the frequent
            arrival of children means not only the wrecking of the mother's health and the physical
            handicapping of the child, but often the disheartening and demoralization of the father,
            the stunting of the children through bad living conditions and early toil, and in that
            generation or the next, the contributing of morons, feeble-minded, insane and various
            criminal types to the already tremendous social burden constituted by these unfit. </p>
        <p>While I personally believe in the sterilization of the feebleminded, the insane and the
            syphilitic, I have not been able to discover that these measures are more than
            superficial deterrents when applied to the constantly growing stream of the unfit. They
            are excellent means of meeting a certain phase of the situation, but I believe in regard
            to these, as in regard to other eugenic means, that they do not go to the bottom of the
            matter. Neither the mating of healthy couples nor the sterilization of certain
            recognized types of the unfit touches the great problem of unlimited reproduction of
            those whose housing, clothing and food are all inadequate to physical and mental health.
            These measures do not touch those great masses, who through economic pressure populate
            the slums and there produce in their helplessness other helpless, diseased and
            incompetent masses, who overwhelm all that eugenics can do among those whose economic
            condition is better.</p>
        <p>Birth Control, on the other hand, not only opens the way to the eugenist, but it
            preserves his work. Furthermore, it not only prepares the ground in a natural fashion
            for the development of a higher standard of motherhood and of family life, but enables
            the child to be better born, better cared for in infancy and better educated.</p>
        <p>Birth Control of itself, by freeing the reproductive instinct from its present chains,
            will make a better race. A family subsisting upon a certain wage will naturally give
            better care to one or two children upon that wage than it would to four or six or eight
            or ten, and the two children are much less likely to have to go into child labor
            factories and sweat-shops than are the eight or ten. The situation is too plain for
            argument.</p>
        <p>Concrete examples of the eugenic effects of Birth Control are the most convincing
            evidence. In Holland, where Birth Control is
            taught in clinics conducted by nurses specially trained for that purpose, military
            statistics show that the average stature of men has increased four inches in thirty
            years. Ninety per cent. of the men were fit for army service, while in the United States, less than fifty per cent.
            were. </p>
        <p>The fighting qualities of the French poilu, his endurance, and his
            fitness have been the amazement of military authorities in the Great War. The present
            generation of Frenchmen, as everyone knows who remembers the horror with which
            "anti-race suicidists" greeted the French tendency to Birth Control, is the product
            largely of Birth Control methods.</p>
        <p>Eugenics without Birth Control seems to us a house builded upon the sands. It is at the
            mercy of the rising stream of the unfit. It cannot stand against the furious winds of
            economic pressure which have buffeted into partial of total helplessness a tremendous
            proportion of the human race. Only upon a free, self-determining motherhood can rest any
            unshakable structure of racial betterment.</p>
        (To be continued.)
    
<hr><p>
		 	Subject Terms:
		</p><ul>
<li>
<a href="search.php?subject=%5Eunfit%5E%20to%20reproduce">"unfit" to reproduce</a><a href="search.php?subject=%22unfit%22%20to%20reproduce&amp;subject2="></a><a href="search.php?subject=%22unfit%22%20to%20reproduce&amp;subject2=&amp;subject3="></a><a href="search.php?subject=%22unfit%22%20to%20reproduce&amp;subject2=&amp;subject3=&amp;subject4="></a>
</li>
<li>
<a href="search.php?subject=birth%20control">birth control</a><a href="search.php?subject=birth%20control&amp;subject2=health%20benefits%20and%20risks">, health benefits and risks</a><a href="search.php?subject=birth%20control&amp;subject2=health%20benefits%20and%20risks&amp;subject3="></a><a href="search.php?subject=birth%20control&amp;subject2=health%20benefits%20and%20risks&amp;subject3=&amp;subject4="></a>
</li>
<li>
<a href="search.php?subject=eugenics">eugenics</a><a href="search.php?subject=eugenics&amp;subject2=birth%20control%20and">, birth control and</a><a href="search.php?subject=eugenics&amp;subject2=birth%20control%20and&amp;subject3="></a><a href="search.php?subject=eugenics&amp;subject2=birth%20control%20and&amp;subject3=&amp;subject4="></a>
</li>
<li>
<a href="search.php?subject=eugenics">eugenics</a><a href="search.php?subject=eugenics&amp;subject2=MS%20on">, MS on</a><a href="search.php?subject=eugenics&amp;subject2=MS%20on&amp;subject3="></a><a href="search.php?subject=eugenics&amp;subject2=MS%20on&amp;subject3=&amp;subject4="></a>
</li>
<li>
<a href="search.php?subject=sterilization">sterilization</a><a href="search.php?subject=sterilization&amp;subject2=MS%20on">, MS on</a><a href="search.php?subject=sterilization&amp;subject2=MS%20on&amp;subject3="></a><a href="search.php?subject=sterilization&amp;subject2=MS%20on&amp;subject3=&amp;subject4="></a>
</li>
<li>
<a href="search.php?subject=women">women</a><a href="search.php?subject=women&amp;subject2=freedom%20and%20rights%20of">, freedom and rights of</a><a href="search.php?subject=women&amp;subject2=freedom%20and%20rights%20of&amp;subject3="></a><a href="search.php?subject=women&amp;subject2=freedom%20and%20rights%20of&amp;subject3=&amp;subject4="></a>
</li>
<li>
<a href="search.php?subject=women">women</a><a href="search.php?subject=women&amp;subject2=health%20of">, health of</a><a href="search.php?subject=women&amp;subject2=health%20of&amp;subject3="></a><a href="search.php?subject=women&amp;subject2=health%20of&amp;subject3=&amp;subject4="></a>
</li>
<li>
<a href="search.php?subject=women">women</a><a href="search.php?subject=women&amp;subject2=reproductive%20choices%20and%20decisions">, reproductive choices and decisions</a><a href="search.php?subject=women&amp;subject2=reproductive%20choices%20and%20decisions&amp;subject3="></a><a href="search.php?subject=women&amp;subject2=reproductive%20choices%20and%20decisions&amp;subject3=&amp;subject4="></a>
</li>
<li>
<a href="search.php?subject=working%20classes">working classes</a><a href="search.php?subject=working%20classes&amp;subject2=birth%20control%20and">, birth control and</a><a href="search.php?subject=working%20classes&amp;subject2=birth%20control%20and&amp;subject3="></a><a href="search.php?subject=working%20classes&amp;subject2=birth%20control%20and&amp;subject3=&amp;subject4="></a>
</li>
</ul><p>
		 Copyright 2003. Margaret Sanger Project
        </p>
  </div>
</div>
	<div><br /></div>

	<p style="margin-top: 0px; margin-bottom: 0px;">
		<a href="http://www.nyu.edu/projects/sanger/aboutms/" onmouseout="MM_swapImgRestore();" onmouseover="MM_swapImage('sanger_foot_r1_c1','','../images/sanger_foot_r1_c1_f2.gif',1);"><img id="sanger_foot_r1_c1" src="../images/sanger_foot_r1_c1.gif" width="104" height="20" alt="" /></a><a href="http://www.nyu.edu/projects/sanger/documents/electroniced.php" onmouseout="MM_swapImgRestore();" onmouseover="MM_swapImage('sanger_foot_r1_c2','','../images/sanger_foot_r1_c2_f2.gif',1);"><img id="sanger_foot_r1_c2" src="../images/sanger_foot_r1_c2.gif" width="104" height="20" alt="" /></a><a href="search.php" onmouseout="MM_swapImgRestore();" onmouseover="MM_swapImage('sanger_foot_r1_c3','','../images/sanger_foot_r1_c3_f2.gif',1);"><img id="sanger_foot_r1_c3" src="../images/sanger_foot_r1_c3.gif" width="104" height="20" alt="" /></a><a href="http://www.nyu.edu/projects/sanger/" onmouseout="MM_swapImgRestore();" onmouseover="MM_swapImage('sanger_foot_r1_c4','','../images/sanger_foot_r1_c4_f2.gif',1);"><img id="sanger_foot_r1_c4" src="../images/sanger_foot_r1_c4.gif" width="104" height="20" alt="" /></a><a href="http://www.nyu.edu/projects/sanger/contactus/" onmouseout="MM_swapImgRestore();" onmouseover="MM_swapImage('sanger_foot_r1_c5','','../images/sanger_foot_r1_c5_f2.gif',1);"><img id="sanger_foot_r1_c5" src="../images/sanger_foot_r1_c5.gif" width="104" height="20" alt="" /></a><img id="sanger_foot_r1_c6" src="../images/sanger_foot_r1_c6.jpg" width="105" height="20" alt="" />
	</p>
	<p style="margin-bottom: 0px; margin-top: -1px; /*\*/margin-top: -4px;/**/">
		<img src="../images/spacer.gif" width="545" height="1" alt="" /><a href="http://validator.w3.org/check/referer"><img src="../images/xhtml11.gif" alt="valid" /></a>
	</p>
</div> <!-- end of Container --> 
</body>
</html>
