<!DOCTYPE html PUBLIC "-//W3C//DTD XHTML 1.1//EN"
        "http://www.w3.org/TR/xhtml11/DTD/xhtml11.dtd">
<html>
<head>
	<title>The Public Papers of Margaret Sanger: Web Edition</title> 
	<meta http-equiv="content-type" content="text/html charset=ISO-8859-1" />
	<link href="../documents/styles.css" rel="stylesheet" type="text/css" />
<script type="text/javascript" src="../documents/global.js"></script> 
</head>
<body onload="MM_preloadImages('../images/header_r2_c1_f2.gif','../images/header_r2_c2_f2.gif','../images/header_r2_c3_f2.gif','../images/header_r2_c4_f2.gif','../images/header_r2_c5_f2.gif');">
<div id="container" style="width: 626px; margin: 0px auto;"> 
<p style="margin-top: 0px; margin-bottom: 0px;">
	<img id="header_r1_c1" src="../images/header_r1_c1.gif" width="625" height="95" alt="" /><img src="../images/spacer.gif" width="1" height="95" alt="" /> 
</p>
<p style="margin-top: 0px; /*\*/margin-top: -3px;/**/">
	<a href="project.php" onmouseout="MM_swapImgRestore();" onmouseover="MM_swapImage('header_r2_c1','','../images/header_r2_c1_f2.gif',1);"><img id="header_r2_c1" src="../images/header_r2_c1.gif" width="104" height="20" alt="" /></a><a href="edition.php" onmouseout="MM_swapImgRestore();" onmouseover="MM_swapImage('header_r2_c2','','../images/header_r2_c2_f2.gif',1);"><img id="header_r2_c2" src="../images/header_r2_c2.gif" width="104" height="20" alt="" /></a><a href="search.php" onmouseout="MM_swapImgRestore();" onmouseover="MM_swapImage('header_r2_c3','','../images/header_r2_c3_f2.gif',1);"><img id="header_r2_c3" src="../images/header_r2_c3.gif" width="104" height="20" alt="" /></a><a href="http://www.nyu.edu/projects/sanger/" onmouseout="MM_swapImgRestore();" onmouseover="MM_swapImage('header_r2_c4','','../images/header_r2_c4_f2.gif',1);"><img id="header_r2_c4" src="../images/header_r2_c4.gif" width="104" height="20" alt="" /></a><a href="contact.php" onmouseout="MM_swapImgRestore();" onmouseover="MM_swapImage('header_r2_c5','','../images/header_r2_c5_f2.gif',1);"><img id="header_r2_c5" src="../images/header_r2_c5.gif" width="104" height="20" alt="" /></a><img id="header_r2_c6" src="../images/header_r2_c6.jpg" width="105" height="20" alt="" /><img src="../images/spacer.gif" width="1" height="20" alt="" /> 
</p>
<div class="outBox">
<div class="docBox">

<p class="title_heading">Margaret Sanger, "
                
        [<em>Americans are "Headline Thinkers</em>]
    
            ," Jan. 3, 1926.
		</p><p>Speech. Source: 
            Margaret Sanger Papers, Library of Congress
            
	, <span class="italics">LCM</span> 128:356
        .
		</p><p class="headnote"></p><hr>
    
    
    
        <p>"Americans are 'headline thinkers', they do not consider the implications
                of their ideas," Mrs. Sanger said. "They are sentimentally generous; they build
            mild stations for children that never should have been born. The fact that in the last
            year 200,000 babies died in the United States, ninety per cent. on account of poverty
            and neglect, appeals to our sentimental natures, but we do not stop to consider that
            these deaths might easily have been averted.</p>
        <p>"Not even our doctors are permitted to receive information on this subject. Thousands of
            books are burned up annually at the Custom House in New York, books telling of the successful working out of Birth Control
            methods in Holland.</p>
        <p>"Religion, however, plays a less important part in this matter than generally is
            believed. Of those whom we received in our Birth Control clinic in New York last year
            thirty-two per cent. were Roman Catholics and thirty per cent. Hebrews.</p>
        <p>"If a child were given freedom of choice in the matter of his birth he probably would ask
            his parents most embarrassing questions. First he probably would want to see their
            health certificates. Then, if he found that his prospective parents were living in two
            rooms with the eight children already born to them we can well imagine him saying, 'No,
            thank you!'</p>
        <p>"Our Government is getting very particular about those who are admitted to this country
            from other nations. Even their ideas must coincide with those of the reigning powers.
            But the same Government is not at all particular about the imbeciles, diseased and
            deformed children who are born in the United
                States.</p>
        <p>"In this country 20,000,000 of the people belong to the small family group; 85,000,000 to
            the large family group. It is in the latter that nearly all of the disease, delinquency,
            infant mortality and child labor are found. Members of the small family group practice
            birth control. There is no reason for denying this same information to the other and
            larger group.</p>
        <p>"The war demonstrated that our standards of manhood were below even those of Europe and
            we had to reduce those standards. If less than sixty-five per cent. of our men of
            military age were fit to go to war how can we consider them fit for the more serious
            duties of parenthood?</p>
        <p>"The problem, if anything, is more acute in the South, West and far North than it is in
            the tenement districts. In the cities acute cases of suffering can be alleviated while
            in the crowded rural shacks no relief is available. There are no organizations to care
            for unwanted, under nourished, defective children in the great open spaces such as there
            are even in the tenements.</p>
        <p>"In the past population has been limited by war, famine and pestilence. Our organization
            hopes to accomplish the same end by the more humane method of limiting the birth
            rate.</p>
        <p>"Birth Control does not mean no children. It means bringing into the world only such
            children as are wanted by healthy parents. Those who believe that birth control would
            lead to race suicide know nothing of the strength of the parental instinct."</p>
    
<hr><p>
		 	Subject Terms:
		</p><ul>
<li>
<a href="search.php?subject=birth%20control">birth control</a><a href="search.php?subject=birth%20control&amp;subject2=American%20opinion%20on">, American opinion on</a><a href="search.php?subject=birth%20control&amp;subject2=American%20opinion%20on&amp;subject3="></a><a href="search.php?subject=birth%20control&amp;subject2=American%20opinion%20on&amp;subject3=&amp;subject4="></a>
</li>
<li>
<a href="search.php?subject=birth%20control">birth control</a><a href="search.php?subject=birth%20control&amp;subject2=clinics%20and%20leagues">, clinics and leagues</a><a href="search.php?subject=birth%20control&amp;subject2=clinics%20and%20leagues&amp;subject3="></a><a href="search.php?subject=birth%20control&amp;subject2=clinics%20and%20leagues&amp;subject3=&amp;subject4="></a>
</li>
<li>
<a href="search.php?subject=Catholics">Catholics</a><a href="search.php?subject=Catholics&amp;subject2="></a><a href="search.php?subject=Catholics&amp;subject2=&amp;subject3="></a><a href="search.php?subject=Catholics&amp;subject2=&amp;subject3=&amp;subject4="></a>
</li>
<li>
<a href="search.php?subject=family%20size">family size</a><a href="search.php?subject=family%20size&amp;subject2=MS%20on">, MS on</a><a href="search.php?subject=family%20size&amp;subject2=MS%20on&amp;subject3="></a><a href="search.php?subject=family%20size&amp;subject2=MS%20on&amp;subject3=&amp;subject4="></a>
</li>
<li>
<a href="search.php?subject=mortality%20rates">mortality rates</a><a href="search.php?subject=mortality%20rates&amp;subject2=infant">, infant</a><a href="search.php?subject=mortality%20rates&amp;subject2=infant&amp;subject3="></a><a href="search.php?subject=mortality%20rates&amp;subject2=infant&amp;subject3=&amp;subject4="></a>
</li>
<li>
<a href="search.php?subject=poverty">poverty</a><a href="search.php?subject=poverty&amp;subject2="></a><a href="search.php?subject=poverty&amp;subject2=&amp;subject3="></a><a href="search.php?subject=poverty&amp;subject2=&amp;subject3=&amp;subject4="></a>
</li>
<li>
<a href="search.php?subject=racial%20and%20ethnic%20references">racial and ethnic references</a><a href="search.php?subject=racial%20and%20ethnic%20references&amp;subject2=Jews">, Jews</a><a href="search.php?subject=racial%20and%20ethnic%20references&amp;subject2=Jews&amp;subject3="></a><a href="search.php?subject=racial%20and%20ethnic%20references&amp;subject2=Jews&amp;subject3=&amp;subject4="></a>
</li>
</ul><p>
		 Copyright 2003. Margaret Sanger Project
        </p>
  </div>
</div>
	<div><br /></div>

	<p style="margin-top: 0px; margin-bottom: 0px;">
		<a href="http://www.nyu.edu/projects/sanger/aboutms/" onmouseout="MM_swapImgRestore();" onmouseover="MM_swapImage('sanger_foot_r1_c1','','../images/sanger_foot_r1_c1_f2.gif',1);"><img id="sanger_foot_r1_c1" src="../images/sanger_foot_r1_c1.gif" width="104" height="20" alt="" /></a><a href="http://www.nyu.edu/projects/sanger/documents/electroniced.php" onmouseout="MM_swapImgRestore();" onmouseover="MM_swapImage('sanger_foot_r1_c2','','../images/sanger_foot_r1_c2_f2.gif',1);"><img id="sanger_foot_r1_c2" src="../images/sanger_foot_r1_c2.gif" width="104" height="20" alt="" /></a><a href="search.php" onmouseout="MM_swapImgRestore();" onmouseover="MM_swapImage('sanger_foot_r1_c3','','../images/sanger_foot_r1_c3_f2.gif',1);"><img id="sanger_foot_r1_c3" src="../images/sanger_foot_r1_c3.gif" width="104" height="20" alt="" /></a><a href="http://www.nyu.edu/projects/sanger/" onmouseout="MM_swapImgRestore();" onmouseover="MM_swapImage('sanger_foot_r1_c4','','../images/sanger_foot_r1_c4_f2.gif',1);"><img id="sanger_foot_r1_c4" src="../images/sanger_foot_r1_c4.gif" width="104" height="20" alt="" /></a><a href="http://www.nyu.edu/projects/sanger/contactus/" onmouseout="MM_swapImgRestore();" onmouseover="MM_swapImage('sanger_foot_r1_c5','','../images/sanger_foot_r1_c5_f2.gif',1);"><img id="sanger_foot_r1_c5" src="../images/sanger_foot_r1_c5.gif" width="104" height="20" alt="" /></a><img id="sanger_foot_r1_c6" src="../images/sanger_foot_r1_c6.jpg" width="105" height="20" alt="" />
	</p>
	<p style="margin-bottom: 0px; margin-top: -1px; /*\*/margin-top: -4px;/**/">
		<img src="../images/spacer.gif" width="545" height="1" alt="" /><a href="http://validator.w3.org/check/referer"><img src="../images/xhtml11.gif" alt="valid" /></a>
	</p>
</div> <!-- end of Container --> 
</body>
</html>
