<!DOCTYPE html PUBLIC "-//W3C//DTD XHTML 1.1//EN"
        "http://www.w3.org/TR/xhtml11/DTD/xhtml11.dtd">
<html>
<head>
	<title>The Public Papers of Margaret Sanger: Web Edition</title> 
	<meta http-equiv="content-type" content="text/html charset=ISO-8859-1" />
	<link href="../documents/styles.css" rel="stylesheet" type="text/css" />
<script type="text/javascript" src="../documents/global.js"></script> 
</head>
<body onload="MM_preloadImages('../images/header_r2_c1_f2.gif','../images/header_r2_c2_f2.gif','../images/header_r2_c3_f2.gif','../images/header_r2_c4_f2.gif','../images/header_r2_c5_f2.gif');">
<div id="container" style="width: 626px; margin: 0px auto;"> 
<p style="margin-top: 0px; margin-bottom: 0px;">
	<img id="header_r1_c1" src="../images/header_r1_c1.gif" width="625" height="95" alt="" /><img src="../images/spacer.gif" width="1" height="95" alt="" /> 
</p>
<p style="margin-top: 0px; /*\*/margin-top: -3px;/**/">
	<a href="project.php" onmouseout="MM_swapImgRestore();" onmouseover="MM_swapImage('header_r2_c1','','../images/header_r2_c1_f2.gif',1);"><img id="header_r2_c1" src="../images/header_r2_c1.gif" width="104" height="20" alt="" /></a><a href="edition.php" onmouseout="MM_swapImgRestore();" onmouseover="MM_swapImage('header_r2_c2','','../images/header_r2_c2_f2.gif',1);"><img id="header_r2_c2" src="../images/header_r2_c2.gif" width="104" height="20" alt="" /></a><a href="search.php" onmouseout="MM_swapImgRestore();" onmouseover="MM_swapImage('header_r2_c3','','../images/header_r2_c3_f2.gif',1);"><img id="header_r2_c3" src="../images/header_r2_c3.gif" width="104" height="20" alt="" /></a><a href="http://www.nyu.edu/projects/sanger/" onmouseout="MM_swapImgRestore();" onmouseover="MM_swapImage('header_r2_c4','','../images/header_r2_c4_f2.gif',1);"><img id="header_r2_c4" src="../images/header_r2_c4.gif" width="104" height="20" alt="" /></a><a href="contact.php" onmouseout="MM_swapImgRestore();" onmouseover="MM_swapImage('header_r2_c5','','../images/header_r2_c5_f2.gif',1);"><img id="header_r2_c5" src="../images/header_r2_c5.gif" width="104" height="20" alt="" /></a><img id="header_r2_c6" src="../images/header_r2_c6.jpg" width="105" height="20" alt="" /><img src="../images/spacer.gif" width="1" height="20" alt="" /> 
</p>
<div class="outBox">
<div class="docBox">

<p class="title_heading">Margaret Sanger, "How Six Little Children Were Taught The Truth, Part V," 26 Nov. 1911.
		</p><p>Published article. Source: 
            <a href="search.php?journal=%22New%20York%20Call,%22"><span class="italics">New York Call,</span></a> Nov. 26, 1911
        .
		</p><p class="headnote">This is Part 5 of an eight-part series of the same title. For Part 1, see <a href="show.php?sangerDoc=320081.xml">Oct. 19, 1911</a>, for Part 2, see <a href="show.php?sangerDoc=320082.xml">Nov.
                5, 1911</a>, for Part 3 see <a href="show.php?sangerDoc=320083.xml">Nov. 12, 1911</a>, for
            Part 4 see <a href="show.php?sangerDoc=320084.xml">Nov. 19, 1911</a>, for the remainder of Part 5 see
                <a href="show.php?sangerDoc=320086.xml">Dec. 3, 1911</a>, for Part 6 see <a href="show.php?sangerDoc=320087.xml">Dec. 10, 1911.</a>, and for Part 7, see <a href="show.php?sangerDoc=320088.xml">Dec. 17,
                1911.</a>This series was compiled and published as What Every Mother Should
                Know, (New York, 1912).</p><hr>
    
    
    
        <h1>HOW SIX LITTLE CHILDREN WERE TAUGHT THE TRUTH</h1>
        <h3>By MARGARET H. SANGER.</h3>
        <h2>Part V--The Birds and Their Children.</h2>
        <p>The next step to be taken was the study of the birds. And everywhere could be seen father
            and mother birds busy making their house for the babies, which were soon to come to live
            with them.</p>
        <p>Great fun it was to hunt for nests and count the number each one discovered. First, right
            in Bobby's yard was a young horse chestnut tree, and, here in this tree Mr. and Mrs.
            Thrush had already built their nest, or house, and were even now waiting for the first
            egg to come.</p>
        <p>Again the children were told that Mrs. Bird was more active and more intelligent than
            Mrs. Frog or Toad; that altogether she was a HIGHER creature than either the flower, the
            fish or the frog; that all father birds and all father creatures on up the scale of
            development use greater care to fertilize the egg than either Mr. Buttercup, Mr. Fish,
            Mr. Toad, or Mr. Frog. For, instead of fertilizing it in the water, or with the help of
            the insects or wind, the egg of the higher creatures is fertilized while still in the
            mother's body.</p>
        <p>Just like the flowers, Mrs. Bird has an ovary, where the little seeds or eggs are kept.
            This ovary is attached to a tiny tube, and this tube has no separate opening directly
            out of the body, but runs into the intestine very close to the outer opening of the
            body, where the intestines throw off the waste food.</p>
        <p>Now, these little eggs have been within the Mother Bird's body ALWAYS, every since she
            herself came out of the egg, and they have been growing slowly all the time until a time
            comes when, like the stigma of the pistil (which at a certain time is ripe for
            fertilization and becomes moist and sticky), they, too, are ripe for fertilization.</p>
        <p>That this time has arrived is shown by many outward signs--such as beautiful plumage and
            charming songs. Especially in the male bird does this show itself. His whole nature
            seems bubbling over with the joy of life--with the knowledge that at last he, too, has
            developed. For though there are no eggs within his body, there is something else there
            just as important, to the creating of new little birds, and he feels the time has come
            when this fertilizing substance is ready to do its work. His color becomes bright, even
            brilliant, and his voice becomes enchanting. Thus he tells the world of this glorious
            happiness.</p>
        <p>This period is called the mating season--the time when both father and mother birds
            awaken to the desire of building their nest and creating offspring.</p>
        <p>The egg has become as developed as Mrs. Bird alone can make it. For, like the flower
            seed, the fish and frog egg, it needs the fertilizing substance from the father bird to
            complete its development.</p>
        <p>As has been said before, the father bird knows that there are so few eggs that he and
            Mrs. Bird cannot afford to lose even one, so GREAT, VERY GREAT care must be taken to
            fertilize every egg.</p>
        <p>There is an instinct in all creatures implanted there for millions of years to preserve
            or perpetuate their species, and this instinct shows itself when the father creature,
            like the father bird, places himself in such a position that the fertilizing fluid can
            get into the mother's body as near as possible to the undeveloped eggs. And as every
            atom of this substance is alive, it moves on, on and on, until it reaches the egg, where
            it mingles with it and the two different substances have become one. Now after the two
            substances have mingled, the egg passes down the little tube on through the opening out
            of the body into the nest. While it is passing through the tube, however, it accumulates
            a food substance called the "white" of the egg. This is not the LIVING part of the egg,
            but simply food just as the frog eggs were incased in a soft substance, which served as
            food for the tadpole--so in the yolk, or the new baby bird, incased within the "white"
            of the egg.</p>
        <p>At the bottom of the tube, through which the egg passes to its opening, is a living fluid
            which also incases the whole egg and hardens into a shell, and it is then ready to go
            into the little nest.</p>
        <p>After the fertilization takes place the egg is soon ready to be laid, and so the nest
            must be ready, soft and cozy. And this is what Mrs. Thrush was now waiting for in the
            nest she and Mr. Thrush had built in the horse chestnut tree.</p>
        <p>But even this was not all. For, though the eggs were here, the new little birds were not
            yet here. And again it was shown that while the frogs and toads left the eggs in the
            water to care for themselves, Mr. and Mrs. Bird do not and can not do this. The eggs
            must be kept warm almost constantly, and so Mrs. Bird gathers them close to her warm
            body and sits on them day after day, until they are ready to burst the shell open and
            come out -- the real new birds. </p>
        (The Birds--To be Concluded Next Sunday.)
    
<hr><p>
		 	Subject Terms:
		</p><ul>
<li>
<a href="search.php?subject=reproduction">reproduction</a><a href="search.php?subject=reproduction&amp;subject2="></a><a href="search.php?subject=reproduction&amp;subject2=&amp;subject3="></a><a href="search.php?subject=reproduction&amp;subject2=&amp;subject3=&amp;subject4="></a>
</li>
<li>
<a href="search.php?subject=sex%20education">sex education</a><a href="search.php?subject=sex%20education&amp;subject2="></a><a href="search.php?subject=sex%20education&amp;subject2=&amp;subject3="></a><a href="search.php?subject=sex%20education&amp;subject2=&amp;subject3=&amp;subject4="></a>
</li>
</ul><p>
		 Copyright 2003. Margaret Sanger Project
        </p>
  </div>
</div>
	<div><br /></div>

	<p style="margin-top: 0px; margin-bottom: 0px;">
		<a href="http://www.nyu.edu/projects/sanger/aboutms/" onmouseout="MM_swapImgRestore();" onmouseover="MM_swapImage('sanger_foot_r1_c1','','../images/sanger_foot_r1_c1_f2.gif',1);"><img id="sanger_foot_r1_c1" src="../images/sanger_foot_r1_c1.gif" width="104" height="20" alt="" /></a><a href="http://www.nyu.edu/projects/sanger/documents/electroniced.php" onmouseout="MM_swapImgRestore();" onmouseover="MM_swapImage('sanger_foot_r1_c2','','../images/sanger_foot_r1_c2_f2.gif',1);"><img id="sanger_foot_r1_c2" src="../images/sanger_foot_r1_c2.gif" width="104" height="20" alt="" /></a><a href="search.php" onmouseout="MM_swapImgRestore();" onmouseover="MM_swapImage('sanger_foot_r1_c3','','../images/sanger_foot_r1_c3_f2.gif',1);"><img id="sanger_foot_r1_c3" src="../images/sanger_foot_r1_c3.gif" width="104" height="20" alt="" /></a><a href="http://www.nyu.edu/projects/sanger/" onmouseout="MM_swapImgRestore();" onmouseover="MM_swapImage('sanger_foot_r1_c4','','../images/sanger_foot_r1_c4_f2.gif',1);"><img id="sanger_foot_r1_c4" src="../images/sanger_foot_r1_c4.gif" width="104" height="20" alt="" /></a><a href="http://www.nyu.edu/projects/sanger/contactus/" onmouseout="MM_swapImgRestore();" onmouseover="MM_swapImage('sanger_foot_r1_c5','','../images/sanger_foot_r1_c5_f2.gif',1);"><img id="sanger_foot_r1_c5" src="../images/sanger_foot_r1_c5.gif" width="104" height="20" alt="" /></a><img id="sanger_foot_r1_c6" src="../images/sanger_foot_r1_c6.jpg" width="105" height="20" alt="" />
	</p>
	<p style="margin-bottom: 0px; margin-top: -1px; /*\*/margin-top: -4px;/**/">
		<img src="../images/spacer.gif" width="545" height="1" alt="" /><a href="http://validator.w3.org/check/referer"><img src="../images/xhtml11.gif" alt="valid" /></a>
	</p>
</div> <!-- end of Container --> 
</body>
</html>
