<!DOCTYPE html PUBLIC "-//W3C//DTD XHTML 1.1//EN"
        "http://www.w3.org/TR/xhtml11/DTD/xhtml11.dtd">
<html>
<head>
	<title>The Public Papers of Margaret Sanger: Web Edition</title> 
	<meta http-equiv="content-type" content="text/html charset=ISO-8859-1" />
	<link href="../documents/styles.css" rel="stylesheet" type="text/css" />
<script type="text/javascript" src="../documents/global.js"></script> 
</head>
<body onload="MM_preloadImages('../images/header_r2_c1_f2.gif','../images/header_r2_c2_f2.gif','../images/header_r2_c3_f2.gif','../images/header_r2_c4_f2.gif','../images/header_r2_c5_f2.gif');">
<div id="container" style="width: 626px; margin: 0px auto;"> 
<p style="margin-top: 0px; margin-bottom: 0px;">
	<img id="header_r1_c1" src="../images/header_r1_c1.gif" width="625" height="95" alt="" /><img src="../images/spacer.gif" width="1" height="95" alt="" /> 
</p>
<p style="margin-top: 0px; /*\*/margin-top: -3px;/**/">
	<a href="project.php" onmouseout="MM_swapImgRestore();" onmouseover="MM_swapImage('header_r2_c1','','../images/header_r2_c1_f2.gif',1);"><img id="header_r2_c1" src="../images/header_r2_c1.gif" width="104" height="20" alt="" /></a><a href="edition.php" onmouseout="MM_swapImgRestore();" onmouseover="MM_swapImage('header_r2_c2','','../images/header_r2_c2_f2.gif',1);"><img id="header_r2_c2" src="../images/header_r2_c2.gif" width="104" height="20" alt="" /></a><a href="search.php" onmouseout="MM_swapImgRestore();" onmouseover="MM_swapImage('header_r2_c3','','../images/header_r2_c3_f2.gif',1);"><img id="header_r2_c3" src="../images/header_r2_c3.gif" width="104" height="20" alt="" /></a><a href="http://www.nyu.edu/projects/sanger/" onmouseout="MM_swapImgRestore();" onmouseover="MM_swapImage('header_r2_c4','','../images/header_r2_c4_f2.gif',1);"><img id="header_r2_c4" src="../images/header_r2_c4.gif" width="104" height="20" alt="" /></a><a href="contact.php" onmouseout="MM_swapImgRestore();" onmouseover="MM_swapImage('header_r2_c5','','../images/header_r2_c5_f2.gif',1);"><img id="header_r2_c5" src="../images/header_r2_c5.gif" width="104" height="20" alt="" /></a><img id="header_r2_c6" src="../images/header_r2_c6.jpg" width="105" height="20" alt="" /><img src="../images/spacer.gif" width="1" height="20" alt="" /> 
</p>
<div class="outBox">
<div class="docBox">

<p class="title_heading">Margaret Sanger, "Asia Discovers Birth Control," 
        [<em>Jul 1956</em>]
    .
		</p><p>Published Article. Source: 
            <a href="search.php?journal=%22Reader's%20Digest%22"><span class="italics">Reader's Digest</span></a>, July 1956, pp. 36-38.
            
	, <span class="italics">Margaret Sanger Microfilm</span> C16:490
        .
		</p><p class="headnote">For draft version, see Library of Congress Microfilm 128:344.</p><hr>
    
    
    
        <h1>Asia Discovers Birth Control </h1>
        <h3>by Margaret Sanger</h3>
        <p>When, in 1922, I lectured in Japan as a guest of the Kaizo publishing house, the Imperial
                Government forbade me to advocate birth control publicly. To do so was a
            violation of the Dangerous Thoughts Law. But 32 years later,
            in 1954, I was invited to address the upper Upper House Welfare Committee on
            efficient methods of combating overpopulation, and last year the Fifth
                Conference of the International Planned Parenthood Federation was
            held in Tokyo. As president of the Federation, I was
            presented to the Emperor as a benefactor of
            humanity!</p>
        <p>These personal experiences show how Japan has faced up to the challenge of
            overpopulation. And there is encouraging evidence of similar concern in the rest of
                Asia, where more than half of the human race is crowded upon about
            one sixth of its land area and the yearly increase is about 34 million. Dr. E. Stuart Kirby of Hong Kong
                University, an authority on the demography of the Eastern Hemisphere, has
            said: &#8220;The P-bomb (population bomb) is a greater threat to the world than
                is the A-bomb or the H-bomb.&#8221;</p>
        <p>In 1922 the population of Japan was estimated at 61 million. By 1945, despite the war, it
            had grown to 72 million, and today it is estimated at 89 million. So desperate had the
            population problem become by 1948 that a Eugenic Protection
                Law was enacted, permitting the termination of any pregnancy which could &#8220;seriously injure the health of the mother owing to physical or economic
                conditions.&#8221; As a result, the Ministry of Health
                and Welfare estimates that there are now over one million abortions a
            year--about one induced abortion for every live birth.</p>
        <p>I have always condemned abortion as dangerous and inhuman. But what better method could I
            offer to curb overpopulation, Japanese officials asked me in 1954. I replied that Japan
            could train its 20,000 midwives to instruct married couples in practical and hygienic
            methods of contraception; for this service they should receive the same compensation as
            they do to deliver an infant. With this group as the nucleus for a policy of sex
            education, I pointed out. Japan in a generation or two might well lead the world in
            creating a fit population based upon parenthood by choice and not by chance.</p>
        <p>Apparently this advice was not without influence. Shortly thereafter the advisory council
            on population problems of the Ministry of Health and Welfare made a series of
            recommendations to the government. Among other things it proposed that the official
            health services provide birth-control facilities: that medical schools include family
            planning in their curriculum; that doctors be called upon to induce an abortion be
            required to give the woman information about birth control for the future; and that
            national wage and taxation policies should avoid &#8220;encouraging large families.&#8221;</p>
        <p>Gradually but surely the abhorrent abortion policy will thus be replaced by hygienic
            contraceptive techniques. The trend will meet with little opposition, since almost no
            Japanese religious groups are opposed to birth control.</p>
        <p>In China and India the situation is also acute. China&#8217;s
            population of some 600 million exceeds that of Europe (including European
                Russia), Africa,
                Australia and a large section of the Western
                Hemisphere put together. Though not officially proclaimed, the importance of
            birth control is recognized even in communist China. Instructions on contraceptive
            methods are today being published in the Communist press.</p>
        <p>India, whose population grows by five million annually; has assumed a position of world
            leadership in the movement for planned parenthood. Its five-year plan of 1951 included
            provisions for the reduction of the rate of population growth through contraception.
            Under the plan, family limitation has now become an integral part of the government
            health services, with eight million dollars currently allocated to the work. More than
            165 clinics or family planning centers have already been started, in addition to several
            hundred centers under army auspices. The Health Minister, Rajkumari Amrit Kaur, is supporting
            family-planning work wholeheartedly, and has agreed to supply contraceptives free to the
            poor.</p>
        <p>India is also engaged in ambitious efforts to increase food production to meet the needs
            of its growing population. But there as elsewhere such efforts will be doomed to failure
            unless there is population control.</p>
        <p>Already one half of the inhabitants of our planet subsist on a woefully inadequate diet.
            To insure bare adequacy, available foodstuffs would have to be increased 25 percent.
            Recently a population expert asserted that "efforts to increase the
                production of food cannot alone suffice to achieve any steady or rapid rise in
                nutrition levels. A firm control of the number of births is indisputably
                necessary.&#8221;</p>
        <p>It seems unbelievable that in an age when we have harnessed the atom we still have not
            perfected a simple method for the control of human fertility. But research now under way
            in many parts of the world will surely result in important discoveries. These may
            provide the menas not only of curbing the quantity of the world&#8217;s population but of
            changing its quality to give an upward and onward lift to human dignity and freedom.</p>
        <p>It may be the East, which has most to gain from such a development, will lead the
            way.</p>
    
<hr><p>
		 	Subject Terms:
		</p><ul>
<li>
<a href="search.php?subject=abortion">abortion</a><a href="search.php?subject=abortion&amp;subject2=MS%20on">, MS on</a><a href="search.php?subject=abortion&amp;subject2=MS%20on&amp;subject3="></a><a href="search.php?subject=abortion&amp;subject2=MS%20on&amp;subject3=&amp;subject4="></a>
</li>
<li>
<a href="search.php?subject=Asia">Asia</a><a href="search.php?subject=Asia&amp;subject2=birth%20control%20in">, birth control in</a><a href="search.php?subject=Asia&amp;subject2=birth%20control%20in&amp;subject3="></a><a href="search.php?subject=Asia&amp;subject2=birth%20control%20in&amp;subject3=&amp;subject4="></a>
</li>
<li>
<a href="search.php?subject=Asia">Asia</a><a href="search.php?subject=Asia&amp;subject2=overpopulation%20in">, overpopulation in</a><a href="search.php?subject=Asia&amp;subject2=overpopulation%20in&amp;subject3="></a><a href="search.php?subject=Asia&amp;subject2=overpopulation%20in&amp;subject3=&amp;subject4="></a>
</li>
<li>
<a href="search.php?subject=China">China</a><a href="search.php?subject=China&amp;subject2=birth%20control%20in">, birth control in</a><a href="search.php?subject=China&amp;subject2=birth%20control%20in&amp;subject3="></a><a href="search.php?subject=China&amp;subject2=birth%20control%20in&amp;subject3=&amp;subject4="></a>
</li>
<li>
<a href="search.php?subject=China">China</a><a href="search.php?subject=China&amp;subject2=overpopulation%20and">, overpopulation and</a><a href="search.php?subject=China&amp;subject2=overpopulation%20and&amp;subject3="></a><a href="search.php?subject=China&amp;subject2=overpopulation%20and&amp;subject3=&amp;subject4="></a>
</li>
<li>
<a href="search.php?subject=China">China</a><a href="search.php?subject=China&amp;subject2=population%20policies%20of">, population policies of</a><a href="search.php?subject=China&amp;subject2=population%20policies%20of&amp;subject3="></a><a href="search.php?subject=China&amp;subject2=population%20policies%20of&amp;subject3=&amp;subject4="></a>
</li>
<li>
<a href="search.php?subject=food%20supply">food supply</a><a href="search.php?subject=food%20supply&amp;subject2="></a><a href="search.php?subject=food%20supply&amp;subject2=&amp;subject3="></a><a href="search.php?subject=food%20supply&amp;subject2=&amp;subject3=&amp;subject4="></a>
</li>
<li>
<a href="search.php?subject=India">India</a><a href="search.php?subject=India&amp;subject2=birth%20control%20in">, birth control in</a><a href="search.php?subject=India&amp;subject2=birth%20control%20in&amp;subject3="></a><a href="search.php?subject=India&amp;subject2=birth%20control%20in&amp;subject3=&amp;subject4="></a>
</li>
<li>
<a href="search.php?subject=India">India</a><a href="search.php?subject=India&amp;subject2=overpopulation%20in">, overpopulation in</a><a href="search.php?subject=India&amp;subject2=overpopulation%20in&amp;subject3="></a><a href="search.php?subject=India&amp;subject2=overpopulation%20in&amp;subject3=&amp;subject4="></a>
</li>
<li>
<a href="search.php?subject=India">India</a><a href="search.php?subject=India&amp;subject2=population%20policies%20of">, population policies of</a><a href="search.php?subject=India&amp;subject2=population%20policies%20of&amp;subject3="></a><a href="search.php?subject=India&amp;subject2=population%20policies%20of&amp;subject3=&amp;subject4="></a>
</li>
<li>
<a href="search.php?subject=Japan">Japan</a><a href="search.php?subject=Japan&amp;subject2=birth%20control%20in">, birth control in</a><a href="search.php?subject=Japan&amp;subject2=birth%20control%20in&amp;subject3="></a><a href="search.php?subject=Japan&amp;subject2=birth%20control%20in&amp;subject3=&amp;subject4="></a>
</li>
<li>
<a href="search.php?subject=Japan">Japan</a><a href="search.php?subject=Japan&amp;subject2=overpopulation%20and">, overpopulation and</a><a href="search.php?subject=Japan&amp;subject2=overpopulation%20and&amp;subject3="></a><a href="search.php?subject=Japan&amp;subject2=overpopulation%20and&amp;subject3=&amp;subject4="></a>
</li>
<li>
<a href="search.php?subject=Japan">Japan</a><a href="search.php?subject=Japan&amp;subject2=population%20policies%20of">, population policies of</a><a href="search.php?subject=Japan&amp;subject2=population%20policies%20of&amp;subject3="></a><a href="search.php?subject=Japan&amp;subject2=population%20policies%20of&amp;subject3=&amp;subject4="></a>
</li>
<li>
<a href="search.php?subject=Sanger,%20Margaret">Sanger, Margaret</a><a href="search.php?subject=Sanger,%20Margaret&amp;subject2=speaking%20tours">, speaking tours</a><a href="search.php?subject=Sanger,%20Margaret&amp;subject2=speaking%20tours&amp;subject3=1922%20(Japan)">, 1922 (Japan)</a><a href="search.php?subject=Sanger,%20Margaret&amp;subject2=speaking%20tours&amp;subject3=1922%20(Japan)&amp;subject4="></a>
</li>
<li>
<a href="search.php?subject=Sanger,%20Margaret">Sanger, Margaret</a><a href="search.php?subject=Sanger,%20Margaret&amp;subject2=speaking%20tours">, speaking tours</a><a href="search.php?subject=Sanger,%20Margaret&amp;subject2=speaking%20tours&amp;subject3=1954%20(Japan)">, 1954 (Japan)</a><a href="search.php?subject=Sanger,%20Margaret&amp;subject2=speaking%20tours&amp;subject3=1954%20(Japan)&amp;subject4="></a>
</li>
</ul><p>
		 Copyright 2003. Margaret Sanger Project
        </p>
  </div>
</div>
	<div><br /></div>

	<p style="margin-top: 0px; margin-bottom: 0px;">
		<a href="http://www.nyu.edu/projects/sanger/aboutms/" onmouseout="MM_swapImgRestore();" onmouseover="MM_swapImage('sanger_foot_r1_c1','','../images/sanger_foot_r1_c1_f2.gif',1);"><img id="sanger_foot_r1_c1" src="../images/sanger_foot_r1_c1.gif" width="104" height="20" alt="" /></a><a href="http://www.nyu.edu/projects/sanger/documents/electroniced.php" onmouseout="MM_swapImgRestore();" onmouseover="MM_swapImage('sanger_foot_r1_c2','','../images/sanger_foot_r1_c2_f2.gif',1);"><img id="sanger_foot_r1_c2" src="../images/sanger_foot_r1_c2.gif" width="104" height="20" alt="" /></a><a href="search.php" onmouseout="MM_swapImgRestore();" onmouseover="MM_swapImage('sanger_foot_r1_c3','','../images/sanger_foot_r1_c3_f2.gif',1);"><img id="sanger_foot_r1_c3" src="../images/sanger_foot_r1_c3.gif" width="104" height="20" alt="" /></a><a href="http://www.nyu.edu/projects/sanger/" onmouseout="MM_swapImgRestore();" onmouseover="MM_swapImage('sanger_foot_r1_c4','','../images/sanger_foot_r1_c4_f2.gif',1);"><img id="sanger_foot_r1_c4" src="../images/sanger_foot_r1_c4.gif" width="104" height="20" alt="" /></a><a href="http://www.nyu.edu/projects/sanger/contactus/" onmouseout="MM_swapImgRestore();" onmouseover="MM_swapImage('sanger_foot_r1_c5','','../images/sanger_foot_r1_c5_f2.gif',1);"><img id="sanger_foot_r1_c5" src="../images/sanger_foot_r1_c5.gif" width="104" height="20" alt="" /></a><img id="sanger_foot_r1_c6" src="../images/sanger_foot_r1_c6.jpg" width="105" height="20" alt="" />
	</p>
	<p style="margin-bottom: 0px; margin-top: -1px; /*\*/margin-top: -4px;/**/">
		<img src="../images/spacer.gif" width="545" height="1" alt="" /><a href="http://validator.w3.org/check/referer"><img src="../images/xhtml11.gif" alt="valid" /></a>
	</p>
</div> <!-- end of Container --> 
</body>
</html>
