<!DOCTYPE html PUBLIC "-//W3C//DTD XHTML 1.1//EN"
        "http://www.w3.org/TR/xhtml11/DTD/xhtml11.dtd">
<html>
<head>
	<title>The Public Papers of Margaret Sanger: Web Edition</title> 
	<meta http-equiv="content-type" content="text/html charset=ISO-8859-1" />
	<link href="../documents/styles.css" rel="stylesheet" type="text/css" />
<script type="text/javascript" src="../documents/global.js"></script> 
</head>
<body onload="MM_preloadImages('../images/header_r2_c1_f2.gif','../images/header_r2_c2_f2.gif','../images/header_r2_c3_f2.gif','../images/header_r2_c4_f2.gif','../images/header_r2_c5_f2.gif');">
<div id="container" style="width: 626px; margin: 0px auto;"> 
<p style="margin-top: 0px; margin-bottom: 0px;">
	<img id="header_r1_c1" src="../images/header_r1_c1.gif" width="625" height="95" alt="" /><img src="../images/spacer.gif" width="1" height="95" alt="" /> 
</p>
<p style="margin-top: 0px; /*\*/margin-top: -3px;/**/">
	<a href="project.php" onmouseout="MM_swapImgRestore();" onmouseover="MM_swapImage('header_r2_c1','','../images/header_r2_c1_f2.gif',1);"><img id="header_r2_c1" src="../images/header_r2_c1.gif" width="104" height="20" alt="" /></a><a href="edition.php" onmouseout="MM_swapImgRestore();" onmouseover="MM_swapImage('header_r2_c2','','../images/header_r2_c2_f2.gif',1);"><img id="header_r2_c2" src="../images/header_r2_c2.gif" width="104" height="20" alt="" /></a><a href="search.php" onmouseout="MM_swapImgRestore();" onmouseover="MM_swapImage('header_r2_c3','','../images/header_r2_c3_f2.gif',1);"><img id="header_r2_c3" src="../images/header_r2_c3.gif" width="104" height="20" alt="" /></a><a href="http://www.nyu.edu/projects/sanger/" onmouseout="MM_swapImgRestore();" onmouseover="MM_swapImage('header_r2_c4','','../images/header_r2_c4_f2.gif',1);"><img id="header_r2_c4" src="../images/header_r2_c4.gif" width="104" height="20" alt="" /></a><a href="contact.php" onmouseout="MM_swapImgRestore();" onmouseover="MM_swapImage('header_r2_c5','','../images/header_r2_c5_f2.gif',1);"><img id="header_r2_c5" src="../images/header_r2_c5.gif" width="104" height="20" alt="" /></a><img id="header_r2_c6" src="../images/header_r2_c6.jpg" width="105" height="20" alt="" /><img src="../images/spacer.gif" width="1" height="20" alt="" /> 
</p>
<div class="outBox">
<div class="docBox">

<p class="title_heading">Margaret Sanger, "A Question of Privilege," Oct 1949.
		</p><p>Published Article. Source: 
            <a href="search.php?journal=%22Women%20United%22"><span class="italics">Women United</span></a>, Oct. 1949, pp. 6-8.
        .
		</p><p class="headnote">For a draft version see MSM S72:585.</p><hr>
    
    
    
        <h1>A Question of Privilege</h1>
        <h3>By Margaret Sanger</h3>
        <p>Philosophers have often commented on the fact that mankind seems to be so constituted
            that we destroy those things which we most cherish. Certainly it is true of the ideal of
            parenthood. Hardly anyone would deny that the bringing of new life into the world and
            rearing it to maturity is one of the most satisfying and uplifting of human experiences.
            Yet innumerable tragedies, incalculable misery have been inflicted upon men, women and
            the children themselves in the name of parenthood.</p>
        
            <h2>Attitudes and the Family</h2>
            <p>Much of the unhappiness stems from two attitudes toward the family. One is that
                children are a right and a duty. The other is that they are sent by a fate against
                which it is useless to struggle. Actually, of course, children are a privilege and a
                responsibility.</p>
            <p>It is only when we appreciate this fact that the basis of sound, healthy family life
                can be paid. It is the basis on which the Planned Parenthood movement
                is founded. When it first began more than a generation ago as a crusade for birth
                control, it was because we who were in the forefront of that early fighting realized
                that parenthood was a privilege that should be granted with complete equality.</p>
        
        
            <h1 class="subhead">A Plan for All</h1>
            <p>In those days--and still today, although perhaps on a somewhat lesser scale--it was a
                privilege for the well-to-do and the well educated. For the privilege of having
                children carries with it the meaning that the children are wanted by their parents,
                planned for and cared for. Wives and mothers with access to the best medical help
                were able to exercise this privilege. But this was not true of their poorer and less
                fortunate sisters.</p>
            <p>The birth control movement was an effort to extend this privilege to all. Since my
                    sister and I founded our first clinic in a Brooklyn slum in 1916, the idea has spread until now there are more
                than 500 clinics, and many of them are maintained by public health services.</p>
        
        
            <h2>Tragic Statistics</h2>
            <p>But we are far from having achieved real equality. It remains true that information
                about and access to birth control methods is denied to whole segments of our society
                to whom it is more important. We have only to look at the maternal and infant death
                rates of Negro mothers and babies in this country to see that this is true.</p>
            <p>The death rate of Negro mothers is three times as high as that of whites. The
                stillbirth ratio is twice as high among Negroes. Nor are Negroes the only
                underprivileged people in our society. In Puerto Rico, the maternal
                death rate is nearly twice that of the continental United States, the
                infant death rate more than double.</p>
        
        
            <h2>Not Birth Control Alone...</h2>
            <p>Birth control, of course, is not the sole reason. The fact that on the average
                Negroes have less access to hospitalization and medical care in childbirth plays its
                part. But countless studies have shown that mothers die in childbirth because they
                have a pregnancy when their health is undermined, and would not die if they had been
                able to practice birth control until their health is restored. The studies show that
                the stillbirth rate rises with fantastic speed after a fourth child so that it is in
                these large families that we so often hear: &#8220;Eleven babies, but four of them born
                dead.&#8221;</p>
            <p>The knowledge and privilege of voluntary parenthood is denied these mothers, along
                with a great many other privileges that command more attention publicly but are of
                far less real importance to the families themselves. But it is not enough to deplore
                the situation and condemn the blindness, folly and downright evil that has brought
                it about. The real answer to the problem is to do something about it.</p>
        
        
            <h1 class="subhead">What To Do About It</h1>
            <p>Everyone, especially through organizations, churches, clubs, can help. Here, for
                example, is the kind of a program that should be established in every community:</p>
            <p>1. <span class="italics">Control of conception</span> as an essential feature of
                maternal and child health should be part of every public health clinic and every
                hospital that has a delivery room. Such services will be established only when the
                public, the mothers and the fathers, the organizations and the people generally
                demand it. The basic battles have been won; the United States Public Health
                    Service now gives State requests for funds to establish conception control
                programs the same consideration as any other health need.</p>
            <p>2. <span class="italics">Civic minded groups</span> of every community should include
                in their programs the education of their members and the public in the importance of
                birth control to the family, to the nation and to the world. Through them we would
                win not only education for those who need it now but the next generation would grow
                up better prepared for the responsibilities and the joys of marriage and parenthood.
                Preparation for family life begins in the cradle. The home, the school and the
                church all have a share in developing the individual&#8217;s attitude toward marriage.
                When the preparation is well done, we have young couples who are keenly aware of
                their duties as well as their privileges.</p>
            <p>3. <span class="italics">Medical and nursing professions</span>, social workers,
                welfare departments should give their workers training in the basic facts of Planned
                Parenthood. Through the doctors, the public health workers and the others, we can
                achieve a far better service to the married couples of the community and a better
                understanding of parenthood.</p>
            <p>4. <span class="italics">Intelligent and generous support</span> of research of this
                field is needed. Unfortunately, the physiology and the psychology of human
                procreation are almost unexplored territory. We know a great deal more about the
                facts of reproduction in race horses and white mice, hybrid corn and orchids than we
                do about ourselves. William Vogt, in this
                brilliant book &#8220;The Road to Survival&#8221; says that the discovery of a
                completely reliable, simple and inexpensive contraceptive is as important as atomic
                energy and would be well wroth the two billion dollars spent to develop the atom
                bomb. This is almost as true within our own country as it is of the world at large.
                The international problem of population is more acute than that of the United
                States. But it is a question of degree. Furthermore, our own country can hardly be
                either safe or prosperous for very long in a world where population in most places
                has outstripped the resources to support that population. Yet, while there are
                peoples who need this ideal contraceptive more than we do, that does not minimize
                the importance of it to those millions of our own who are in the same family
                predicament as the Chinese or the Indians.</p>
        
        
            <h2>Experience and Observations</h2>
            <p>In seeking to put such a program into effect, the individual and the group can do
                more than they think, when they first measure their own puny strength against the
                magnitude of the problem. Furthermore, there is no civic progress to which women&#8217;s
                organizations can contribute with more satisfaction to themselves or benefit to
                their fellows. From my own experience and observations of the long fight for birth
                control and family happiness, I have reached these conclusions:</p>
            <p>Parents should avoid having children if either parent has a transmissible disease
                because no mother or father wants to see their children helpless, devoid of physical
                or mental development.</p>
            <p>Every child should be spaced from two to three years to insure the living child
                nourishment, care, love and a place in the affection of its parents, before another
                comes to take from it, its natural inheritance.</p>
            <p>Young people should marry early but postpone parenthood for two years after marriage
                to secure a firm foundation of love and companionship in marriage before they usher
                a new life into being to share that environment.</p>
            <p>Fewer children, better healthier children in any family helps to establish higher
                standards and bring peace on earth, good will to men over the entire face of the
                globe.</p>
        


    
<hr><p>
		 	Subject Terms:
		</p><ul>
<li>
<a href="search.php?subject=African-Americans">African-Americans</a><a href="search.php?subject=African-Americans&amp;subject2=infant%20mortality%20rates%20among">, infant mortality rates among</a><a href="search.php?subject=African-Americans&amp;subject2=infant%20mortality%20rates%20among&amp;subject3="></a><a href="search.php?subject=African-Americans&amp;subject2=infant%20mortality%20rates%20among&amp;subject3=&amp;subject4="></a>
</li>
<li>
<a href="search.php?subject=African-Americans">African-Americans</a><a href="search.php?subject=African-Americans&amp;subject2=maternal%20mortality%20rates%20among">, maternal mortality rates among</a><a href="search.php?subject=African-Americans&amp;subject2=maternal%20mortality%20rates%20among&amp;subject3="></a><a href="search.php?subject=African-Americans&amp;subject2=maternal%20mortality%20rates%20among&amp;subject3=&amp;subject4="></a>
</li>
<li>
<a href="search.php?subject=birth%20control">birth control</a><a href="search.php?subject=birth%20control&amp;subject2=access%20to">, access to</a><a href="search.php?subject=birth%20control&amp;subject2=access%20to&amp;subject3="></a><a href="search.php?subject=birth%20control&amp;subject2=access%20to&amp;subject3=&amp;subject4="></a>
</li>
<li>
<a href="search.php?subject=birth%20control">birth control</a><a href="search.php?subject=birth%20control&amp;subject2=movement">, movement</a><a href="search.php?subject=birth%20control&amp;subject2=movement&amp;subject3=MS%20on">, MS on</a><a href="search.php?subject=birth%20control&amp;subject2=movement&amp;subject3=MS%20on&amp;subject4="></a>
</li>
<li>
<a href="search.php?subject=Brownsville%20Clinic">Brownsville Clinic</a><a href="search.php?subject=Brownsville%20Clinic&amp;subject2="></a><a href="search.php?subject=Brownsville%20Clinic&amp;subject2=&amp;subject3="></a><a href="search.php?subject=Brownsville%20Clinic&amp;subject2=&amp;subject3=&amp;subject4="></a>
</li>
<li>
<a href="search.php?subject=family%20planning">family planning</a><a href="search.php?subject=family%20planning&amp;subject2="></a><a href="search.php?subject=family%20planning&amp;subject2=&amp;subject3="></a><a href="search.php?subject=family%20planning&amp;subject2=&amp;subject3=&amp;subject4="></a>
</li>
<li>
<a href="search.php?subject=parenthood">parenthood</a><a href="search.php?subject=parenthood&amp;subject2="></a><a href="search.php?subject=parenthood&amp;subject2=&amp;subject3="></a><a href="search.php?subject=parenthood&amp;subject2=&amp;subject3=&amp;subject4="></a>
</li>
<li>
<a href="search.php?subject=population%20growth">population growth</a><a href="search.php?subject=population%20growth&amp;subject2=natural%20resources%20and">, natural resources and</a><a href="search.php?subject=population%20growth&amp;subject2=natural%20resources%20and&amp;subject3="></a><a href="search.php?subject=population%20growth&amp;subject2=natural%20resources%20and&amp;subject3=&amp;subject4="></a>
</li>
<li>
<a href="search.php?subject=public%20health">public health</a><a href="search.php?subject=public%20health&amp;subject2=birth%20control%20and">, birth control and</a><a href="search.php?subject=public%20health&amp;subject2=birth%20control%20and&amp;subject3="></a><a href="search.php?subject=public%20health&amp;subject2=birth%20control%20and&amp;subject3=&amp;subject4="></a>
</li>
<li>
<a href="search.php?subject=Puerto%20Rico">Puerto Rico</a><a href="search.php?subject=Puerto%20Rico&amp;subject2=maternal%20mortality%20rates%20in">, maternal mortality rates in</a><a href="search.php?subject=Puerto%20Rico&amp;subject2=maternal%20mortality%20rates%20in&amp;subject3="></a><a href="search.php?subject=Puerto%20Rico&amp;subject2=maternal%20mortality%20rates%20in&amp;subject3=&amp;subject4="></a>
</li>
</ul><p>
		 Copyright 2003. Margaret Sanger Project
        </p>
  </div>
</div>
	<div><br /></div>

	<p style="margin-top: 0px; margin-bottom: 0px;">
		<a href="http://www.nyu.edu/projects/sanger/aboutms/" onmouseout="MM_swapImgRestore();" onmouseover="MM_swapImage('sanger_foot_r1_c1','','../images/sanger_foot_r1_c1_f2.gif',1);"><img id="sanger_foot_r1_c1" src="../images/sanger_foot_r1_c1.gif" width="104" height="20" alt="" /></a><a href="http://www.nyu.edu/projects/sanger/documents/electroniced.php" onmouseout="MM_swapImgRestore();" onmouseover="MM_swapImage('sanger_foot_r1_c2','','../images/sanger_foot_r1_c2_f2.gif',1);"><img id="sanger_foot_r1_c2" src="../images/sanger_foot_r1_c2.gif" width="104" height="20" alt="" /></a><a href="search.php" onmouseout="MM_swapImgRestore();" onmouseover="MM_swapImage('sanger_foot_r1_c3','','../images/sanger_foot_r1_c3_f2.gif',1);"><img id="sanger_foot_r1_c3" src="../images/sanger_foot_r1_c3.gif" width="104" height="20" alt="" /></a><a href="http://www.nyu.edu/projects/sanger/" onmouseout="MM_swapImgRestore();" onmouseover="MM_swapImage('sanger_foot_r1_c4','','../images/sanger_foot_r1_c4_f2.gif',1);"><img id="sanger_foot_r1_c4" src="../images/sanger_foot_r1_c4.gif" width="104" height="20" alt="" /></a><a href="http://www.nyu.edu/projects/sanger/contactus/" onmouseout="MM_swapImgRestore();" onmouseover="MM_swapImage('sanger_foot_r1_c5','','../images/sanger_foot_r1_c5_f2.gif',1);"><img id="sanger_foot_r1_c5" src="../images/sanger_foot_r1_c5.gif" width="104" height="20" alt="" /></a><img id="sanger_foot_r1_c6" src="../images/sanger_foot_r1_c6.jpg" width="105" height="20" alt="" />
	</p>
	<p style="margin-bottom: 0px; margin-top: -1px; /*\*/margin-top: -4px;/**/">
		<img src="../images/spacer.gif" width="545" height="1" alt="" /><a href="http://validator.w3.org/check/referer"><img src="../images/xhtml11.gif" alt="valid" /></a>
	</p>
</div> <!-- end of Container --> 
</body>
</html>
