<!DOCTYPE html PUBLIC "-//W3C//DTD XHTML 1.1//EN"
        "http://www.w3.org/TR/xhtml11/DTD/xhtml11.dtd">
<html>
<head>
	<title>The Public Papers of Margaret Sanger: Web Edition</title> 
	<meta http-equiv="content-type" content="text/html charset=ISO-8859-1" />
	<link href="../documents/styles.css" rel="stylesheet" type="text/css" />
<script type="text/javascript" src="../documents/global.js"></script> 
</head>
<body onload="MM_preloadImages('../images/header_r2_c1_f2.gif','../images/header_r2_c2_f2.gif','../images/header_r2_c3_f2.gif','../images/header_r2_c4_f2.gif','../images/header_r2_c5_f2.gif');">
<div id="container" style="width: 626px; margin: 0px auto;"> 
<p style="margin-top: 0px; margin-bottom: 0px;">
	<img id="header_r1_c1" src="../images/header_r1_c1.gif" width="625" height="95" alt="" /><img src="../images/spacer.gif" width="1" height="95" alt="" /> 
</p>
<p style="margin-top: 0px; /*\*/margin-top: -3px;/**/">
	<a href="project.php" onmouseout="MM_swapImgRestore();" onmouseover="MM_swapImage('header_r2_c1','','../images/header_r2_c1_f2.gif',1);"><img id="header_r2_c1" src="../images/header_r2_c1.gif" width="104" height="20" alt="" /></a><a href="edition.php" onmouseout="MM_swapImgRestore();" onmouseover="MM_swapImage('header_r2_c2','','../images/header_r2_c2_f2.gif',1);"><img id="header_r2_c2" src="../images/header_r2_c2.gif" width="104" height="20" alt="" /></a><a href="search.php" onmouseout="MM_swapImgRestore();" onmouseover="MM_swapImage('header_r2_c3','','../images/header_r2_c3_f2.gif',1);"><img id="header_r2_c3" src="../images/header_r2_c3.gif" width="104" height="20" alt="" /></a><a href="http://www.nyu.edu/projects/sanger/" onmouseout="MM_swapImgRestore();" onmouseover="MM_swapImage('header_r2_c4','','../images/header_r2_c4_f2.gif',1);"><img id="header_r2_c4" src="../images/header_r2_c4.gif" width="104" height="20" alt="" /></a><a href="contact.php" onmouseout="MM_swapImgRestore();" onmouseover="MM_swapImage('header_r2_c5','','../images/header_r2_c5_f2.gif',1);"><img id="header_r2_c5" src="../images/header_r2_c5.gif" width="104" height="20" alt="" /></a><img id="header_r2_c6" src="../images/header_r2_c6.jpg" width="105" height="20" alt="" /><img src="../images/spacer.gif" width="1" height="20" alt="" /> 
</p>
<div class="outBox">
<div class="docBox">

<p class="title_heading">Margaret Sanger, "Birth Control,"  Apr-July 1916.
		</p><p>Typed speech. Source: 
            Margaret Sanger Papers, Library of Congress
            
	, Margaret sanger Papers Microfilm, LCM 129:12
        .
		</p><p class="headnote">Much of this text was drawn from the Hotel Brevoort
                Speech<a href="show.php?sangerDoc=128167.xml">Jan. 17, 1916</a>. The draft was one of the
            texts Sanger used during her American speaking
            tour in 1916. For other speeches given on that tour, see Chicago
                Address to Women, <a href="show.php?sangerDoc=236132.xml">Apr.-May 1916</a>, Birth Control and Society<a href="show.php?sangerDoc=101859.xml">Apr.-June,
                1916</a>," and "Condemnation is Misunderstanding," <a href="show.php?sangerDoc=128003.xml">Apr.-Jun. 1916</a>. No final version was found. al speaking tour in 1916.Emendations to the text were made by hand by Margaret Sanger. Entire paragraphs struck
            out, most likely for shortening the speech have not been deleted from this version.Sanger added a note reading: "Original speech given by MS in 1916--this was the first
                public utterance on the whole subject &amp; was delivered 119 times in one
                year--"</p><hr>
    
    
    
    
        <h1>
       &#8593;Birth Control&#8595;
    </h1>
        <p><span class="del">To me</span>
       &#8593;I believe that&#8595;
     birth control is the <span class="del">keynote</span>
            
       &#8593;signal&#8595;
     of a new social awakening. To me it is not <span class="del">only</span>
            
       &#8593;merely&#8595;
     an economic expedient, <span class="del">but</span> it is also a great social
            principle, interlocked with the veryspiritual progress of the race itself and its
            future. That is why it seems to me that this meeting is in harmony with the basic idea
            of birth control, because it brings together all of us social workers of such diverse
            outlooks and temperaments, which indicates that it is an idea vital to us all.</p>
        <p>I realize keenly that many of those who understand and would support the birth control
            propaganda if it were carried out in a safe, sane manner, cannot sympathize with or
            countenance the methods I have used in my attempt to arouse the working woman to the
            fact that bringing a child into the world is her greatest responsibility. I know that
            physicians and scientists have a great technical fund of information. For years and
            generations they have had all the technical information on the subject. There is nothing
            new, nothing radical in the idea of birth control. Aristotle advocated
            it, Plato advocated it, all our great and modern thinkers have
            advocated it. It is an idea that must appeal to any mature intelligence. Yet all this
            scientific and technical discussion has had the effect of producing more and more
            technical discussion, all very necessary and very stimulating to that very small group
            of women and women who could understand it. But all during the long years while this
            matter was being discussed, advocated, refuted by the scientists, the people themselves,
            the poor people especially were blindly, desperately practicing family limitation just
            as they are practicing it today, but to them birth control does not mean what it does to
            me. To them it has meant the most barbaric methods. It has meant the killing of babies,
            infanticide, abortion, in one crude way or another, for women from time immemorial have
            tried to avoid unwanted motherhood. We all know the tribe of professional abortionists
            which has sprung up and profited by this terrible misfortune. We know, too, that when
            the practice of abortion was put under the ban of the church, the alternate evil, the
            foundling asylum, with its horrifying history sprang up. We know too that when the laws
            against imparting knowledge to <span class="del">control birth</span>
            
       &#8593;prevent conception&#8595;
     were passed, 
       &#8593;in this country&#8595;
     thousands of women
            were forced into the hands of midwives and cheap abortionists unless they would bear
            unwanted offspring, with the consequence that there is no other country in the world
                
       &#8593;today&#8595;
     which has so large a number of abortions nor as large a number of
            deaths resulting therefrom as the United States of
                America. 
       &#8593;<span class="del">No</span> laws make crime to prevent by knowledge.&#8595;
    
            It is a conservative estimate that 250,000 abortions are performed each year in this
            country, while about 50,000 deaths result therefrom, and all this time our quacks and
            abortionists roll in wealth while our law makers close their Puritan eyes.</p>
        <p>
       &#8593;Difference in B.C. &amp; abortions&#8595;
    </p>
        <p>How often have I stood at the bedside of a woman in childbirth and watched the tears flow
            in gladness and heard her sigh of relief and words "Thank God" when she was told that the child was born dead. <span class="del">What can
                man know of the agony of carrying beneath one's heart a little life which every
                instinct tells the mother it cannot survive</span>, For even when it is born alive
            the chances are that it will die within the first year. We know that there are 300,000
            babies under one year of age which die in the United States every year from poverty and
            neglect, while 600,000 parents remain in ignorance of how to prevent 300,000 more babies
            from coming into the world the next year to die of poverty and neglect. A few simple
            words of advice on how to control birth would enable these people to avoid this horrible
            slaughter! In my fourteen years' experience as a trained nurse I found that 75% of the
            diseases of men and women were the result of ignorance concerning their sex functions.
                <span class="del">So great was this ignorance among girls and women concerning their bodies that
                I decided to devote myself to the study of women's diseases.</span> I took up
            gynecological and obstetrical nursing and then I found <span class="del">the great discovery</span>
            that knowledge to control birth was obtained and practiced by the women of
                <span class="del">wealth</span>
            
       &#8593;means&#8595;
     while the poor women were kept in ignorance of this knowledge. I found
            that these poor women had emphatic views on the crime of bringing children into the
            world to die of hunger, and would rather risk their lives through abortion rather than
            give birth to children they could not feed, clothe and care for.</p>
        <p>It is not an uncommon thing to see 
       &#8593;groups&#8595;
     of women forming in line outside a
            doctor's office any evening after working hours, between 6 and 8 o'clock, on the lower
            East Side of New York City.</p>
        <p>
       &#8593;90% women married 95% have more than 2 children 99%religious&#8595;
    </p>
        <p>These women go there <span class="del">and</span>
            
       &#8593;to&#8595;
     face the tortures of abortion rather than condemn an unborn child to
            poverty, <span class="del">and</span>
            
       &#8593;while&#8595;
     all this time our wise men and sages and scientists are discussing the
            subject of birth control among themselves. Their ideas are sterile, 
       &#8593;for&#8595;
     they
            have not influenced or effected the tremendous facts of life among these women, the
            working women, the disinherited.</p>
        <p>You all know the <span class="del">life</span>
            
       &#8593;lives&#8595;
     of the children of the cotton mills of the South, <span class="del">of the boys in
                the mines</span>,
       &#8593;wend their weary way to work&#8595;
    ,of the children working in
            the canning industry 
       &#8593;go carts&#8595;
     but do you know that in New York City there are
            thousands of little infants between 
       &#8593;under school age&#8595;
     3 and 5 years of age who
            toil far down in sub-cellars beneath the earth. There they sit cross-legged upon heaps
            of rags, their little backs are bent, their faces bloodless, their little fingers keep
            busy curling feathers, making artificial flowers, or rolling cigarettes. Year in and
            year out they toil in places where the sun has never shone. This work is
                
       &#8593;slavery&#8595;
     forced upon them because they are invariably members of large
            families who need their pitiful earnings. The same applies to child labor everywhere.
            Statistics show us that the majority of child hands of factories and mills of Lowell and Fall River,
            Mass., come from parents who average nine living children.</p>
        <p>We also find from records concerning the women of the under-world that 85% of these come
            from parents who also average nine children, and later discoveries have found that 50%
            of these girls have been found to be mentally defective. Many of them at the age of 22
            or 23 years have the intelligence of <span class="del">children</span>
       &#8593;child&#8595;
     not over 8 or 9
            years. Can we not see how difficult it is for this girl with <span class="del">the</span>
            
       &#8593;an&#8595;
     adult body and child's mind to compete in the struggle of life against the
            more intelligent and better born? We know too that the fertility of the mentally
            defective parent is four times that of the normal parent. In <span class="del">New York City</span>
            
       &#8593;all larger cities&#8595;
     today there are <span class="del">10,000</span>
            
       &#8593;thousands&#8595;
     feeble-minded girls living in prostitution, clamoring at the doors
            of <span class="del">charities</span>
            
       &#8593;the State&#8595;
     to take them in and care for them and protect them from the life of
            degradation which they have been leading. The institutions for the feeble minded are
            full and overcrowded. There is no room for these. Are not our feeble minded institutions
            and insane asylums monuments to careless and reckless breeding? Is it not time that our
            physicians, scientists, social workers and sages, is it not time that they face this
            array of facts and stop quibbling in hair-splitting debates over woman's morality. I say
            this because you all know that the principal objection in the minds of these people
            against the idea of birth control for the working woman, is that it may have a tendency
            to decrease her standards of morality. Solicitude for woman's morals has always been the
            cloak that authority has worn in its age-long conspiracy to keep her in bondage!!
       &#8593;
                suffrage--young girl--pest&#8595;
    </p>
        <p>When I was in Spain a year ago I found that the Spanish woman was far
            behind her European sisters in readiness or even desire for modern freedom. Upon
            investigation as to the cause of this I was told that there are 5,000 villages and towns
            in Spain with no means of transportation except donkeys over bridle paths, and that all
            attempts at building roads and railroads into Spain met with strong opposition of the
            clergy and the government on the grounds that roads and railroads would make
            communication easy thereby bringing the women of the country towns into the cities where
            they would become immoral! Do we who have roads and railroads think that our women are
            less moral than the Spanish women? Certainly not. Yet we in this country are after all
            only just emerging from the fight for the higher education of women which met with the
            same opposition early in its day. We now know that education has not done all the
            dreadful things to woman that its opponents predicted were going to result, and so shall
            we find that knowledge to control birth which has been in the hands of the wealthy women
            of this country for the last 25 years, so shall we find that it will not tend to lower
            their standards of morality, for if the women of wealth have withstood this
                
       &#8593;test&#8595;
     have we 
       &#8593;any&#8595;
     reason to think that the working women will
            use it less wisely?</p>
        <p>Statistics show us that the birth rate of any quarter is in ratio to its wealth, and
            further give us figures to prove that in large cities the rich districts have a birth
            rate of one-third of that of the poor districts. In Paris for every 1,000 women between the ages of 15 and 50 the poor
            districts yield 116 births, while the rich districts yield 34 births. In Berlin conditions are approximately the same. For
            every 1,000 women of similar ages there are 157 births in the poor quarters and 47 in
            the rich quarters. The same applies to London,
                Vienna, New York, in fact to all large cities
            the world over, which can be inferred that one class of women use means to control birth
            which is condemned when taught to the other class. But the menace of our civilization
            and problems of today are not the stationary birth rate among the upper class as much as
            the tremendous increase of the poor and diseased population of this country. </p>
        <p>Many of my friends will object to this statement because it seems to clash with
                their economic theories, but there are always objections from some quarter; for
                every ideal created there is a Herod born to kill it.</p>
        <p>To me the question of birth control is by far the most important question that the
            working people can touch upon, and it should have gone hand in hand with labor
            organization for the past 25 years. Had this been done we should not have had to face
            the great problems of unemployment and child labor which we are facing today. It has
            been my experience that the woman with an income of $10. a week does not desire a large
            family. I have worked among thousands of them. I have found them with 7, 8 and 9 living
            children, and I have never yet known one of them to desire another mouth to feed. On the
            contrary I have found them in constant terror of the coming of another baby and
            submitting to unwanted childbirth only because of their ignorance. Picture a woman with
            five or six little ones living on the average workingman's wage of $10. a week. Another
            baby is coming as fast as nature can manage it. She is already broken in health and
            spirit, a shadow of the lovely woman she once was. Where is the man or woman who would
            reproach me for trying to put into this woman's hands knowledge to prevent giving birth
            to any more? Is this action on my part to be called immoral? Am I to be persecuted and
            classed as immoral because I advocate small families for the working women while Mr.
                Roosevelt can go up and down the length
            of the land shouting and urging this class of women to have large families and is
            neither arrested nor molested, but considered by all society as highly moral?<span class="del"> But I
                ask you which is the more moral, to urge a working woman to have only those children
                she desires and can support or to delude her into bearing cannon fodder for the
                munition makers and professional jingoes?</span></p>
        <p>
        [<em>illegible</em>?]
     administratioon closed drug shops New
            Zealand</p>
        <p>Let us ask ourselves which is America's definition of morality.</p>
        <p>We in America are inclined to think that all advanced ideas must come from
                Europe, but it is interesting to find in my studies abroad that the
            idea of birth control as it is propagated today throughout the world had its
                <span class="del">incentive</span>
            
       &#8593;impetus&#8595;
     from a book written in America. This book was called "The Fruits of Philosophy" and was written by Dr. Chas. Knowlton of Boston, Mass. over 80 years ago. 
       &#8593;It was driven out of U.S.A
                &amp;&#8595;
     It wandered about the globe for 40 years before it finally found its way
            into a book seller's shop in Bristol, England. The book seller was
            arrested for selling it and pled guilty to the charge. Annie
                Besant and Charles Bradlaugh, two
            ardent advocates of liberty, took the case out of the book seller's hands and fought it
            out in the English courts. Previous to this time there had been a great deal of
            agitation on the small family question by the followers of Malthus. The Malthusian advocates believed in
            small families but the methods advanced for bringing about this result were continence
            and late marriage. Dr. Knowlton's book, taking into consideration the normal nature of
            man, advised on the contrary early marriage with means to control birth, which coming at
            the time it did appealed to the reason of a more advanced generation. The trial of Mrs.
            Besant and Mr. Bradlaugh aroused all England and every lover of liberty came to their
            support. The trial lasted three days. It was heard before a special jury, they were
            found guiltyand sentenced to six months' imprisonment. So great, however, was the
            agitation and indignation at this example of legal censorship that the charges were
            dismissed on a legal technicality.</p>
        <p>40,000 of these books had been sold through England for six pence apiece, and it was
            brought out at the trial that the charges would never have been brought had the book
            been kept within the bounds of the restricted class by a high price. <span class="del">To what extent
                this trial of Annie Besant and Charles Bradlaugh won for the English people the
                right of free press can be judged from the summing up of Mr. Justice Coleridge on an obscenity
                and blasphemy case two years ago.</span>(Insert).</p>
        <p>The English people had been fighting for 35 years to gain that decision. It has not been
            won without effort, struggle and sacrifice, for in England as in America the people
            recognize that there is an ever increasing power in the state, the tendency of which is
            to decrease the liberties of the people, and it behooves each generation to grapple with
            this power and to challenge it if we would hold the liberties gained for us by our
            forefathers. We must not expect that these liberties will be given to us easily. We must
            be prepared to take what each new generation needs and fight to hold them. This is what
            the English people have been trying to do. They have been struggling for 35 years to
            hold what Annie Besant and Charles Bradlaugh gained for them through that prosecution
            and trial.</p>
        <p>Unlike us, the English love for liberty is greater than their dislike of personality. No
            matter how much they may dislike a person fighting for liberty, they stand squarely
            behind him, never giving the government an opportunity to silence a voice merely because
            the person behind it has been unpopular or objectionable to certain elements of the
            community. It has been this spirit that has triumphed over the censors and has given far
            greater personal freedom to them than we have in America</p>
        <p>When I arrived in England a year ago I found the greatest interest among the English
            people in our <span class="del">Comstock</span>
                
       &#8593;Post Office&#8595;
     laws, which
            contributed to keep the people of this country in ignorance on the subject of birth
            control. To my amazement I found that the same group of 
       &#8593;conservative tho&#8595;
    
            ardent advocates of birth control 
       &#8593;were&#8595;
     most enthusiastic and overjoyed when
            they found that our obscenity laws had 
       &#8593;at last&#8595;
     been violated. They at once
            went about to interest and influence the support of every man and woman in England of
            learning and of high standing to back me up in my fight for this freedom. You all know
            of the letter written to the President of the United
                States in my behalf by these people, protesting against <span class="del">the</span>
            
       &#8593;my&#8595;
     persecution <span class="del">where this knowledge was concerned</span> and insisted
            that we are the only civilized country in the word whose laws make it a crime to spread
            this knowledge. This letter was signed by such prominent men as H.G. Wells, Arnold
                Bennett, Gilbert Murray, Elmer Maude, Edward
                Carpenter and many others, and a great deal of interest was also shown in
            my case by Bernard Shaw, John Galsworthy, Havelock Ellis, who wrote me, and all <span class="del">seemed to take a great </span>
            
       &#8593;took an active&#8595;
     interest in the work which was being carried on in this
            country.</p>
        <p><span class="del">In England it has only been within the past three years that the birth control
                league has been openly able to defy the laws to the extent of openly giving out the
                information to the people who requested it.</span> Up to this time and during all
            those 
       &#8593;30&#8595;
     years they <span class="del">had</span>
            
       &#8593;have&#8595;
     worked among the educators only, with the object of getting behind them
            so strong a group of men and women that the government would not dare attack them. In
            this they have been successful and now their object is to establish clinics among the
            working women where knowledge can be given free of charge as has been done for the past
            30 years in Holland. 
       &#8593;working class
                untouched&#8595;
    </p>
        <p>Immediately after the trial of Annie Besant and Charles Bradlaugh the same group of men
            and women who had been interested in carrying on this agitation formed what is known
            today as the English Neo-Malthusian League, which advanced the methods advocated in Dr.
            Knowlton's book instead of the Malthusian practice as advocated by Thomas Malthus. Their
            first work was to publish a paper and to spread these ideas into other countries in
            Europe, and Holland was the first to become interested in the subject and invited Dr.
                Drysdale, the president of the English League to speak at its Medical Congress in
            Amsterdam. The following year a league was formed in Holland and a woman physician, Dr.
                Aletta Jacobs, opened a clinic in Amsterdam
            and announced that all women who desired this information could obtain it from her free
            of charge. This was a daring and brave thing to do on the part of Dr. Jacobs. She was
            maligned and insulted by the members of her own profession, but she stood firmly to her
            principles and continued to do this work among the women of Holland. From that time on
                <span class="del">a</span>
            
       &#8593;the&#8595;
     number of clinics increased, particularly in the working districts. Today
            there are 52 such clinics, with nurses in charge, and the medical profession has
            practically handed this work over to the nurses. Birth control work in Holland is better
            organized than in any other country in the world. It is the only country in the world
            where the government has not prosecuted those advocating the idea; with the result that
            the men and women with ideals have been able to put their energies into the building up
            of the 
       &#8593;league&#8595;
     instead of wasting their energies and time fighting the
            government authorities. Today the Dutch league
            has 5,000 members. Practically every well known man and woman in Holland gives this work
            his unanimous support. They send out 7,000 pamphlets a year, in three different
            languages, English, Dutch, and Esperanto, giving all instructions to control birth.
            Although the work of the league is not sanctioned by the government, it has behind it so
            intelligent and unanimous a public opinion that the authorities <span class="del">dare</span>
            
       &#8593;have&#8595;
     not 
       &#8593;attacked&#8595;
     it.</p>
        <p>A few years ago it was given a royal decree by the government as a great public utility,
                <span class="del">as</span>
            
       &#8593;and&#8595;
     the result of 30 years' work has been that the general death rate of
            Holland has 
       &#8593;<span class="underline">slowly!</span>&#8595;
     fallen to be the lowest of
            any country of Europe, while the infant 
       &#8593;mortality&#8595;
     of Amsterdam and the Hague is the lowest <span class="del">in</span>
            
       &#8593;of&#8595;
     any 
       &#8593;cities&#8595;
     in the world. This is not due to either the
            philanthropic societies or the work of the State. But it is purely the result of the
            individual responsibility of the Dutch people toward their offspring. Holland proves to
            us beyond the shadow of a doubt that the practice of birth control leads to race
            improvement instead of race suicide because the increase in population has accelerated
            as the death rate has fallen.</p>
        <p>This work has been mainly in the hands of Dr. and
                Mme. Rutgers of the Hague. This
            little man and woman have devoted their entire lives to spreading this information among
            the people, and also to teaching the nurses how to carry on this work of the care and
            hygiene of the human body. To me Dr. and Mme. Rutgers are more important to the welfare
            of the Dutch people than either the king or the queen 
       &#8593;of Holland&#8595;
    . All the
            nurses who are sent out to do this work are instructed by Dr. Rutgers and from him take
            their course of training. He then sends them into the district where they are most
            needed. He holds in his hands the records of the birth and death rate of the various
            sections throughout Holland, and whenever he sees that the death rate in rising he at
            once sends a nurse into that district to establish a free clinic. These clinics soon
            become self-supporting for the Dutch people believe in paying their way as they go along
            and so open and frank are the men and women of this little country concerning this
            subject that they would no more think of bringing children into the world that they
            could not feed, clothe and care for than we would buy an automobile or a piano, or any
            other luxury which we knew we could not afford to <span class="del">pay for</span>
            
       &#8593;buy&#8595;
    . This instruction is given to every woman married or old enough to be
            married, with the consequence that the young people are able to marry early and
            commercialized prostitution is practically unknown among them today.</p>
        <p>In France on the other hand, although the knowledge of birth control has been universally
            disseminated since the time of Napoleon it
            has never been organized along scientific lines so as to benefit those who most need it.
            The upper class women, as in this country, have ready access to it, while the poor
            continue to multiply because of their imperfect knowledge. This leads to a high infant
            mortality, which rather than a low birth rate is the real cause of the
                <span class="del">decreasing</span>
            
       &#8593;stationary&#8595;
     population of France.</p>
        <p>We in America should learn a lesson from this, and I would urge immediate group action
            for the forming of clinics in the industrial centers of this country where the poor
            women are over-burdened with large families. Instead of our charity organizations,
                <span class="del">our</span>
            
       &#8593;instituting&#8595;
     baby nurseries, Better Baby leagues, Little Mother leagues, which
            at their best are simply alleviations for their present distress, would it not be better
            to help these women <span class="del">and the most of these babies</span> to help themselves by giving
            them the knowledge to control birth, thereby preventing their bringing into the world
            children to fill the orphan asylums and other institutions of charity?</p>
        <p><span class="del">To me </span>
       &#8593;Our present day&#8595;
     society and all its well-intentioned
            palliatives are in this respect like the quack who attempts to cure a cancer by burning
            off the top while the deadly disease continues to spread underneath.</p>
        <p>I have never felt this more strongly than I did three years ago after the death of a
            patient on my last nursing case. This patient of
                mine was the wife of a struggling working
                man and the mother of three children. She was suffering from the results of
            an attempted abortion performed upon her by herself. She lived on Grand St., the main
            thoroughfare of New York down-town Ghetto. I found her in a very serious condition and
            for three weeks both the attending physician and myself labored night and day to bring
            her out of the valley of the shadow of death. We finally succeeded in restoring her to
            her family circle. I remember well the day I was leaving. The doctor, too, was making
            his last call. As the doctor put out his hand to say good-bye to her, I saw that she had
            something to say to him, but was timid and shy about saying it. I started to leave the
            room to leave them both alone, but she said "No, don't go. How can both
                of you leave me without telling me something that I can do to avoid a future illness
                such as I have just passed through?" I was interested to hear the answer of the
            physician, and came back and sat down beside her. To my amazement he answered her
            question lightly, and jokingly, put her aside by telling her that there was nothing that
            she could do as long as there were laws upon the statute books, and he advised her to
            get her husband to change the laws.</p>
        <p>Three months later I was aroused from my sleep at midnight. A telephone call from the
            husband of the same woman, requested me to come immediately, that she was dangerously
            ill. I arrived to find her beyond relief. Another conception had forced her into the
            hands of a cheap abortionist and she died at 4 o'clock the same morning, leaving behind
            her three little children and the frantic, helpless husband.</p>
        <p>I arrived home as the sun was coming up from the roofs of that human beehive and I
            realized how futile my efforts and my work had been. I, too, like the philanthropist,
            the social worker and the quack had been dealing with the symptoms rather than the
            disease. I threw my nursing bag into the corner and announced to my family that I would
            never take it up again, that I would never take another case until I had made it
            possible for the working women in America to have the knowledge to control birth. I
            decided I had no moral right to respect a law,--a worn-out piece of parchment,--obsolete
            in every respect, I had no right to respect above human life, and I decided to violate
            it wholesale. I found to my surprise that there was almost no scientific knowledge
            available on this subject in this country. I decided to go abroad to study the question
            there.</p>
        <p>My first stop was at Glasgow, where I went to find
            out what municipal ownership had done for the women and children of Glasgow, and I found
            that every advantage advanced through this administration were all of benefit to those
            who had small families. For instance, the model tenement houses owned by the
            municipality were built for those not having more than two or three children, while the
            men and women who had five, six, nine or ten children were compelled to live in the
            outskirts of the city, and huddled in the surroundings of their industry. It was the
            same with every other advantage to be gained through municipal ownership, and when I saw
            the women with shawls over their heads, <span class="del">a</span>
            <span class="del">baby</span>
       &#8593;babies&#8595;
     in their arms and two or three little ones dragging at
            their skirts, walking through the streets at midnight calling and chanting the cry of
            help and asking for bread, my heart failed me with courage to remain longer in this
            model city, and I left to investigate conditions in France. There I found that the women
            of France, as in Holland, had done more for themselves in five years through the
            knowledge of birth control than municipal ownership had done in twenty years' time for
            the women of Glasgow!!</p>
        <p>I hurried back to America to urge women here to help me to do this important work. I
            asked several prominent women, suffragists, feminists, and others, whom I knew not only
            believe in the idea of birth control but practiced it. I requested these women to help
            me to do this work which I thought would strike at the root of the evil. I tried to get
            fifty women to go on record with me to make a test case in the courts but I was told to
            wait until we got the vote, I was told to wait until I became better known, but the
            cries of thousands of suffering women would not let me wait.</p>
        <p>I started to publish the Woman Rebel, The<a href="show.php?sangerDoc=128167.xml">Jan. 17, 1916&gt;</a>. I am not going to take up your time to tell
            you about it. You all know of its brief existence. They tell me that it was too radical,
            badly written, hysterical, defiant, to all of which I plead guilty, but as I became more
            and more convinced of the necessity of birth control I felt myself in the position of
            one who has discovered that <span class="del">the</span>
       &#8593;a&#8595;
     house is on fire and I found it
            was up to me shout out the warning-- Should we criticize the tone of the voice which
            shouts out the alarm? I might have taken up the policy of safety, sanity and
            conservatism, but would I have gotten a hearing? Is there not a great deal in the theory
            in all modern life that if one desires bread you must <span class="del">make a
                demand</span>
       &#8593;ask&#8595;
     for cake? This was my <span class="del">belief</span>
            
       &#8593;theory&#8595;
     when I started <span class="del">to edit and</span> publish the Woman Rebel.</p>
        <p>It was necessary in order to bring the attention of the people to this <span class="del">issue and to
                its</span> necessity to make the demand so flamboyant that it would arouse attention
            and interest. You know of the suppression and confiscation by the post office
            authorities. You know of the indictments handed down by the Grand Jury against me. You
            know that many postponements of my trial and the final dismissal of the case by the
            government, and I am reluctant to call it a victory, for what has victory meant to me in
            this case. It has meant months and months of persecution by spies and detectives, prying
            into every phase of my activity, coming into my home in the guise of comrades and
            friends. It has meant the exertion of the meanest and most despicable methods in trying
            to suppress the message of birth control, as it has meant the opening of all my private
            letters and the invasion of every constitutional right which we are supposed to enjoy in
            this country. It would be impossible for me to enumerate all the hindrances and the
            tricks our benevolent government put in my way the months I was publishing the paper.
            Indictments were the last weapons in the strenuous campaign to stamp out the idea of
            birth control. I am glad to say the very reverse of what was intended has occurred for
            the same authorities who two years ago adjudged me "lewd and
                
       &#8593;licentious&#8595;
    " now pay me the pretty compliment that I am not a
            disorderly person, but why did the authorities change their minds? Because of the
            thousands and thousands of letters of protest which came to them from all parts of this
            country, and <span class="del">I</span> convinced them that birth control is too vital a demand in the
            United States today to be suppressed through the persecution of an individual,
                <span class="del">which</span> proves to us again that the courts, no matter how powerful, cannot
            combat a strong and intelligent public opinion. My fight with the government has been to
            arouse interest in the subject of birth control and in this at least I feel I have been
            victorious. Some of us may only be fit to dramatize a situation to focus attention upon
            objectionable laws then those more experienced in constructive organization can gather
            together all this sympathy and interest which has been aroused and organize and
                <span class="del">educated </span>
       &#8593;direct it.&#8595;
     The work now before us is to crystallize
            this interest into action, not only for the repeal of the laws but for the establishment
            of free clinics throughout the industrial sections of this country.</p>
        <p><span class="del">Can we not form here tonight a birth control league to carry on this work. Such a
                league would be a 
       &#8593;rallying point&#8595;
     for the progressive thought in this city
                and would focus interest on the local necessity for this work. Such a
                    clinic
       &#8593;League&#8595;
     would enable the working women to help themselves and to
                do away with charity, which at its best can give only temporary relief.</span> Birth
            control will 
       &#8593;shelter&#8595;
     women from incessant child bearing. This must be done
            for her before she can participate in social life. Through it will she triumph over
            nature's and man's laws which have kept her in bondage, just as man has triumphed over
            nature by the use of electricity, ship building, bridges etc. Through it will she
            triumph over the laws which have made her a child-bearing machine and in her triumph
            over these she will not only free herself but she will also free <span class="del">her
                children</span>
       &#8593;the child&#8595;
    , for in her own emancipation will be that of the
                <span class="del">children</span>
       &#8593;childs&#8595;
    . She holds them both within her own hands. In
            her triumph over these she will develop her personality and individuality
                <span class="del">to</span>
       &#8593;&amp; prepare&#8595;
     with man for the emancipation of the race.</p>
        <p>In Europe they <span class="del">tell me</span>
       &#8593;say&#8595;
     that to some extent the failure of the US
            to produce a proportionate number of great men is a disquieting feature of civilization.
            Two hundred years have elapsed since the settlement began to take permanent shape. The
            population is now immense. The opportunities for education are unprecedented. Yet the
            native born men of real eminence, of world wide fame, are very few in number.</p>
        <p>Hitherto the development of the race has been unconscious. We have had no responsibility
            for <span class="del">the</span>
            
       &#8593;its&#8595;
     right course! Now in the 20th century 
       &#8593;1916.&#8595;
     in the fullness of
            time, let us be children no longer-- let us fashion the human race with an intelligent
            consciousness <span class="del">&amp; let us face the facts of this vital racial &amp; social needs
                &amp; stand squarely to meet our responsibilities &amp;</span> Birth Control is both
            a social and a racial need. Let us face the facts of this vital need and stand squarely
            to meet our responsibilities.</p>
        <p>Birth Control will free the woman it will free the child. Thru it we shall produce a race
            of quality instead of quantity. Woman must triumph over the laws which have made her a
            child bearing machine 
       &#8593;bondage&#8595;
    . Only in 
	[<em>one word deleted</em>]
	
            Thomas Paine
            
	[<em>rest of sentence illegible</em>]
	</p>
    
<hr><p>
		 	Subject Terms:
		</p><ul>
<li>
<a href="search.php?subject=abortion">abortion</a><a href="search.php?subject=abortion&amp;subject2="></a><a href="search.php?subject=abortion&amp;subject2=&amp;subject3="></a><a href="search.php?subject=abortion&amp;subject2=&amp;subject3=&amp;subject4="></a>
</li>
<li>
<a href="search.php?subject=Besant,%20Annie">Besant, Annie</a><a href="search.php?subject=Besant,%20Annie&amp;subject2="></a><a href="search.php?subject=Besant,%20Annie&amp;subject2=&amp;subject3="></a><a href="search.php?subject=Besant,%20Annie&amp;subject2=&amp;subject3=&amp;subject4="></a>
</li>
<li>
<a href="search.php?subject=birth%20control">birth control</a><a href="search.php?subject=birth%20control&amp;subject2=class-based">, class-based</a><a href="search.php?subject=birth%20control&amp;subject2=class-based&amp;subject3="></a><a href="search.php?subject=birth%20control&amp;subject2=class-based&amp;subject3=&amp;subject4="></a>
</li>
<li>
<a href="search.php?subject=birth%20control">birth control</a><a href="search.php?subject=birth%20control&amp;subject2=lack%20of%20knowledge%20of">, lack of knowledge of</a><a href="search.php?subject=birth%20control&amp;subject2=lack%20of%20knowledge%20of&amp;subject3="></a><a href="search.php?subject=birth%20control&amp;subject2=lack%20of%20knowledge%20of&amp;subject3=&amp;subject4="></a>
</li>
<li>
<a href="search.php?subject=birth%20control">birth control</a><a href="search.php?subject=birth%20control&amp;subject2=morality%20of">, morality of</a><a href="search.php?subject=birth%20control&amp;subject2=morality%20of&amp;subject3="></a><a href="search.php?subject=birth%20control&amp;subject2=morality%20of&amp;subject3=&amp;subject4="></a>
</li>
<li>
<a href="search.php?subject=birth%20control%20clinics%20and%20leagues">birth control clinics and leagues</a><a href="search.php?subject=birth%20control%20clinics%20and%20leagues&amp;subject2="></a><a href="search.php?subject=birth%20control%20clinics%20and%20leagues&amp;subject2=&amp;subject3="></a><a href="search.php?subject=birth%20control%20clinics%20and%20leagues&amp;subject2=&amp;subject3=&amp;subject4="></a>
</li>
<li>
<a href="search.php?subject=censorship">censorship</a><a href="search.php?subject=censorship&amp;subject2="></a><a href="search.php?subject=censorship&amp;subject2=&amp;subject3="></a><a href="search.php?subject=censorship&amp;subject2=&amp;subject3=&amp;subject4="></a>
</li>
<li>
<a href="search.php?subject=child%20labor">child labor</a><a href="search.php?subject=child%20labor&amp;subject2="></a><a href="search.php?subject=child%20labor&amp;subject2=&amp;subject3="></a><a href="search.php?subject=child%20labor&amp;subject2=&amp;subject3=&amp;subject4="></a>
</li>
<li>
<a href="search.php?subject=France">France</a><a href="search.php?subject=France&amp;subject2=birth%20control%20in">, birth control in</a><a href="search.php?subject=France&amp;subject2=birth%20control%20in&amp;subject3="></a><a href="search.php?subject=France&amp;subject2=birth%20control%20in&amp;subject3=&amp;subject4="></a>
</li>
<li>
<a href="search.php?subject=Jacobs,%20Aletta">Jacobs, Aletta</a><a href="search.php?subject=Jacobs,%20Aletta&amp;subject2="></a><a href="search.php?subject=Jacobs,%20Aletta&amp;subject2=&amp;subject3="></a><a href="search.php?subject=Jacobs,%20Aletta&amp;subject2=&amp;subject3=&amp;subject4="></a>
</li>
<li>
<a href="search.php?subject=Knowlton,%20Charles">Knowlton, Charles</a><a href="search.php?subject=Knowlton,%20Charles&amp;subject2="></a><a href="search.php?subject=Knowlton,%20Charles&amp;subject2=&amp;subject3="></a><a href="search.php?subject=Knowlton,%20Charles&amp;subject2=&amp;subject3=&amp;subject4="></a>
</li>
<li>
<a href="search.php?subject=Knowlton,%20Charles">Knowlton, Charles</a><a href="search.php?subject=Knowlton,%20Charles&amp;subject2="></a><a href="search.php?subject=Knowlton,%20Charles&amp;subject2=&amp;subject3="></a><a href="search.php?subject=Knowlton,%20Charles&amp;subject2=&amp;subject3=&amp;subject4="></a>
</li>
<li>
<a href="search.php?subject=Malthusian%20League%20(Dutch)">Malthusian League (Dutch)</a><a href="search.php?subject=Malthusian%20League%20(Dutch)&amp;subject2="></a><a href="search.php?subject=Malthusian%20League%20(Dutch)&amp;subject2=&amp;subject3="></a><a href="search.php?subject=Malthusian%20League%20(Dutch)&amp;subject2=&amp;subject3=&amp;subject4="></a>
</li>
<li>
<a href="search.php?subject=Malthusian%20League%20(English)">Malthusian League (English)</a><a href="search.php?subject=Malthusian%20League%20(English)&amp;subject2="></a><a href="search.php?subject=Malthusian%20League%20(English)&amp;subject2=&amp;subject3="></a><a href="search.php?subject=Malthusian%20League%20(English)&amp;subject2=&amp;subject3=&amp;subject4="></a>
</li>
<li>
<a href="search.php?subject=mentally%20disabled%20and%20diseased">mentally disabled and diseased</a><a href="search.php?subject=mentally%20disabled%20and%20diseased&amp;subject2="></a><a href="search.php?subject=mentally%20disabled%20and%20diseased&amp;subject2=&amp;subject3="></a><a href="search.php?subject=mentally%20disabled%20and%20diseased&amp;subject2=&amp;subject3=&amp;subject4="></a>
</li>
<li>
<a href="search.php?subject=neo-Malthusianism">neo-Malthusianism</a><a href="search.php?subject=neo-Malthusianism&amp;subject2="></a><a href="search.php?subject=neo-Malthusianism&amp;subject2=&amp;subject3="></a><a href="search.php?subject=neo-Malthusianism&amp;subject2=&amp;subject3=&amp;subject4="></a>
</li>
<li>
<a href="search.php?subject=Netherlands,%20the">Netherlands, the</a><a href="search.php?subject=Netherlands,%20the&amp;subject2=birth%20control%20in">, birth control in</a><a href="search.php?subject=Netherlands,%20the&amp;subject2=birth%20control%20in&amp;subject3="></a><a href="search.php?subject=Netherlands,%20the&amp;subject2=birth%20control%20in&amp;subject3=&amp;subject4="></a>
</li>
<li>
<a href="search.php?subject=physicians">physicians</a><a href="search.php?subject=physicians&amp;subject2=birth%20control%20and">, birth control and</a><a href="search.php?subject=physicians&amp;subject2=birth%20control%20and&amp;subject3="></a><a href="search.php?subject=physicians&amp;subject2=birth%20control%20and&amp;subject3=&amp;subject4="></a>
</li>
<li>
<a href="search.php?subject=race%20suicide">race suicide</a><a href="search.php?subject=race%20suicide&amp;subject2="></a><a href="search.php?subject=race%20suicide&amp;subject2=&amp;subject3="></a><a href="search.php?subject=race%20suicide&amp;subject2=&amp;subject3=&amp;subject4="></a>
</li>
<li>
<a href="search.php?subject=Roosevelt,%20Theodore">Roosevelt, Theodore</a><a href="search.php?subject=Roosevelt,%20Theodore&amp;subject2="></a><a href="search.php?subject=Roosevelt,%20Theodore&amp;subject2=&amp;subject3="></a><a href="search.php?subject=Roosevelt,%20Theodore&amp;subject2=&amp;subject3=&amp;subject4="></a>
</li>
<li>
<a href="search.php?subject=Rutgers,%20Johannes">Rutgers, Johannes</a><a href="search.php?subject=Rutgers,%20Johannes&amp;subject2="></a><a href="search.php?subject=Rutgers,%20Johannes&amp;subject2=&amp;subject3="></a><a href="search.php?subject=Rutgers,%20Johannes&amp;subject2=&amp;subject3=&amp;subject4="></a>
</li>
<li>
<a href="search.php?subject=Sachs,%20Sadie">Sachs, Sadie</a><a href="search.php?subject=Sachs,%20Sadie&amp;subject2="></a><a href="search.php?subject=Sachs,%20Sadie&amp;subject2=&amp;subject3="></a><a href="search.php?subject=Sachs,%20Sadie&amp;subject2=&amp;subject3=&amp;subject4="></a>
</li>
<li>
<a href="search.php?subject=Sanger,%20Margaret">Sanger, Margaret</a><a href="search.php?subject=Sanger,%20Margaret&amp;subject2=speaking%20tours,%201916%20(United%20States)">, speaking tours, 1916 (United States)</a><a href="search.php?subject=Sanger,%20Margaret&amp;subject2=speaking%20tours,%201916%20(United%20States)&amp;subject3="></a><a href="search.php?subject=Sanger,%20Margaret&amp;subject2=speaking%20tours,%201916%20(United%20States)&amp;subject3=&amp;subject4="></a>
</li>
<li>
<a href="search.php?subject=Scotland">Scotland</a><a href="search.php?subject=Scotland&amp;subject2=birth%20control%20in">, birth control in</a><a href="search.php?subject=Scotland&amp;subject2=birth%20control%20in&amp;subject3="></a><a href="search.php?subject=Scotland&amp;subject2=birth%20control%20in&amp;subject3=&amp;subject4="></a>
</li>
<li>
<a href="search.php?subject=Wilson,%20Woodrow">Wilson, Woodrow</a><a href="search.php?subject=Wilson,%20Woodrow&amp;subject2="></a><a href="search.php?subject=Wilson,%20Woodrow&amp;subject2=&amp;subject3="></a><a href="search.php?subject=Wilson,%20Woodrow&amp;subject2=&amp;subject3=&amp;subject4="></a>
</li>
<li>
<a href="search.php?subject=Woman%20Rebel,%20The">Woman Rebel, The</a><a href="search.php?subject=Woman%20Rebel,%20The&amp;subject2="></a><a href="search.php?subject=Woman%20Rebel,%20The&amp;subject2=&amp;subject3="></a><a href="search.php?subject=Woman%20Rebel,%20The&amp;subject2=&amp;subject3=&amp;subject4="></a>
</li>
<li>
<a href="search.php?subject=women">women</a><a href="search.php?subject=women&amp;subject2=freedom%20and%20rights%20of">, freedom and rights of</a><a href="search.php?subject=women&amp;subject2=freedom%20and%20rights%20of&amp;subject3="></a><a href="search.php?subject=women&amp;subject2=freedom%20and%20rights%20of&amp;subject3=&amp;subject4="></a>
</li>
<li>
<a href="search.php?subject=women">women</a><a href="search.php?subject=women&amp;subject2=reproductive%20choices%20and%20decisions">, reproductive choices and decisions</a><a href="search.php?subject=women&amp;subject2=reproductive%20choices%20and%20decisions&amp;subject3="></a><a href="search.php?subject=women&amp;subject2=reproductive%20choices%20and%20decisions&amp;subject3=&amp;subject4="></a>
</li>
</ul><p>
		 Copyright 2003. Margaret Sanger Project
        </p>
  </div>
</div>
	<div><br /></div>

	<p style="margin-top: 0px; margin-bottom: 0px;">
		<a href="http://www.nyu.edu/projects/sanger/aboutms/" onmouseout="MM_swapImgRestore();" onmouseover="MM_swapImage('sanger_foot_r1_c1','','../images/sanger_foot_r1_c1_f2.gif',1);"><img id="sanger_foot_r1_c1" src="../images/sanger_foot_r1_c1.gif" width="104" height="20" alt="" /></a><a href="http://www.nyu.edu/projects/sanger/documents/electroniced.php" onmouseout="MM_swapImgRestore();" onmouseover="MM_swapImage('sanger_foot_r1_c2','','../images/sanger_foot_r1_c2_f2.gif',1);"><img id="sanger_foot_r1_c2" src="../images/sanger_foot_r1_c2.gif" width="104" height="20" alt="" /></a><a href="search.php" onmouseout="MM_swapImgRestore();" onmouseover="MM_swapImage('sanger_foot_r1_c3','','../images/sanger_foot_r1_c3_f2.gif',1);"><img id="sanger_foot_r1_c3" src="../images/sanger_foot_r1_c3.gif" width="104" height="20" alt="" /></a><a href="http://www.nyu.edu/projects/sanger/" onmouseout="MM_swapImgRestore();" onmouseover="MM_swapImage('sanger_foot_r1_c4','','../images/sanger_foot_r1_c4_f2.gif',1);"><img id="sanger_foot_r1_c4" src="../images/sanger_foot_r1_c4.gif" width="104" height="20" alt="" /></a><a href="http://www.nyu.edu/projects/sanger/contactus/" onmouseout="MM_swapImgRestore();" onmouseover="MM_swapImage('sanger_foot_r1_c5','','../images/sanger_foot_r1_c5_f2.gif',1);"><img id="sanger_foot_r1_c5" src="../images/sanger_foot_r1_c5.gif" width="104" height="20" alt="" /></a><img id="sanger_foot_r1_c6" src="../images/sanger_foot_r1_c6.jpg" width="105" height="20" alt="" />
	</p>
	<p style="margin-bottom: 0px; margin-top: -1px; /*\*/margin-top: -4px;/**/">
		<img src="../images/spacer.gif" width="545" height="1" alt="" /><a href="http://validator.w3.org/check/referer"><img src="../images/xhtml11.gif" alt="valid" /></a>
	</p>
</div> <!-- end of Container --> 
</body>
</html>
