<!DOCTYPE html PUBLIC "-//W3C//DTD XHTML 1.1//EN"
        "http://www.w3.org/TR/xhtml11/DTD/xhtml11.dtd">
<html>
<head>
	<title>The Public Papers of Margaret Sanger: Web Edition</title> 
	<meta http-equiv="content-type" content="text/html charset=ISO-8859-1" />
	<link href="../documents/styles.css" rel="stylesheet" type="text/css" />
<script type="text/javascript" src="../documents/global.js"></script> 
</head>
<body onload="MM_preloadImages('../images/header_r2_c1_f2.gif','../images/header_r2_c2_f2.gif','../images/header_r2_c3_f2.gif','../images/header_r2_c4_f2.gif','../images/header_r2_c5_f2.gif');">
<div id="container" style="width: 626px; margin: 0px auto;"> 
<p style="margin-top: 0px; margin-bottom: 0px;">
	<img id="header_r1_c1" src="../images/header_r1_c1.gif" width="625" height="95" alt="" /><img src="../images/spacer.gif" width="1" height="95" alt="" /> 
</p>
<p style="margin-top: 0px; /*\*/margin-top: -3px;/**/">
	<a href="project.php" onmouseout="MM_swapImgRestore();" onmouseover="MM_swapImage('header_r2_c1','','../images/header_r2_c1_f2.gif',1);"><img id="header_r2_c1" src="../images/header_r2_c1.gif" width="104" height="20" alt="" /></a><a href="edition.php" onmouseout="MM_swapImgRestore();" onmouseover="MM_swapImage('header_r2_c2','','../images/header_r2_c2_f2.gif',1);"><img id="header_r2_c2" src="../images/header_r2_c2.gif" width="104" height="20" alt="" /></a><a href="search.php" onmouseout="MM_swapImgRestore();" onmouseover="MM_swapImage('header_r2_c3','','../images/header_r2_c3_f2.gif',1);"><img id="header_r2_c3" src="../images/header_r2_c3.gif" width="104" height="20" alt="" /></a><a href="http://www.nyu.edu/projects/sanger/" onmouseout="MM_swapImgRestore();" onmouseover="MM_swapImage('header_r2_c4','','../images/header_r2_c4_f2.gif',1);"><img id="header_r2_c4" src="../images/header_r2_c4.gif" width="104" height="20" alt="" /></a><a href="contact.php" onmouseout="MM_swapImgRestore();" onmouseover="MM_swapImage('header_r2_c5','','../images/header_r2_c5_f2.gif',1);"><img id="header_r2_c5" src="../images/header_r2_c5.gif" width="104" height="20" alt="" /></a><img id="header_r2_c6" src="../images/header_r2_c6.jpg" width="105" height="20" alt="" /><img src="../images/spacer.gif" width="1" height="20" alt="" /> 
</p>
<div class="outBox">
<div class="docBox">

<p class="title_heading">Margaret Sanger, "Birth Control, 1957," 1958.
		</p><p>Published Article. Source: 
            <a href="search.php?journal=%22Britannica%20Book%20of%20the%20Year%22"><span class="italics">Britannica Book of the Year</span></a>(1958), pp.105-106.
        .
		</p><p class="headnote">For other articles in the Britannica Book of the
                Year series, see <a href="show.php?sangerDoc=320976.xml">Birth
                    Control, 1944</a>; <a href="show.php?sangerDoc=320980.xml">Birth Control, 1946</a>; <a href="show.php?sangerDoc=320979.xml">Birth Control, 1947</a>; <a href="show.php?sangerDoc=321981.xml">Birth Control, 1948, 1949</a>;<a href="show.php?sangerDoc=320981.xml">Birth Control, 1949</a>; <a href="show.php?sangerDoc=321981.xml">Birth Control, 1950</a>; <a href="show.php?sangerDoc=320983.xml">Birth Control, 1951</a>; <a href="show.php?sangerDoc=320984.xml">Birth Control, 1952</a>; <a href="show.php?sangerDoc=321984.xml">Birth Control, 1953</a>; <a href="show.php?sangerDoc=320985.xml">Birth Control, 1954</a>; <a href="show.php?sangerDoc=320986.xml">Birth Control, 1955</a>; <a href="show.php?sangerDoc=none.xml">Birth Control, 1956</a>; <a href="show.php?sangerDoc=320988.xml">Birth Control, 1958.</a></p><hr>
    
    
    
        <h1>Birth Control.</h1>
        <p>The problems of population growth and the need for control through widespread family
            planning programs were increasingly recognized during 1957. At a conference of the bishops of the Church of
                    England at Lambeth palace, the control of rising population
            was realistically appraised. At a meeting of the International Rice
                commission in Lucknow, India, the director-general of the United Nations Food
                and Agricultural organization announced that production of food grains was
            hardly keeping pace with the population growth and a great part of the world was in want
            and hunger. In New York, speakers at a meeting of the
                American Association for the Advancement of Science declared that
            explosive population growth might soon threaten even the United States
            standard of living.</p>
        <p>Throughout Africa a widened interest in controlling numbers through birth
            control was evidenced by the spread of private family planning work, aided by partial
            government support. The South African National Council for Maternal and Family
                Welfare had since 1935 steadily provided birth control services for the lowest
            income group, irrespective or race or creed. The council received an annual grant of
            �1,000 from the government health department.</p>
        <p>In France, where birth control has been forbidden by law since 1920, a new
            organization, the Happy Motherhood
                association, announced plans for an intensive social and psychological study
            of current French attitudes toward birth control and related subjects. The group also
            hoped to establish counseling centres, modeled after those of the Marriage Guidance council in Britain, where French couples could go for marital
            advice.</p>
        <p>The Singapore Family
                Planning association pressed for bigger government grants and received an
            increase from $28,335 to $33,333. Plans for the year included six new clinics and
            expansion of home visiting services. In Poland, where the first birth
            control clinic opened in Warsaw in 1931 under
            auspices of the Workmen&#8217;s Association for Social Services, advice on setting
            up family planning clinics was sought and received from the International Planned
                Parenthood federation.</p>
        <p>The Watumull foundation of the U.S. offered, during the year, an award for the
            first &#8220;ideal, universally acceptable contraceptive developed in India within
                three years.&#8221; An independent, nine-member committee was set up to test and
            evaluate contraceptives submitted. At the same time, efforts were continued in the
            search for a reliable oral contraceptive at the Central Drug Research
                institute in Lucknow, in collaboration with the Indian Council of Medical
                Research and the Calcutta
                Bacteriological institute.</p>
        <p>Numerous family planning conferences took place in various parts of the world in 1957,
            including the first all-Japan
                Conference on Family Planning in Tokyo with
            more than 1,500 participants and the third all-India Conference on Family
                Planning in Calcutta in January, where six-day sessions assessed &#8220;National
            Development Programs and Family Planning.&#8221; Delegates from all part of
                Europe, the near east and Africa gathered in West Berlin in October for
            the International Planned Parenthood federation&#8217;s regional conference. Discussions
            centered on the moral, physical and psychological foundations for healthy family
            life.</p>
        <p>A group of clergymen, medical men and social scientists participated in a symposium at
            the Planned Parenthood Federation of America&#8217;s 37th annual meeting in New
            York City in October. Discussion on the medical, moral and social implications of new
            contraceptives included reports on preliminary tests of new birth control methods. The
            symposium&#8217;s consensus was that some of the newer contraceptive methods were about to
            leave the experimental stage and enter into wide clinical use; other methods, however,
            were still too new to be completely evaluated. The featured speaker at the annual
            meeting was Sir Grantley Herbert Adams,
            first premier of Barbados, who told an audience of 800 that
            underdeveloped countries needed assistance from the scientists and governments of more
            advanced nations if they were to cope effectively with explosive population growth.</p>
        <p>During the year the American federation established biological research and social
            research committees to guide and coordinate work in research in human reproduction. The
            Planned Parenthood Federation of America also became a member of the sponsoring and
            participating organizations of the National Citizens Committee for the
                United Nations
            World Health organization.</p>
        <h3>(M.SR.)</h3>
    
<hr><p>
		 	Subject Terms:
		</p><ul>
<li>
<a href="search.php?subject=Africa">Africa</a><a href="search.php?subject=Africa&amp;subject2=birth%20control%20in">, birth control in</a><a href="search.php?subject=Africa&amp;subject2=birth%20control%20in&amp;subject3="></a><a href="search.php?subject=Africa&amp;subject2=birth%20control%20in&amp;subject3=&amp;subject4="></a>
</li>
<li>
<a href="search.php?subject=Asia">Asia</a><a href="search.php?subject=Asia&amp;subject2=birth%20control%20in">, birth control in</a><a href="search.php?subject=Asia&amp;subject2=birth%20control%20in&amp;subject3="></a><a href="search.php?subject=Asia&amp;subject2=birth%20control%20in&amp;subject3=&amp;subject4="></a>
</li>
<li>
<a href="search.php?subject=birth%20control">birth control</a><a href="search.php?subject=birth%20control&amp;subject2=access%20to">, access to</a><a href="search.php?subject=birth%20control&amp;subject2=access%20to&amp;subject3=international">, international</a><a href="search.php?subject=birth%20control&amp;subject2=access%20to&amp;subject3=international&amp;subject4="></a>
</li>
<li>
<a href="search.php?subject=birth%20control">birth control</a><a href="search.php?subject=birth%20control&amp;subject2=international">, international</a><a href="search.php?subject=birth%20control&amp;subject2=international&amp;subject3="></a><a href="search.php?subject=birth%20control&amp;subject2=international&amp;subject3=&amp;subject4="></a>
</li>
<li>
<a href="search.php?subject=birth%20control">birth control</a><a href="search.php?subject=birth%20control&amp;subject2=international%20conferences%20on">, international conferences on</a><a href="search.php?subject=birth%20control&amp;subject2=international%20conferences%20on&amp;subject3="></a><a href="search.php?subject=birth%20control&amp;subject2=international%20conferences%20on&amp;subject3=&amp;subject4="></a>
</li>
<li>
<a href="search.php?subject=birth%20control">birth control</a><a href="search.php?subject=birth%20control&amp;subject2=methods">, methods</a><a href="search.php?subject=birth%20control&amp;subject2=methods&amp;subject3=research">, research</a><a href="search.php?subject=birth%20control&amp;subject2=methods&amp;subject3=research&amp;subject4="></a>
</li>
<li>
<a href="search.php?subject=birth%20control">birth control</a><a href="search.php?subject=birth%20control&amp;subject2=movement">, movement</a><a href="search.php?subject=birth%20control&amp;subject2=movement&amp;subject3=international">, international</a><a href="search.php?subject=birth%20control&amp;subject2=movement&amp;subject3=international&amp;subject4="></a>
</li>
<li>
<a href="search.php?subject=birth%20control">birth control</a><a href="search.php?subject=birth%20control&amp;subject2=suppression%20of">, suppression of</a><a href="search.php?subject=birth%20control&amp;subject2=suppression%20of&amp;subject3="></a><a href="search.php?subject=birth%20control&amp;subject2=suppression%20of&amp;subject3=&amp;subject4="></a>
</li>
<li>
<a href="search.php?subject=Europe">Europe</a><a href="search.php?subject=Europe&amp;subject2=birth%20control%20in">, birth control in</a><a href="search.php?subject=Europe&amp;subject2=birth%20control%20in&amp;subject3="></a><a href="search.php?subject=Europe&amp;subject2=birth%20control%20in&amp;subject3=&amp;subject4="></a>
</li>
<li>
<a href="search.php?subject=France">France</a><a href="search.php?subject=France&amp;subject2=birth%20control%20in">, birth control in</a><a href="search.php?subject=France&amp;subject2=birth%20control%20in&amp;subject3="></a><a href="search.php?subject=France&amp;subject2=birth%20control%20in&amp;subject3=&amp;subject4="></a>
</li>
<li>
<a href="search.php?subject=India">India</a><a href="search.php?subject=India&amp;subject2=birth%20control%20in">, birth control in</a><a href="search.php?subject=India&amp;subject2=birth%20control%20in&amp;subject3="></a><a href="search.php?subject=India&amp;subject2=birth%20control%20in&amp;subject3=&amp;subject4="></a>
</li>
<li>
<a href="search.php?subject=Japan">Japan</a><a href="search.php?subject=Japan&amp;subject2=birth%20control%20in">, birth control in</a><a href="search.php?subject=Japan&amp;subject2=birth%20control%20in&amp;subject3="></a><a href="search.php?subject=Japan&amp;subject2=birth%20control%20in&amp;subject3=&amp;subject4="></a>
</li>
<li>
<a href="search.php?subject=New%20York%20City">New York City</a><a href="search.php?subject=New%20York%20City&amp;subject2=birth%20control%20in">, birth control in</a><a href="search.php?subject=New%20York%20City&amp;subject2=birth%20control%20in&amp;subject3="></a><a href="search.php?subject=New%20York%20City&amp;subject2=birth%20control%20in&amp;subject3=&amp;subject4="></a>
</li>
<li>
<a href="search.php?subject=population%20growth">population growth</a><a href="search.php?subject=population%20growth&amp;subject2=natural%20resources%20and">, natural resources and</a><a href="search.php?subject=population%20growth&amp;subject2=natural%20resources%20and&amp;subject3="></a><a href="search.php?subject=population%20growth&amp;subject2=natural%20resources%20and&amp;subject3=&amp;subject4="></a>
</li>
</ul><p>
		 Copyright 2003. Margaret Sanger Project
        </p>
  </div>
</div>
	<div><br /></div>

	<p style="margin-top: 0px; margin-bottom: 0px;">
		<a href="http://www.nyu.edu/projects/sanger/aboutms/" onmouseout="MM_swapImgRestore();" onmouseover="MM_swapImage('sanger_foot_r1_c1','','../images/sanger_foot_r1_c1_f2.gif',1);"><img id="sanger_foot_r1_c1" src="../images/sanger_foot_r1_c1.gif" width="104" height="20" alt="" /></a><a href="http://www.nyu.edu/projects/sanger/documents/electroniced.php" onmouseout="MM_swapImgRestore();" onmouseover="MM_swapImage('sanger_foot_r1_c2','','../images/sanger_foot_r1_c2_f2.gif',1);"><img id="sanger_foot_r1_c2" src="../images/sanger_foot_r1_c2.gif" width="104" height="20" alt="" /></a><a href="search.php" onmouseout="MM_swapImgRestore();" onmouseover="MM_swapImage('sanger_foot_r1_c3','','../images/sanger_foot_r1_c3_f2.gif',1);"><img id="sanger_foot_r1_c3" src="../images/sanger_foot_r1_c3.gif" width="104" height="20" alt="" /></a><a href="http://www.nyu.edu/projects/sanger/" onmouseout="MM_swapImgRestore();" onmouseover="MM_swapImage('sanger_foot_r1_c4','','../images/sanger_foot_r1_c4_f2.gif',1);"><img id="sanger_foot_r1_c4" src="../images/sanger_foot_r1_c4.gif" width="104" height="20" alt="" /></a><a href="http://www.nyu.edu/projects/sanger/contactus/" onmouseout="MM_swapImgRestore();" onmouseover="MM_swapImage('sanger_foot_r1_c5','','../images/sanger_foot_r1_c5_f2.gif',1);"><img id="sanger_foot_r1_c5" src="../images/sanger_foot_r1_c5.gif" width="104" height="20" alt="" /></a><img id="sanger_foot_r1_c6" src="../images/sanger_foot_r1_c6.jpg" width="105" height="20" alt="" />
	</p>
	<p style="margin-bottom: 0px; margin-top: -1px; /*\*/margin-top: -4px;/**/">
		<img src="../images/spacer.gif" width="545" height="1" alt="" /><a href="http://validator.w3.org/check/referer"><img src="../images/xhtml11.gif" alt="valid" /></a>
	</p>
</div> <!-- end of Container --> 
</body>
</html>
