<!DOCTYPE html PUBLIC "-//W3C//DTD XHTML 1.1//EN"
        "http://www.w3.org/TR/xhtml11/DTD/xhtml11.dtd">
<html>
<head>
	<title>The Public Papers of Margaret Sanger: Web Edition</title> 
	<meta http-equiv="content-type" content="text/html charset=ISO-8859-1" />
	<link href="../documents/styles.css" rel="stylesheet" type="text/css" />
<script type="text/javascript" src="../documents/global.js"></script> 
</head>
<body onload="MM_preloadImages('../images/header_r2_c1_f2.gif','../images/header_r2_c2_f2.gif','../images/header_r2_c3_f2.gif','../images/header_r2_c4_f2.gif','../images/header_r2_c5_f2.gif');">
<div id="container" style="width: 626px; margin: 0px auto;"> 
<p style="margin-top: 0px; margin-bottom: 0px;">
	<img id="header_r1_c1" src="../images/header_r1_c1.gif" width="625" height="95" alt="" /><img src="../images/spacer.gif" width="1" height="95" alt="" /> 
</p>
<p style="margin-top: 0px; /*\*/margin-top: -3px;/**/">
	<a href="project.php" onmouseout="MM_swapImgRestore();" onmouseover="MM_swapImage('header_r2_c1','','../images/header_r2_c1_f2.gif',1);"><img id="header_r2_c1" src="../images/header_r2_c1.gif" width="104" height="20" alt="" /></a><a href="edition.php" onmouseout="MM_swapImgRestore();" onmouseover="MM_swapImage('header_r2_c2','','../images/header_r2_c2_f2.gif',1);"><img id="header_r2_c2" src="../images/header_r2_c2.gif" width="104" height="20" alt="" /></a><a href="search.php" onmouseout="MM_swapImgRestore();" onmouseover="MM_swapImage('header_r2_c3','','../images/header_r2_c3_f2.gif',1);"><img id="header_r2_c3" src="../images/header_r2_c3.gif" width="104" height="20" alt="" /></a><a href="http://www.nyu.edu/projects/sanger/" onmouseout="MM_swapImgRestore();" onmouseover="MM_swapImage('header_r2_c4','','../images/header_r2_c4_f2.gif',1);"><img id="header_r2_c4" src="../images/header_r2_c4.gif" width="104" height="20" alt="" /></a><a href="contact.php" onmouseout="MM_swapImgRestore();" onmouseover="MM_swapImage('header_r2_c5','','../images/header_r2_c5_f2.gif',1);"><img id="header_r2_c5" src="../images/header_r2_c5.gif" width="104" height="20" alt="" /></a><img id="header_r2_c6" src="../images/header_r2_c6.jpg" width="105" height="20" alt="" /><img src="../images/spacer.gif" width="1" height="20" alt="" /> 
</p>
<div class="outBox">
<div class="docBox">

<p class="title_heading">Margaret Sanger, "How Six Little Children Were Taught The Truth, 
        [<em>Part V-B</em>]
    ," 03 Dec. 1911.
		</p><p>Published article. Source: 
            <a href="search.php?journal=%22New%20York%20Call%22"><span class="italics">New York Call</span></a>, Dec. 3, 1911
        .
		</p><p class="headnote">This is the second half of Part 5 of an eight-part series of the same title. For Part I,
            see <a href="show.php?sangerDoc=320081.xml">Oct. 19, 1911</a>, for Part II, see <a href="show.php?sangerDoc=320082.xml">Nov. 5, 1911</a>, for Part III see <a href="show.php?sangerDoc=320083.xml">Nov.
                12, 1911</a>, for Part IV see <a href="show.php?sangerDoc=320084.xml">Nov. 19, 1911</a>, for
            the first half of Part V see <a href="show.php?sangerDoc=320085.xml">Nov. 26, 1911</a>, for Part VI
            see <a href="show.php?sangerDoc=320087.xml">Dec. 10, 1911.</a>, and for Part VII, see <a href="show.php?sangerDoc=320088.xml">Dec. 17, 1911.</a>This series was compiled and published as What Every Mother Should
                Know, (New York, 1912).</p><hr>
    
    
    
        <h1>HOW SIX LITTLE CHILDREN WERE TAUGHT THE TRUTH</h1>
        <h3>By Margaret H. Sanger</h3>
        <h2>Part V--The Birds and Their Family. (Concluded.)</h2>
        <p>Now that the nest in the horse chestnut tree was completed, Mr. Thrush sat near by
            waiting to hear the glad news that one egg had come. So the next time Mrs. Thrush went
            away from the nest for her bath the children pecked into the nest and there saw one
            speckled egg! The next day another was there, and the next still another.</p>
        <p>Mr. Thrush was a most interesting father for the children to observe, for he fought off
            any bird who ventured too near Mrs. Thrush's nest. For birds there are who are too lazy
            to build their own nests, and boldly take possession of any nest they can. Father Thrush
            knowing this, was ever on the defensive and ready to fight to protect his wife and
            little ones. He watched when she went for food--and when at sundown she went to the
            stream to bathe, he also watched. </p>
        <p>The Thrushes seemed to do most of their love-making at sundown in song. The song consists
            of four notes, which the children interpreted as saying, "Do you love me?" And the
            answer came in three notes, "I love you."</p>
        <p>If singing meant happiness, Father Thrush was certainly very happy these days. For he
            seemed to sing more than any of the other birds, except, perhaps, Father Song-Sparrow,
            who, too, was overjoyed at the arrival of four youngsters.</p>
        <p>Mother Thrush never answered Father Thrush's musical song while she was waiting for the
            eggs to hatch--she was very still then always--but he must have taken her love for
            granted, for he sang on just the same.</p>
        <p>One day some time later when the children took their usual place under the tree, the air
            was rent with shrieks and cries from both birds, who flew at them and scolded so shrilly
            that the children decided it was best to go away, but on watching from a distance they
            saw Mrs. Thrush bring food in her mouth, and three tiny heads, with open bills, stretch
            themselves above the nest. They knew now why Mr. and Mrs. Thrush objected to their going
            so near the nest that day. The children were so excited that it was difficult to keep
            from going to the nest to see. But when they were reminded of the great care Mr. and
            Mrs. Thrush had given the eggs, so that they might hatch into little birds, and were
            told that it would trouble them greatly and excite them to have any one touch the nest,
            they decided to wait for a better opportunity.</p>
        <p>It did not come for several days, for Mr. Thrush was a most watchful father. But these
            Thrush youngsters were developing so fast and had such husky appetites it took both Mr.
            and Mrs. Thrush busy to keep them fed. So when the parents were off on their hunt for
            food the children carefully looked into the nest. There they were, three featherless,
            fearless, funny things, with only knowledge enough to stretch their necks for food.</p>
        <p>The day that Mrs. Thrush first hurriedly told Mr. Thrush that one scrawny "imp" had come
            out of its shell, he seemed overjoyed, for he sang all day long, even into the night.
            This was, perhaps, the most vivid example of a father's joy the children saw. But
            another case came to their notice of a father bird's devotion--and that was when Mrs.
            Sparrow deserted her little ones.</p>
        <p>There was an old apple tree at the back of the house, and in the trunk of this tree Mr.
            and Mrs. Sparrow had made a home for their children.</p>
        <p>One morning there was a call of distress from Mr. Sparrow. The children watched him as he
            flew from tree to tree, and limb to limb, calling--calling in the most plaintive tones.
            All day he called until the sun went down behind the Palisades, but no mother returned
            to her children. It was quite decided that Mrs. Sparrow was hurt, or even killed, and
            great was the excitement over this terrible possibility. After two days of calling and
            calling Mrs. Sparrow returned--but not alone. The guilty partner of her flight came
            along, too, and Father Sparrow promptly chased him away, but every time Father Sparrow
            flew at him and chased him off, Mrs. Sparrow would fly away with him. Then poor Father
            Sparrow would call and coax and tease and plead with her to return, and she would return
            just long enough to see the little fledglings, and off she would go with the other
            sparrow. Each day she returned to see the little ones and trouble the poor father, who
            was trying so hard to provide for the motherless family.</p>
        <p>The other birds seemed most sympathetic, and on one occasion Mr. Robin watched the
            sparrow house while Mr. Sparrow chased the wooer at his wife. This was the last time,
            for Mrs. Sparrow never returned to her family.</p>
        <p>No other birds ever went near that tree wherein the lone widower 
        [<em>awaited</em>?]
    . He seemed greatly respected by the other birds. He taught his
            little ones to fly and where to find the choicest food in Bobby's garden. The children
            insisted on caging the cats for a few weeks so that Father Sparrow could not have this
            extra burden on him. They were of one decided opinion that father love and devotion save
            that family, and all agreed that it was a most important factor in bringing up a
            family.</p>
        <p>This was a most unusual case, and the boys were made to realize its unusualness, for it
            is VERY SELDOM that a mother ever deserts her young. </p>
        <p>It was funny to watch the sentiment of these small tots. As soon as Mrs. Sparrow returned
            for her short intervals the children got bread and worms and all kinds of tempting food
            in hopes that she would remain with her family. They were willing like Father Sparrow to
            forgive her, but as soon as she made her preparations to go away instinctively they
            picked up stones to throw at her so intense was their interest, and it is feared that
            had not a grown-up been with them something would have happened, for the air was full of
            whispers, and words like 
	[<em>one word illegible</em>]
	 shooters, air
            rifles, etc. were heard occasionally.</p>
        <p>However, their attention was diverted to Miss Oriole, who had two young Oriole
            attendants. Each asked for her love--and she would not decide. How she teased them both,
            and how desperately she flirted. Of course, the lovers despised each other, but how
            wonderfully they told her in song of their great love for her, each trying to outdo the
            other.</p>
        <p>When no one was about she must have made up her mind to accept one, and it was noticed it
            was he with the sweetest voice rather than the one with beautiful plumage who won her.
            He was a most daring and fearless lover and took beautiful care of her while they were
            waiting for the eggs to hatch.</p>
        <p>The summer was one lovely long day watching the birds. As the cold weather came on, the
            birds became fewer--new and strange birds on their way to the South came for food and
            flew away again.</p>
        <p>There was no more interesting and charming lesson of paternal love to be learned than
            among the birds, and it was noticed that no longer was the mother of sole-interest, but
            the father's habits and life became of interest. The children received their lesson of
            father love, through the birds.</p>
        <p>Where the father flowers, fish and frogs gave themselves no concern over the young, here
            was a higher creature, whose love of offspring was not purely physical, but represented
            something higher in his makeup. This was not only the desire to procreate, but to
            protect and care for his offspring after their creation.</p>
        <p>It was not until all the familiar birds had gone that their thoughts of higher stage, the
            mammals.</p>
        <p>And these you shall hear in the next lesson.</p>
    
<hr><p>
		 	Subject Terms:
		</p><ul>
<li>
<a href="search.php?subject=love">love</a><a href="search.php?subject=love&amp;subject2=concept%20of">, concept of</a><a href="search.php?subject=love&amp;subject2=concept%20of&amp;subject3="></a><a href="search.php?subject=love&amp;subject2=concept%20of&amp;subject3=&amp;subject4="></a>
</li>
<li>
<a href="search.php?subject=reproduction">reproduction</a><a href="search.php?subject=reproduction&amp;subject2="></a><a href="search.php?subject=reproduction&amp;subject2=&amp;subject3="></a><a href="search.php?subject=reproduction&amp;subject2=&amp;subject3=&amp;subject4="></a>
</li>
<li>
<a href="search.php?subject=sex%20education">sex education</a><a href="search.php?subject=sex%20education&amp;subject2="></a><a href="search.php?subject=sex%20education&amp;subject2=&amp;subject3="></a><a href="search.php?subject=sex%20education&amp;subject2=&amp;subject3=&amp;subject4="></a>
</li>
</ul><p>
		 Copyright 2003. Margaret Sanger Project
        </p>
  </div>
</div>
	<div><br /></div>

	<p style="margin-top: 0px; margin-bottom: 0px;">
		<a href="http://www.nyu.edu/projects/sanger/aboutms/" onmouseout="MM_swapImgRestore();" onmouseover="MM_swapImage('sanger_foot_r1_c1','','../images/sanger_foot_r1_c1_f2.gif',1);"><img id="sanger_foot_r1_c1" src="../images/sanger_foot_r1_c1.gif" width="104" height="20" alt="" /></a><a href="http://www.nyu.edu/projects/sanger/documents/electroniced.php" onmouseout="MM_swapImgRestore();" onmouseover="MM_swapImage('sanger_foot_r1_c2','','../images/sanger_foot_r1_c2_f2.gif',1);"><img id="sanger_foot_r1_c2" src="../images/sanger_foot_r1_c2.gif" width="104" height="20" alt="" /></a><a href="search.php" onmouseout="MM_swapImgRestore();" onmouseover="MM_swapImage('sanger_foot_r1_c3','','../images/sanger_foot_r1_c3_f2.gif',1);"><img id="sanger_foot_r1_c3" src="../images/sanger_foot_r1_c3.gif" width="104" height="20" alt="" /></a><a href="http://www.nyu.edu/projects/sanger/" onmouseout="MM_swapImgRestore();" onmouseover="MM_swapImage('sanger_foot_r1_c4','','../images/sanger_foot_r1_c4_f2.gif',1);"><img id="sanger_foot_r1_c4" src="../images/sanger_foot_r1_c4.gif" width="104" height="20" alt="" /></a><a href="http://www.nyu.edu/projects/sanger/contactus/" onmouseout="MM_swapImgRestore();" onmouseover="MM_swapImage('sanger_foot_r1_c5','','../images/sanger_foot_r1_c5_f2.gif',1);"><img id="sanger_foot_r1_c5" src="../images/sanger_foot_r1_c5.gif" width="104" height="20" alt="" /></a><img id="sanger_foot_r1_c6" src="../images/sanger_foot_r1_c6.jpg" width="105" height="20" alt="" />
	</p>
	<p style="margin-bottom: 0px; margin-top: -1px; /*\*/margin-top: -4px;/**/">
		<img src="../images/spacer.gif" width="545" height="1" alt="" /><a href="http://validator.w3.org/check/referer"><img src="../images/xhtml11.gif" alt="valid" /></a>
	</p>
</div> <!-- end of Container --> 
</body>
</html>
