<!DOCTYPE html PUBLIC "-//W3C//DTD XHTML 1.1//EN"
        "http://www.w3.org/TR/xhtml11/DTD/xhtml11.dtd">
<html>
<head>
	<title>The Public Papers of Margaret Sanger: Web Edition</title> 
	<meta http-equiv="content-type" content="text/html charset=ISO-8859-1" />
	<link href="../documents/styles.css" rel="stylesheet" type="text/css" />
<script type="text/javascript" src="../documents/global.js"></script> 
</head>
<body onload="MM_preloadImages('../images/header_r2_c1_f2.gif','../images/header_r2_c2_f2.gif','../images/header_r2_c3_f2.gif','../images/header_r2_c4_f2.gif','../images/header_r2_c5_f2.gif');">
<div id="container" style="width: 626px; margin: 0px auto;"> 
<p style="margin-top: 0px; margin-bottom: 0px;">
	<img id="header_r1_c1" src="../images/header_r1_c1.gif" width="625" height="95" alt="" /><img src="../images/spacer.gif" width="1" height="95" alt="" /> 
</p>
<p style="margin-top: 0px; /*\*/margin-top: -3px;/**/">
	<a href="project.php" onmouseout="MM_swapImgRestore();" onmouseover="MM_swapImage('header_r2_c1','','../images/header_r2_c1_f2.gif',1);"><img id="header_r2_c1" src="../images/header_r2_c1.gif" width="104" height="20" alt="" /></a><a href="edition.php" onmouseout="MM_swapImgRestore();" onmouseover="MM_swapImage('header_r2_c2','','../images/header_r2_c2_f2.gif',1);"><img id="header_r2_c2" src="../images/header_r2_c2.gif" width="104" height="20" alt="" /></a><a href="search.php" onmouseout="MM_swapImgRestore();" onmouseover="MM_swapImage('header_r2_c3','','../images/header_r2_c3_f2.gif',1);"><img id="header_r2_c3" src="../images/header_r2_c3.gif" width="104" height="20" alt="" /></a><a href="http://www.nyu.edu/projects/sanger/" onmouseout="MM_swapImgRestore();" onmouseover="MM_swapImage('header_r2_c4','','../images/header_r2_c4_f2.gif',1);"><img id="header_r2_c4" src="../images/header_r2_c4.gif" width="104" height="20" alt="" /></a><a href="contact.php" onmouseout="MM_swapImgRestore();" onmouseover="MM_swapImage('header_r2_c5','','../images/header_r2_c5_f2.gif',1);"><img id="header_r2_c5" src="../images/header_r2_c5.gif" width="104" height="20" alt="" /></a><img id="header_r2_c6" src="../images/header_r2_c6.jpg" width="105" height="20" alt="" /><img src="../images/spacer.gif" width="1" height="20" alt="" /> 
</p>
<div class="outBox">
<div class="docBox">

<p class="title_heading">Margaret Sanger, "Into the Valley of Death--For What?," Apr 1914.
		</p><p>Published article. Source: 
            <a href="search.php?journal=%22The%20Woman%20Rebel%22"><span class="italics">The Woman Rebel</span></a>, Vol. 1, No. 2, Apr. 1914, 12
            
	, <span class="italics">Margaret Sanger Microfilm</span> C16:0526
        .
		</p><p class="headnote"></p><hr>
    
    
    
        <h1>INTO THE VALLEY OF DEATH - FOR WHAT?</h1>
        <p>Every woman who gives birth to a child goes down into the valley of death to do so.</p>
        <p>Very few of the thousands of women who become mothers every year do so because they
            desire a child, or because of their patriotism, or any other stupid reason, but because
            they have motherhood forced upon them through ignorance of its prevention. "The nation
            lives in its children!" shout the priests from the thrones of the powerful, and "the
            children of to-day are the society of tomorrow!" echoes the philanthropist. Let us see
            how much they care about the child of to-morrow. The women of the rich do not produce
            children for the society of to-morrow. They call upon the working women--insist that she
            produce a future society so that they and their miserable few will have slaves to feed
            them. They know that as long as the working class bear children, this fact alone will
            keep it in poverty and usually in ignorance as well.</p>
        <p>Both physically and mentally the children of the rich are developed to the highest
            degree. Schools, colleges, universities are built for them. The children of the working
            class are developed only that profits may be wrung from them as early in life or as soon
            as the masters dare to. Thousands of them have no school privileges, thousands more with
            only part time at school. Nine million little ones under fifteen years of age were at
            work as breadwinners in 1900. One million defectives fill the hospitals and charitable
            institutions. Reformatories and juvenile asylums are full to overflowing most of the
            time. Hospitals, insane asylums, jails and poor houses, old people's homes--these are
            the refuges for the children of the working class.</p>
        <p>If all the children could be gathered together from the orphanages, jails and
            reformatories, together with the crippled and feeble-minded, the child victims of the
            cotton and silk mills and the sweated home industries, this huge army of little victims
            would open the eyes of the working woman to the realization that she must take the
            matter into her own hands and decide whether she wants to add to this number of
            unfortunates. This realization will force her to the greatest revolt of the ages--the
            revolt against introducing into the world another class of human beings to be starved,
            crippled and maimed for the masters.</p>
        <p>The United States is the richest country in
            the world. Its industries are not so important that children should be murdered to keep
            them running. If it were a young country, toppling over under the stress of wars and
            famines, there might be some excuse for this outrage against unprotected childhood. As
            it is, the only explanation is the greedy desire for profit.</p>
    
<hr><p>
		 	Subject Terms:
		</p><ul>
<li>
<a href="search.php?subject=birth%20control">birth control</a><a href="search.php?subject=birth%20control&amp;subject2=class-based">, class-based</a><a href="search.php?subject=birth%20control&amp;subject2=class-based&amp;subject3="></a><a href="search.php?subject=birth%20control&amp;subject2=class-based&amp;subject3=&amp;subject4="></a>
</li>
<li>
<a href="search.php?subject=working%20classes">working classes</a><a href="search.php?subject=working%20classes&amp;subject2=birth%20control%20and">, birth control and</a><a href="search.php?subject=working%20classes&amp;subject2=birth%20control%20and&amp;subject3="></a><a href="search.php?subject=working%20classes&amp;subject2=birth%20control%20and&amp;subject3=&amp;subject4="></a>
</li>
</ul><p>
		 Copyright 2003. Margaret Sanger Project
        </p>
  </div>
</div>
	<div><br /></div>

	<p style="margin-top: 0px; margin-bottom: 0px;">
		<a href="http://www.nyu.edu/projects/sanger/aboutms/" onmouseout="MM_swapImgRestore();" onmouseover="MM_swapImage('sanger_foot_r1_c1','','../images/sanger_foot_r1_c1_f2.gif',1);"><img id="sanger_foot_r1_c1" src="../images/sanger_foot_r1_c1.gif" width="104" height="20" alt="" /></a><a href="http://www.nyu.edu/projects/sanger/documents/electroniced.php" onmouseout="MM_swapImgRestore();" onmouseover="MM_swapImage('sanger_foot_r1_c2','','../images/sanger_foot_r1_c2_f2.gif',1);"><img id="sanger_foot_r1_c2" src="../images/sanger_foot_r1_c2.gif" width="104" height="20" alt="" /></a><a href="search.php" onmouseout="MM_swapImgRestore();" onmouseover="MM_swapImage('sanger_foot_r1_c3','','../images/sanger_foot_r1_c3_f2.gif',1);"><img id="sanger_foot_r1_c3" src="../images/sanger_foot_r1_c3.gif" width="104" height="20" alt="" /></a><a href="http://www.nyu.edu/projects/sanger/" onmouseout="MM_swapImgRestore();" onmouseover="MM_swapImage('sanger_foot_r1_c4','','../images/sanger_foot_r1_c4_f2.gif',1);"><img id="sanger_foot_r1_c4" src="../images/sanger_foot_r1_c4.gif" width="104" height="20" alt="" /></a><a href="http://www.nyu.edu/projects/sanger/contactus/" onmouseout="MM_swapImgRestore();" onmouseover="MM_swapImage('sanger_foot_r1_c5','','../images/sanger_foot_r1_c5_f2.gif',1);"><img id="sanger_foot_r1_c5" src="../images/sanger_foot_r1_c5.gif" width="104" height="20" alt="" /></a><img id="sanger_foot_r1_c6" src="../images/sanger_foot_r1_c6.jpg" width="105" height="20" alt="" />
	</p>
	<p style="margin-bottom: 0px; margin-top: -1px; /*\*/margin-top: -4px;/**/">
		<img src="../images/spacer.gif" width="545" height="1" alt="" /><a href="http://validator.w3.org/check/referer"><img src="../images/xhtml11.gif" alt="valid" /></a>
	</p>
</div> <!-- end of Container --> 
</body>
</html>
