<!DOCTYPE html PUBLIC "-//W3C//DTD XHTML 1.1//EN"
        "http://www.w3.org/TR/xhtml11/DTD/xhtml11.dtd">
<html>
<head>
	<title>The Public Papers of Margaret Sanger: Web Edition</title> 
	<meta http-equiv="content-type" content="text/html charset=ISO-8859-1" />
	<link href="../documents/styles.css" rel="stylesheet" type="text/css" />
<script type="text/javascript" src="../documents/global.js"></script> 
</head>
<body onload="MM_preloadImages('../images/header_r2_c1_f2.gif','../images/header_r2_c2_f2.gif','../images/header_r2_c3_f2.gif','../images/header_r2_c4_f2.gif','../images/header_r2_c5_f2.gif');">
<div id="container" style="width: 626px; margin: 0px auto;"> 
<p style="margin-top: 0px; margin-bottom: 0px;">
	<img id="header_r1_c1" src="../images/header_r1_c1.gif" width="625" height="95" alt="" /><img src="../images/spacer.gif" width="1" height="95" alt="" /> 
</p>
<p style="margin-top: 0px; /*\*/margin-top: -3px;/**/">
	<a href="project.php" onmouseout="MM_swapImgRestore();" onmouseover="MM_swapImage('header_r2_c1','','../images/header_r2_c1_f2.gif',1);"><img id="header_r2_c1" src="../images/header_r2_c1.gif" width="104" height="20" alt="" /></a><a href="edition.php" onmouseout="MM_swapImgRestore();" onmouseover="MM_swapImage('header_r2_c2','','../images/header_r2_c2_f2.gif',1);"><img id="header_r2_c2" src="../images/header_r2_c2.gif" width="104" height="20" alt="" /></a><a href="search.php" onmouseout="MM_swapImgRestore();" onmouseover="MM_swapImage('header_r2_c3','','../images/header_r2_c3_f2.gif',1);"><img id="header_r2_c3" src="../images/header_r2_c3.gif" width="104" height="20" alt="" /></a><a href="http://www.nyu.edu/projects/sanger/" onmouseout="MM_swapImgRestore();" onmouseover="MM_swapImage('header_r2_c4','','../images/header_r2_c4_f2.gif',1);"><img id="header_r2_c4" src="../images/header_r2_c4.gif" width="104" height="20" alt="" /></a><a href="contact.php" onmouseout="MM_swapImgRestore();" onmouseover="MM_swapImage('header_r2_c5','','../images/header_r2_c5_f2.gif',1);"><img id="header_r2_c5" src="../images/header_r2_c5.gif" width="104" height="20" alt="" /></a><img id="header_r2_c6" src="../images/header_r2_c6.jpg" width="105" height="20" alt="" /><img src="../images/spacer.gif" width="1" height="20" alt="" /> 
</p>
<div class="outBox">
<div class="docBox">

<p class="title_heading">Margaret Sanger, "Another Woman," Aug 1914.
		</p><p>Published article. Source: 
            <a href="search.php?journal=%22The%20Woman%20Rebel%22"><span class="italics">The Woman Rebel</span></a>, Vol. 1, No. 6, August 1914, 42
            
	, <span class="italics">Margaret Sanger Microfilm</span> C16:556
        .
		</p><p class="headnote"></p><hr>
    
    
    
        <h1>ANOTHER WOMAN</h1>
        <p>She is a sociologist. She is efficient. She
            is business woman. She is of invincible virtue. She is indefatigable and relentless in
            her "correction" of human nature. She is a brilliant example of that rapidly growing
            group of respectable folk who have discovered profitable and highly honorable careers in
            the exploitation of the victims of our social "law and order". This exploitation
            operates under the name of "charities and correction". You must be fully conscious of
            your own moral superiority before you can successfully become addicted to the pleasures
            of "correcting" the faults and the crimes of the poor, the miserable, the ill-fed and
            the shoddily clothed, who fail to observe the virtues you impersonate.</p>
        <p>Your own invincible, well buttressed virtue, your own moral superiority will facilitate
            this noble work of "correction". Even though you may be a woman,
            the consciousness of this noble moral integrity and superiority will enable you to find
            pleasurable expression in the chastisement of those fellow beings who do not conform to
            your own moral standards. </p>
        <p>This suggestion should be sufficient to explain the brilliant success of our energetic
            and efficient lady, expert, this "sociologist", as the head of that
            large correctional institution for girls who committed the crime of conducting
            themselves according to the instincts of most human beings.</p>
        <p>It would be unwarranted to assume that experts in "correction" bear
            any ill-will toward those who are their victims. On the contrary, it is safe to infer
            that they look down upon them with pity if not sympathy, as long as the victims submit
            tamely to the punishment inflicted upon them, and continue to contribute to the
            prosperity of the institutions which furnish employment and pleasure to our
                "practical sociologists".</p>
        <p>Only when the victims rebel, revolt, inaugurate a hunger-strike, or in any way indicate
            that they are of human flesh and blood, with other purposes in life than to live
            according to another's ideals, no matter how lofty and noble those ideals may be, is the
            expert in correction ready to revert to methods of torture, to tortures refined and
            adapted to our modern psychology, but no less effective and intense than in earlier
            periods.</p>
        <p>These tortures are often indulged in vicariously, being performed out of sight and by
            some subordinate, but perhaps quite as enjoyable to a refined and virtuous temperament,
            calling into activity the imagination and eliminating the sight of the victim's
            resistance.</p>
        <p>Successfully to supervise a jail, some such characteristics as these we suggest are
            requisite. Otherwise prison discipline might collapse, our practical sociologists would
            be jobless, and even the reasons for sending people to jail might vanish. But if we are
            to have larger and more efficient jails and asylums, which the experts of correction
            look upon as the true index of advancing civilization, since such offices will render
            them of more importance in the community, it is obvious that we must create new crimes
            and capture fresh victims. Only thus can our experts express their temperament.</p>
        <p>It is not really absurd to foresee the time in our glorious American life when most of
            the population will live in jails, either as commissioners or sub-commissioners of
            correction or as criminals. This is undoubtedly the aim of our eminent
                "&gt;correctionists", as well as of that of the constantly
            increasing group of Americans who advocate jail for every one who thinks or speaks not
            as they do.</p>
        <p>Miss Edelsohn has been directly protesting
            against this exploitation and the type of mind that has brought it into existence and
            profits by it, protesting by a hunger-strike at Blackwell's Island, and unless this
            protest is made general and effective by everyone who wants the right to think for
            himself and herself, and to express thoughts freely, such people need not be surprised
            to find themselves in some jail or another. For our "practical
                sociologists" and "reformers" are gaining power, and
            are taking as much delight in keeping people in jail as the magistrates are in sending
            them there.</p>
        <p>Women have been too ready to admire other women who, with inflated ideas of
            self-importance, are willing to degrade themselves and their sex by assuming the
            barbaric posts that decent men are giving up--in short by becoming detectives,
            policewomen and commissioners of correction. Let us proclaim such women as traitors and
            enemies of the working class!</p>
    
<hr><p>
		 	Subject Terms:
		</p><ul>
<li>
<a href="search.php?subject=Davis,%20Katharine%20Bement">Davis, Katharine Bement</a><a href="search.php?subject=Davis,%20Katharine%20Bement&amp;subject2="></a><a href="search.php?subject=Davis,%20Katharine%20Bement&amp;subject2=&amp;subject3="></a><a href="search.php?subject=Davis,%20Katharine%20Bement&amp;subject2=&amp;subject3=&amp;subject4="></a>
</li>
<li>
<a href="search.php?subject=Edelsohn,%20Rebecca">Edelsohn, Rebecca</a><a href="search.php?subject=Edelsohn,%20Rebecca&amp;subject2="></a><a href="search.php?subject=Edelsohn,%20Rebecca&amp;subject2=&amp;subject3="></a><a href="search.php?subject=Edelsohn,%20Rebecca&amp;subject2=&amp;subject3=&amp;subject4="></a>
</li>
<li>
<a href="search.php?subject=jails%20and%20imprisonment">jails and imprisonment</a><a href="search.php?subject=jails%20and%20imprisonment&amp;subject2=MS%20on">, MS on</a><a href="search.php?subject=jails%20and%20imprisonment&amp;subject2=MS%20on&amp;subject3="></a><a href="search.php?subject=jails%20and%20imprisonment&amp;subject2=MS%20on&amp;subject3=&amp;subject4="></a>
</li>
<li>
<a href="search.php?subject=law%20breaking%20and%20direct%20action">law breaking and direct action</a><a href="search.php?subject=law%20breaking%20and%20direct%20action&amp;subject2="></a><a href="search.php?subject=law%20breaking%20and%20direct%20action&amp;subject2=&amp;subject3="></a><a href="search.php?subject=law%20breaking%20and%20direct%20action&amp;subject2=&amp;subject3=&amp;subject4="></a>
</li>
<li>
<a href="search.php?subject=working%20classes">working classes</a><a href="search.php?subject=working%20classes&amp;subject2=women%20and%20girls">, women and girls</a><a href="search.php?subject=working%20classes&amp;subject2=women%20and%20girls&amp;subject3="></a><a href="search.php?subject=working%20classes&amp;subject2=women%20and%20girls&amp;subject3=&amp;subject4="></a>
</li>
</ul><p>
		 Copyright 2003. Margaret Sanger Project
        </p>
  </div>
</div>
	<div><br /></div>

	<p style="margin-top: 0px; margin-bottom: 0px;">
		<a href="http://www.nyu.edu/projects/sanger/aboutms/" onmouseout="MM_swapImgRestore();" onmouseover="MM_swapImage('sanger_foot_r1_c1','','../images/sanger_foot_r1_c1_f2.gif',1);"><img id="sanger_foot_r1_c1" src="../images/sanger_foot_r1_c1.gif" width="104" height="20" alt="" /></a><a href="http://www.nyu.edu/projects/sanger/documents/electroniced.php" onmouseout="MM_swapImgRestore();" onmouseover="MM_swapImage('sanger_foot_r1_c2','','../images/sanger_foot_r1_c2_f2.gif',1);"><img id="sanger_foot_r1_c2" src="../images/sanger_foot_r1_c2.gif" width="104" height="20" alt="" /></a><a href="search.php" onmouseout="MM_swapImgRestore();" onmouseover="MM_swapImage('sanger_foot_r1_c3','','../images/sanger_foot_r1_c3_f2.gif',1);"><img id="sanger_foot_r1_c3" src="../images/sanger_foot_r1_c3.gif" width="104" height="20" alt="" /></a><a href="http://www.nyu.edu/projects/sanger/" onmouseout="MM_swapImgRestore();" onmouseover="MM_swapImage('sanger_foot_r1_c4','','../images/sanger_foot_r1_c4_f2.gif',1);"><img id="sanger_foot_r1_c4" src="../images/sanger_foot_r1_c4.gif" width="104" height="20" alt="" /></a><a href="http://www.nyu.edu/projects/sanger/contactus/" onmouseout="MM_swapImgRestore();" onmouseover="MM_swapImage('sanger_foot_r1_c5','','../images/sanger_foot_r1_c5_f2.gif',1);"><img id="sanger_foot_r1_c5" src="../images/sanger_foot_r1_c5.gif" width="104" height="20" alt="" /></a><img id="sanger_foot_r1_c6" src="../images/sanger_foot_r1_c6.jpg" width="105" height="20" alt="" />
	</p>
	<p style="margin-bottom: 0px; margin-top: -1px; /*\*/margin-top: -4px;/**/">
		<img src="../images/spacer.gif" width="545" height="1" alt="" /><a href="http://validator.w3.org/check/referer"><img src="../images/xhtml11.gif" alt="valid" /></a>
	</p>
</div> <!-- end of Container --> 
</body>
</html>
