<!DOCTYPE html PUBLIC "-//W3C//DTD XHTML 1.1//EN"
        "http://www.w3.org/TR/xhtml11/DTD/xhtml11.dtd">
<html>
<head>
	<title>The Public Papers of Margaret Sanger: Web Edition</title> 
	<meta http-equiv="content-type" content="text/html charset=ISO-8859-1" />
	<link href="../documents/styles.css" rel="stylesheet" type="text/css" />
<script type="text/javascript" src="../documents/global.js"></script> 
</head>
<body onload="MM_preloadImages('../images/header_r2_c1_f2.gif','../images/header_r2_c2_f2.gif','../images/header_r2_c3_f2.gif','../images/header_r2_c4_f2.gif','../images/header_r2_c5_f2.gif');">
<div id="container" style="width: 626px; margin: 0px auto;"> 
<p style="margin-top: 0px; margin-bottom: 0px;">
	<img id="header_r1_c1" src="../images/header_r1_c1.gif" width="625" height="95" alt="" /><img src="../images/spacer.gif" width="1" height="95" alt="" /> 
</p>
<p style="margin-top: 0px; /*\*/margin-top: -3px;/**/">
	<a href="project.php" onmouseout="MM_swapImgRestore();" onmouseover="MM_swapImage('header_r2_c1','','../images/header_r2_c1_f2.gif',1);"><img id="header_r2_c1" src="../images/header_r2_c1.gif" width="104" height="20" alt="" /></a><a href="edition.php" onmouseout="MM_swapImgRestore();" onmouseover="MM_swapImage('header_r2_c2','','../images/header_r2_c2_f2.gif',1);"><img id="header_r2_c2" src="../images/header_r2_c2.gif" width="104" height="20" alt="" /></a><a href="search.php" onmouseout="MM_swapImgRestore();" onmouseover="MM_swapImage('header_r2_c3','','../images/header_r2_c3_f2.gif',1);"><img id="header_r2_c3" src="../images/header_r2_c3.gif" width="104" height="20" alt="" /></a><a href="http://www.nyu.edu/projects/sanger/" onmouseout="MM_swapImgRestore();" onmouseover="MM_swapImage('header_r2_c4','','../images/header_r2_c4_f2.gif',1);"><img id="header_r2_c4" src="../images/header_r2_c4.gif" width="104" height="20" alt="" /></a><a href="contact.php" onmouseout="MM_swapImgRestore();" onmouseover="MM_swapImage('header_r2_c5','','../images/header_r2_c5_f2.gif',1);"><img id="header_r2_c5" src="../images/header_r2_c5.gif" width="104" height="20" alt="" /></a><img id="header_r2_c6" src="../images/header_r2_c6.jpg" width="105" height="20" alt="" /><img src="../images/spacer.gif" width="1" height="20" alt="" /> 
</p>
<div class="outBox">
<div class="docBox">

<p class="title_heading">Margaret Sanger, "The Case for Birth Control (excerpts)," 24 Nov 1936.
		</p><p>Typed Speech. Source: 
            Margaret Sanger Papers, Library of Congress
            
	, <a href="search.php?journal=%22Library%20of%20Congress%20Microfilm%22"><span class="italics">Library of Congress Microfilm</span></a> 128:641
        .
		</p><p class="headnote">Margaret Sanger delivered the speech at the
            Schenley Hotel in Pittsburgh at a meeting sponsored
            by the Allegheny Birth Control
                League. No complete version of the speech has been found.</p><hr>
    
    
    
        <h1>EXCERPTS FROM MRS. MARGARET SANGER'S ADDRESS</h1>
        <p>&#8220;I urge the immediate amendment of the present federal laws which tie the hands of the
            physician and obstruct an adequate and scientific national birth control program. More
            than 1,000 organizations, with millions of members, have endorsed our efforts to change
            these obsolete federal laws, and 200,000 individuals have pledged their support over
            their personal signatures.&#8221;</p>
        <p>&#8220;It is easy to boast about birth control clinics, and point with pride to their growth
            since I opened the first clinic in America in the
            slums of Brooklyn in 1916. This clinic, as you know,
            was closed as a &#8216;public nuisance,&#8217; and I and my co-workers were sent to jail. Two
            hundred and fifty clinics in forty-three states are functioning today. But for every
            woman who goes to a clinic or to a private doctor and gets birth control information,
            there are hundreds of thousands who apply to hospitals and doctors and are denied
            instruction which they need to preserve health and life itself. Quack nostrums,
            ineffectual and often harmful contraceptive supplies may be bought at any drug store,
            and when these fail, women can in desperation submit to abortions. But scientific and
            reliable birth control instruction is the privilege of the few. The great mass of
            American mothers ask for it in vain.&#8221;</p>
        <p>&#8220;Private charity can never effectively take care of this situation. As a part of
            preventive medicine and public health, it is work which the Government can no longer ignore. Let us clear
            away the legal obstructions which retard birth control work--now, at once, without
            further dallying. Then we can go forward to the inspiring and constructive program of
            giving to every mother the information which she needs, and which is her constitutional
            right.&#8221;</p>
        <p>&#8220;Statistics from Pennsylvania show how great is the need in your State for
            scientific and reliable birth control. Maternal deaths from all causes decreased from
            1136 in 1930 to 931 in 1934. Deaths from abortion, however, increased, and of those the
            number caused by septic poisoning also increased. Of every 100 women who die during
            maternity, 95 die from abortion, and of these 25, 20 die from septic poisoning which
            generally follows abortions performed without the proper medical safeguards. Give women
            birth control information and they will not have to submit to abortions.&#8221;</p>
        <p>&#8220;Turning to the relief question, W.P.A. figures show that 147,375 families in Pennsylvania were on relief in
            May, 1936. This figure is estimated to represent nearly 700,000 people--men, women, and
            children in your State. The cost of relief in Pennsylvania for this month was
            $5,305,000, and the total cost for the United States for the month of May was
            $41,800,000.&#8221;</p>
    
<hr><p>
		 	Subject Terms:
		</p><ul>
<li>
<a href="search.php?subject=birth%20control">birth control</a><a href="search.php?subject=birth%20control&amp;subject2=access%20to">, access to</a><a href="search.php?subject=birth%20control&amp;subject2=access%20to&amp;subject3="></a><a href="search.php?subject=birth%20control&amp;subject2=access%20to&amp;subject3=&amp;subject4="></a>
</li>
<li>
<a href="search.php?subject=birth%20control">birth control</a><a href="search.php?subject=birth%20control&amp;subject2=clinics%20and%20leagues">, clinics and leagues</a><a href="search.php?subject=birth%20control&amp;subject2=clinics%20and%20leagues&amp;subject3=in%20US">, in US</a><a href="search.php?subject=birth%20control&amp;subject2=clinics%20and%20leagues&amp;subject3=in%20US&amp;subject4="></a>
</li>
<li>
<a href="search.php?subject=birth%20control">birth control</a><a href="search.php?subject=birth%20control&amp;subject2=health%20benefits%20and%20risks">, health benefits and risks</a><a href="search.php?subject=birth%20control&amp;subject2=health%20benefits%20and%20risks&amp;subject3="></a><a href="search.php?subject=birth%20control&amp;subject2=health%20benefits%20and%20risks&amp;subject3=&amp;subject4="></a>
</li>
<li>
<a href="search.php?subject=birth%20control">birth control</a><a href="search.php?subject=birth%20control&amp;subject2=laws%20and%20legislation">, laws and legislation</a><a href="search.php?subject=birth%20control&amp;subject2=laws%20and%20legislation&amp;subject3=Federal">, Federal</a><a href="search.php?subject=birth%20control&amp;subject2=laws%20and%20legislation&amp;subject3=Federal&amp;subject4="></a>
</li>
<li>
<a href="search.php?subject=birth%20control">birth control</a><a href="search.php?subject=birth%20control&amp;subject2=legalization%20of">, legalization of</a><a href="search.php?subject=birth%20control&amp;subject2=legalization%20of&amp;subject3="></a><a href="search.php?subject=birth%20control&amp;subject2=legalization%20of&amp;subject3=&amp;subject4="></a>
</li>
<li>
<a href="search.php?subject=birth%20control">birth control</a><a href="search.php?subject=birth%20control&amp;subject2=medical%20community%20and">, medical community and</a><a href="search.php?subject=birth%20control&amp;subject2=medical%20community%20and&amp;subject3="></a><a href="search.php?subject=birth%20control&amp;subject2=medical%20community%20and&amp;subject3=&amp;subject4="></a>
</li>
<li>
<a href="search.php?subject=birth%20control">birth control</a><a href="search.php?subject=birth%20control&amp;subject2=movement">, movement</a><a href="search.php?subject=birth%20control&amp;subject2=movement&amp;subject3=American">, American</a><a href="search.php?subject=birth%20control&amp;subject2=movement&amp;subject3=American&amp;subject4="></a>
</li>
<li>
<a href="search.php?subject=mortality%20rates">mortality rates</a><a href="search.php?subject=mortality%20rates&amp;subject2=maternal">, maternal</a><a href="search.php?subject=mortality%20rates&amp;subject2=maternal&amp;subject3="></a><a href="search.php?subject=mortality%20rates&amp;subject2=maternal&amp;subject3=&amp;subject4="></a>
</li>
<li>
<a href="search.php?subject=physicians">physicians</a><a href="search.php?subject=physicians&amp;subject2=birth%20control%20and">, birth control and</a><a href="search.php?subject=physicians&amp;subject2=birth%20control%20and&amp;subject3="></a><a href="search.php?subject=physicians&amp;subject2=birth%20control%20and&amp;subject3=&amp;subject4="></a>
</li>
<li>
<a href="search.php?subject=quackery">quackery</a><a href="search.php?subject=quackery&amp;subject2="></a><a href="search.php?subject=quackery&amp;subject2=&amp;subject3="></a><a href="search.php?subject=quackery&amp;subject2=&amp;subject3=&amp;subject4="></a>
</li>
<li>
<a href="search.php?subject=United%20States">United States</a><a href="search.php?subject=United%20States&amp;subject2=government">, government</a><a href="search.php?subject=United%20States&amp;subject2=government&amp;subject3=birth%20control%20and">, birth control and</a><a href="search.php?subject=United%20States&amp;subject2=government&amp;subject3=birth%20control%20and&amp;subject4="></a>
</li>
<li>
<a href="search.php?subject=women">women</a><a href="search.php?subject=women&amp;subject2=birth%20control%20and">, birth control and</a><a href="search.php?subject=women&amp;subject2=birth%20control%20and&amp;subject3="></a><a href="search.php?subject=women&amp;subject2=birth%20control%20and&amp;subject3=&amp;subject4="></a>
</li>
<li>
<a href="search.php?subject=women">women</a><a href="search.php?subject=women&amp;subject2=reproductive%20choices%20and%20decisions">, reproductive choices and decisions</a><a href="search.php?subject=women&amp;subject2=reproductive%20choices%20and%20decisions&amp;subject3="></a><a href="search.php?subject=women&amp;subject2=reproductive%20choices%20and%20decisions&amp;subject3=&amp;subject4="></a>
</li>
</ul><p>
		 Copyright 2003. Margaret Sanger Project
        </p>
  </div>
</div>
	<div><br /></div>

	<p style="margin-top: 0px; margin-bottom: 0px;">
		<a href="http://www.nyu.edu/projects/sanger/aboutms/" onmouseout="MM_swapImgRestore();" onmouseover="MM_swapImage('sanger_foot_r1_c1','','../images/sanger_foot_r1_c1_f2.gif',1);"><img id="sanger_foot_r1_c1" src="../images/sanger_foot_r1_c1.gif" width="104" height="20" alt="" /></a><a href="http://www.nyu.edu/projects/sanger/documents/electroniced.php" onmouseout="MM_swapImgRestore();" onmouseover="MM_swapImage('sanger_foot_r1_c2','','../images/sanger_foot_r1_c2_f2.gif',1);"><img id="sanger_foot_r1_c2" src="../images/sanger_foot_r1_c2.gif" width="104" height="20" alt="" /></a><a href="search.php" onmouseout="MM_swapImgRestore();" onmouseover="MM_swapImage('sanger_foot_r1_c3','','../images/sanger_foot_r1_c3_f2.gif',1);"><img id="sanger_foot_r1_c3" src="../images/sanger_foot_r1_c3.gif" width="104" height="20" alt="" /></a><a href="http://www.nyu.edu/projects/sanger/" onmouseout="MM_swapImgRestore();" onmouseover="MM_swapImage('sanger_foot_r1_c4','','../images/sanger_foot_r1_c4_f2.gif',1);"><img id="sanger_foot_r1_c4" src="../images/sanger_foot_r1_c4.gif" width="104" height="20" alt="" /></a><a href="http://www.nyu.edu/projects/sanger/contactus/" onmouseout="MM_swapImgRestore();" onmouseover="MM_swapImage('sanger_foot_r1_c5','','../images/sanger_foot_r1_c5_f2.gif',1);"><img id="sanger_foot_r1_c5" src="../images/sanger_foot_r1_c5.gif" width="104" height="20" alt="" /></a><img id="sanger_foot_r1_c6" src="../images/sanger_foot_r1_c6.jpg" width="105" height="20" alt="" />
	</p>
	<p style="margin-bottom: 0px; margin-top: -1px; /*\*/margin-top: -4px;/**/">
		<img src="../images/spacer.gif" width="545" height="1" alt="" /><a href="http://validator.w3.org/check/referer"><img src="../images/xhtml11.gif" alt="valid" /></a>
	</p>
</div> <!-- end of Container --> 
</body>
</html>
