<!DOCTYPE html PUBLIC "-//W3C//DTD XHTML 1.1//EN"
        "http://www.w3.org/TR/xhtml11/DTD/xhtml11.dtd">
<html>
<head>
	<title>The Public Papers of Margaret Sanger: Web Edition</title> 
	<meta http-equiv="content-type" content="text/html charset=ISO-8859-1" />
	<link href="../documents/styles.css" rel="stylesheet" type="text/css" />
<script type="text/javascript" src="../documents/global.js"></script> 
</head>
<body onload="MM_preloadImages('../images/header_r2_c1_f2.gif','../images/header_r2_c2_f2.gif','../images/header_r2_c3_f2.gif','../images/header_r2_c4_f2.gif','../images/header_r2_c5_f2.gif');">
<div id="container" style="width: 626px; margin: 0px auto;"> 
<p style="margin-top: 0px; margin-bottom: 0px;">
	<img id="header_r1_c1" src="../images/header_r1_c1.gif" width="625" height="95" alt="" /><img src="../images/spacer.gif" width="1" height="95" alt="" /> 
</p>
<p style="margin-top: 0px; /*\*/margin-top: -3px;/**/">
	<a href="project.php" onmouseout="MM_swapImgRestore();" onmouseover="MM_swapImage('header_r2_c1','','../images/header_r2_c1_f2.gif',1);"><img id="header_r2_c1" src="../images/header_r2_c1.gif" width="104" height="20" alt="" /></a><a href="edition.php" onmouseout="MM_swapImgRestore();" onmouseover="MM_swapImage('header_r2_c2','','../images/header_r2_c2_f2.gif',1);"><img id="header_r2_c2" src="../images/header_r2_c2.gif" width="104" height="20" alt="" /></a><a href="search.php" onmouseout="MM_swapImgRestore();" onmouseover="MM_swapImage('header_r2_c3','','../images/header_r2_c3_f2.gif',1);"><img id="header_r2_c3" src="../images/header_r2_c3.gif" width="104" height="20" alt="" /></a><a href="http://www.nyu.edu/projects/sanger/" onmouseout="MM_swapImgRestore();" onmouseover="MM_swapImage('header_r2_c4','','../images/header_r2_c4_f2.gif',1);"><img id="header_r2_c4" src="../images/header_r2_c4.gif" width="104" height="20" alt="" /></a><a href="contact.php" onmouseout="MM_swapImgRestore();" onmouseover="MM_swapImage('header_r2_c5','','../images/header_r2_c5_f2.gif',1);"><img id="header_r2_c5" src="../images/header_r2_c5.gif" width="104" height="20" alt="" /></a><img id="header_r2_c6" src="../images/header_r2_c6.jpg" width="105" height="20" alt="" /><img src="../images/spacer.gif" width="1" height="20" alt="" /> 
</p>
<div class="outBox">
<div class="docBox">

<p class="title_heading">Margaret Sanger, "An Evening With George De Forest Brush," 4 Aug 1912.
		</p><p>Published article. Source: 
            <a href="search.php?journal=%22New%20York%20Call%22"><span class="italics">New York Call</span></a>, Aug. 4, 1912
            
	, <span class="italics">Margaret Sanger Microfilm</span> C16:0023
        .
		</p><p class="headnote"></p><hr>
    
    
    
        <h1>An Evening with George De Forest Brush</h1>
        <h3>By Margaret H. Sanger.</h3>
        <p>In the course of a short vacation spent roaming about on Mr. Brush's New
                Hampshire farm it occurred to me that the readers of The Call
            would be interested in the social views of our premier American painter, George De
            Forest Brush.</p>
        <p>The comrades are no doubt acquainted with his "Silence Broken" and
                "The Sculptor and the King," the two Indian pictures which belong to
            the earlier period of his career. His "Mother and Child" and "In
                the Garden" of which the last named hangs in the Metropolitan Museum of Art,
            exemplify the later period, and together with numerous other masterpieces have
            established him as a world renowned painter of the first rank. It is interesting to note
            that the views of Mr. Brush have been arrived at independent of past and contemporary
            writers, and therefore are the more interesting in as much as they are largely based on
            independent thought. An evening having been arranged to discuss "The Soul of Man
                Under Socialism," by Oscar Wilde, I stirred up the fire,
            for the evenings are rather chilly up here, and we fixed ourselves for the regular
                "wee hours of the morning" chat, which Socialists the world
            over take such keen delight in indulging in when ever they meet. He had the book in his
            hand and passed it to me, saying, "It's all so perfectly, wonderful,
                absolutely wrong."</p>
        <p>"What?" I said. "Wrong?" W-r-o-n-g! I could not believe my ears. An artist to disagree
            with this beautiful dream. I could conceive of nothing more fertile, no soil more
            adapted for the soul of man to develop in than this which Oscar Wilde has shown us here. </p>
        <p>While I was thus wondering, I turned the pages idly, when my eye caught a pencil mark,
                "Tut, tut," opposite the words of Wilde which said: "All unintellectual labor, all monotonous, dull labor, all labor that
                deals with dreadful things and involves unpleasant conditions, must be done by
                machinery."</p>
        <p>"Surely, this cannot be wrong," I said. "You would not leave man continue to do the
            laborious and disagreeable work which has so enslaved and degraded him today?"</p>
        <p>He leaned back in his chair, his eyes sparkled and his whole countenance beamed as if he
            were going to thoroughly enjoy his subject. </p>
        <p>"Labor is the most delightful thing in the world when one does the thing
                one loves to do," he said quietly. "The whole outlook on labor is
                wrong today, and it is because we have been so exploited through this labor that we
                have this repugnance toward it. When man labors for the joy of it, when everything
                he does will be a thing of beauty, there will be joy in his labor."</p>
        <p>"Well of course," I said. "if we were to all paint lovely pictures and to make the
            ornaments of life beautiful, I agree with you, but there are the useful things, the
            necessary things which I am sure there will be no beauty or joy in doing."</p>
        <p>"Can you name some such thing, some such labor?" he said softly.</p>
        <p>"Oh, yes. What about the building of roads--the excavating, paving, etc.? There's not
            much joy in that, is there, Mr. Brush?"</p>
        <p>"Nothing more lovely in the world. I'd like nothing better than to build
                your roads for you. I'm not sure that I'd like you to make my roads, but I'm sure
                I'd find the greatest joy in making your roads. When you look down from the Alps you
                ask what those beautiful lines are. You are told that they are Napoleon's roads. No machinery can do joyful
                work," he continued. "We must do things ourselves to accomplish
                art." </p>
        <p>"But what is the use of using up good human energy? Why not conserve it for more
            important work?" I insisted. He leaned forward and continued earnestly:</p>
        <p>"And what is more important than making the whole world joyful and
                beautiful? For what else do you Socialists make so great and many sacrifices? Why
                should the useful things not be beautiful? Why should it be as it is today?--the
                really useful things are made ugly by machinery and only the few things of life are
                beautiful. That's all wrong. What greater joy could one have than to build beautiful
                roads, pave beautiful streets, build beautiful houses? Of course, if I had to build
                the usual modern buildings I'd not find joy in that work. When we stop building up
                fortunes for the capitalists and work to produce art, I can conceive of no work
                which cannot be both joyfully and beautifully done. Art is the result of men working
                in unison through ages."</p>
        <p>My mind had been wandering to the various departments of industry which today are
            enslaving thousands. I thought of the food question. Surely, he would not have women
            again enslaved in the household and white-wash this crime by calling it the
                "art of cookery." "Would he not hope to have our food prepared
            on a large scale and thus emancipate us from this drudgery?" I ventured, bravely certain
            that here at last he must acknowledge the necessity of machinery and the joylessness of
            labor. "Will there be any special joy in the boxing and canning of foodstuffs?" I asked.
            At which he burst out laughing.</p>
        <p>"Oh, you sordid American, if you're going to have canned food in your
                Socialism I'll have none of it."</p>
        <p>At this we both laughed heartily, and I agreed with him that I had indeed sordid ideas on
            this subject, for I could conceive of nothing more welcome to the thousands of working
            women than to have good pure food already prepared for them, ready at a moment's notice,
            instead of spending a lifetime in a hot broiling kitchen doing the same work, getting
            the same result. </p>
        <p>After I adjusted a log which had fallen away from its companions, he resumed:</p>
        <p>"The trouble is with this generation, they have been too busy producing
                wealth for others to think out a beautiful future for themselves. What can a trade
                unionist tell us of the beauties of our future? His whole thoughts are industrial.
                It will be for him to be served by the artist; only an artist can prepare the feast
                well enough for him."</p>
        <p>At this mention of the word industrial I felt here was a large field which we should not
            pass over without viewing. </p>
        <p>"Do you think there is any danger," I asked, "of the present Socialist movement, which is
            industrial in character, doing as the abolitionists did: after they accomplish the
            ownership of the industries to rest their oars and feel that all has been done?"</p>
        <p>"No," he said slowly but decidedly, "I do not think we
                will ever go through that again. That was where Wendell Phillips
                was more farsighted than the other abolitionists. He realized, though the black man
                had been emancipated in the South, that here on our doorstep was the slavery of
                labor in capital's greedy grasp. No; when once the economic question is solved every
                one will have time to think, to advance and to develop. There will be beauties of
                the mind unfolded which never before had been conceived of."</p>
        <p>"Do you think the master mind of each industry will hold office then, or shall we have
            any office holders?" I inquired.</p>
        <p>"Well, to me it is a waste of time to consider these things," he said.
                "With man's economic freedom there will be a higher percentage of
                intelligence developed, unrealized or unthought of today. Just as machinery and
                electricity have permeated the nation today, so in the future will it be universal
                knowledge to be skillful in the affairs of life. Every one will be a general."
            He cited an example of the government's wireless being interfered with, messages lost
            and stolen. Upon investigation it was found some small boys had rigged up a wireless on
            a vacant plot and were taking government messages. "Even the youth of our
                day is permeated with invention."</p>
        <p>"With the present tendency of State ownership do you think there is a possibility of our
            being caught in the meshes of State Socialism?" I asked. </p>
        <p>"I doubt it," he answered very earnestly. "Why, look at
                the rise of the labor movement in the last four years. Look at the rise of the I. W. W. Only a few years ago I was
                talking to a well known capitalist, who said: "Why, Mr. Brush, the working people
                have us already. All they need is a little more organization and we're done for."
                "But the police are with you," I said. "We don't give that" (snapping his fingers)
                "for the police power if the workers were organized." No, I doubt that the working
                class will let us drift into State Socialism."</p>
        <p>He told me another story which, though it does not fit just here, is certainly too good
            for our comrades to miss -- how this same capitalist, Mr. ----, said: "Why,
                Mr. Brush, there are just thousands of people who won't work. Do you Socialists
                realize this?" "Yes, we do," said Mr. Brush, "and they are just the people we're after. Why, look at that Mr. Lenox who called his son to his bedside and told
                his son that he was leaving him a little farm which would enable him and his
                children to live their whole lives long without every turning their hands to a tap
                of work. The little farm was where the Lenox Library now stands. Yes, we Socialists
                know these fellows, Mr. ----, and we're after them."</p>
        <p>We had wandered far away from Oscar Wilde, but again my eye caught a pencil mark near the
            words: "A work of art is the unique result of a unique temperament. Its
                beauty comes from the fact that the artist is what he is. It has nothing to do with
                the fact that other people want what they want."</p>
        <p>"You agree with this?" I asked.</p>
        <p>"On the contrary," he said, "all great art came to be
                because the world wanted a definite thing, and the artist, being commanded, produced
                a great result. Art is the expression of the joy of the people, and only a happy
                nation can produce art. There is no art today, for there is no joy in our
                people."</p>
        <p>"What about the Greeks?" I ventured.</p>
        <p>"Yes, indeed, they were full of joy. They were overjoyed with life in
                vanquishing their foes, and gave the highest expression to art. Why, the Greek women
                took the keenest joy in combing their hair; it was leisurely, beautifully done, with
                all the new art of the age. It was never a new style, either; they continued to
                strive to make the old style more beautiful. They could not help making beauty in
                everything they did, for they were masters in art."</p>
        <p>The fire was burning low and he arose to go. He extended his hand to my good night,
            saying: "In my Socialism there will be no getting on without art, for
                every act of life will be an emotion and every work a piece of art."</p>
    
<hr><p>
		 	Subject Terms:
		</p><ul>
<li>
<a href="search.php?subject=Brush,%20George%20DeForest">Brush, George DeForest</a><a href="search.php?subject=Brush,%20George%20DeForest&amp;subject2="></a><a href="search.php?subject=Brush,%20George%20DeForest&amp;subject2=&amp;subject3="></a><a href="search.php?subject=Brush,%20George%20DeForest&amp;subject2=&amp;subject3=&amp;subject4="></a>
</li>
<li>
<a href="search.php?subject=socialism">socialism</a><a href="search.php?subject=socialism&amp;subject2=and%20art">, and art</a><a href="search.php?subject=socialism&amp;subject2=and%20art&amp;subject3="></a><a href="search.php?subject=socialism&amp;subject2=and%20art&amp;subject3=&amp;subject4="></a>
</li>
</ul><p>
		 Copyright 2003. Margaret Sanger Project
        </p>
  </div>
</div>
	<div><br /></div>

	<p style="margin-top: 0px; margin-bottom: 0px;">
		<a href="http://www.nyu.edu/projects/sanger/aboutms/" onmouseout="MM_swapImgRestore();" onmouseover="MM_swapImage('sanger_foot_r1_c1','','../images/sanger_foot_r1_c1_f2.gif',1);"><img id="sanger_foot_r1_c1" src="../images/sanger_foot_r1_c1.gif" width="104" height="20" alt="" /></a><a href="http://www.nyu.edu/projects/sanger/documents/electroniced.php" onmouseout="MM_swapImgRestore();" onmouseover="MM_swapImage('sanger_foot_r1_c2','','../images/sanger_foot_r1_c2_f2.gif',1);"><img id="sanger_foot_r1_c2" src="../images/sanger_foot_r1_c2.gif" width="104" height="20" alt="" /></a><a href="search.php" onmouseout="MM_swapImgRestore();" onmouseover="MM_swapImage('sanger_foot_r1_c3','','../images/sanger_foot_r1_c3_f2.gif',1);"><img id="sanger_foot_r1_c3" src="../images/sanger_foot_r1_c3.gif" width="104" height="20" alt="" /></a><a href="http://www.nyu.edu/projects/sanger/" onmouseout="MM_swapImgRestore();" onmouseover="MM_swapImage('sanger_foot_r1_c4','','../images/sanger_foot_r1_c4_f2.gif',1);"><img id="sanger_foot_r1_c4" src="../images/sanger_foot_r1_c4.gif" width="104" height="20" alt="" /></a><a href="http://www.nyu.edu/projects/sanger/contactus/" onmouseout="MM_swapImgRestore();" onmouseover="MM_swapImage('sanger_foot_r1_c5','','../images/sanger_foot_r1_c5_f2.gif',1);"><img id="sanger_foot_r1_c5" src="../images/sanger_foot_r1_c5.gif" width="104" height="20" alt="" /></a><img id="sanger_foot_r1_c6" src="../images/sanger_foot_r1_c6.jpg" width="105" height="20" alt="" />
	</p>
	<p style="margin-bottom: 0px; margin-top: -1px; /*\*/margin-top: -4px;/**/">
		<img src="../images/spacer.gif" width="545" height="1" alt="" /><a href="http://validator.w3.org/check/referer"><img src="../images/xhtml11.gif" alt="valid" /></a>
	</p>
</div> <!-- end of Container --> 
</body>
</html>
