<!DOCTYPE html PUBLIC "-//W3C//DTD XHTML 1.1//EN"
        "http://www.w3.org/TR/xhtml11/DTD/xhtml11.dtd">
<html>
<head>
	<title>The Public Papers of Margaret Sanger: Web Edition</title> 
	<meta http-equiv="content-type" content="text/html charset=ISO-8859-1" />
	<link href="../documents/styles.css" rel="stylesheet" type="text/css" />
<script type="text/javascript" src="../documents/global.js"></script> 
</head>
<body onload="MM_preloadImages('../images/header_r2_c1_f2.gif','../images/header_r2_c2_f2.gif','../images/header_r2_c3_f2.gif','../images/header_r2_c4_f2.gif','../images/header_r2_c5_f2.gif');">
<div id="container" style="width: 626px; margin: 0px auto;"> 
<p style="margin-top: 0px; margin-bottom: 0px;">
	<img id="header_r1_c1" src="../images/header_r1_c1.gif" width="625" height="95" alt="" /><img src="../images/spacer.gif" width="1" height="95" alt="" /> 
</p>
<p style="margin-top: 0px; /*\*/margin-top: -3px;/**/">
	<a href="project.php" onmouseout="MM_swapImgRestore();" onmouseover="MM_swapImage('header_r2_c1','','../images/header_r2_c1_f2.gif',1);"><img id="header_r2_c1" src="../images/header_r2_c1.gif" width="104" height="20" alt="" /></a><a href="edition.php" onmouseout="MM_swapImgRestore();" onmouseover="MM_swapImage('header_r2_c2','','../images/header_r2_c2_f2.gif',1);"><img id="header_r2_c2" src="../images/header_r2_c2.gif" width="104" height="20" alt="" /></a><a href="search.php" onmouseout="MM_swapImgRestore();" onmouseover="MM_swapImage('header_r2_c3','','../images/header_r2_c3_f2.gif',1);"><img id="header_r2_c3" src="../images/header_r2_c3.gif" width="104" height="20" alt="" /></a><a href="http://www.nyu.edu/projects/sanger/" onmouseout="MM_swapImgRestore();" onmouseover="MM_swapImage('header_r2_c4','','../images/header_r2_c4_f2.gif',1);"><img id="header_r2_c4" src="../images/header_r2_c4.gif" width="104" height="20" alt="" /></a><a href="contact.php" onmouseout="MM_swapImgRestore();" onmouseover="MM_swapImage('header_r2_c5','','../images/header_r2_c5_f2.gif',1);"><img id="header_r2_c5" src="../images/header_r2_c5.gif" width="104" height="20" alt="" /></a><img id="header_r2_c6" src="../images/header_r2_c6.jpg" width="105" height="20" alt="" /><img src="../images/spacer.gif" width="1" height="20" alt="" /> 
</p>
<div class="outBox">
<div class="docBox">

<p class="title_heading">Margaret Sanger, ""Trapped!"," Oct 1918.
		</p><p>Published article. Source: 
            <a href="search.php?journal=%22Birth%20Control%20Review%22"><span class="italics">Birth Control Review</span></a>, Oct. 1918, 3
            
	, <a href="search.php?journal=%22Margaret%20Sanger%20Papers,%20Library%20of%20Congress%20microfilm%22"><span class="italics">Margaret Sanger Papers, Library of Congress microfilm</span></a>,
                16:119
        .
		</p><p class="headnote"></p><hr>
    
    
    
        <h1>TRAPPED!</h1>
        <h3 class="italics">By Margaret Sanger</h3>
        <p>Kitty Marion, a devoted laborer for the cause of
            Birth Control, has been arrested for imparting information concerning contraceptives.
            She will come to trial in New York, October 10th.</p>
        <p>Arrest has no terrors for this woman consecrated to the freedom of her sisters. An
            actress, she left the London stage to become one of
            those militants who fought by the side of Emmeline
                Pankhurst for the enfranchisement of English women. For that cause she went
            to prison.</p>
        <p>In prison, Kitty Marion went on a hunger strike. Of the horrors she endured while
            incarcerated, one hundred and twenty-eight forcible feedings constitute but a single
            item.</p>
        <p>Her spirit strengthened rather than broken by these experiences, she kept up the fight in
                England until the coming of the World War put an end to the struggle
            for suffrage, through an understanding between representatives of the English government
            and the militants. Then she came to America to resume
            her stage career.</p>
        <p>Birth Control, as a means of bringing women relief from the economic and physical slavery
            of large families, appealed to her as a more immediate and effective emancipation of
            woman than suffrage. To Birth Control she gave and is still giving the same
            single-minded devotion that she gave to the militant's battle. For this she has once
            more laid aside personal ambition, home and even many of the comforts of life.</p>
        <p>Only through such a devotion could Kitty Marion have been trapped. For trapped she was --
            trapped by one of those creatures who profess high ideals and practice baseness as a
            lucrative profession, one of the sort that shouts for war for democracy, but keeps clear
            of men with guns, preferring to stay at home and trap for hire women who have staked
            their all in a struggle for the freedom of their sex. </p>
        <p>After all, there is something to be said for Judas. To earn his thirty
            pieces of silver, he betrayed a strong man, not an over generous woman. Afterwards, he
            had the decency to hang himself. Bamberger, of the mis-named Society for the Suppression of
                Vice, betrayed a women to whom he came whining for aid for another woman, and
            he will appear in court to testify against her. This appalling brazenness is due
            doubtless to the fact that he will not receive his pieces of silver until he has sworn
            to the "criminal" generosity of Kitty Marion and thereby to his own shame. </p>
        <p>In order to snare this woman who had placed her all upon the altar of woman's freedom,
            Bamberger played the agent provocateur. Fortunately, this abhorrent term is not as
            familiar to American ears as it is to those of the oppressed of other countries. The
            agent provocateur is the shamed and shameless, disowned and uncontenanced spawn of the
            vilest tyranny the world has ever witnessed. Known wherever oppression flourished he
            attained the height of his vulturous activities in the reign of the unlamented czar who quaked in his hidden chambers while he
            bargained away an enslaved people to titled parasites, to foreign plutocrats, and
            finally, in spite of his agreements with his allies, to the Kaiser.</p>
        <p>Conscienceless, prostitute in honor, gorging upon human misery, this creature earned
            alike the hate of those whom he betrayed and those whom he served for the monetary offal
            of his filthy trade. In America, the ironically called Society for the Suppression of
            Vice, has brought into play the native specimen of this monstrous instrument of dead and
            dying tyrannies.</p>
        <p>This is the same Society that, in the persons of one Sumner and of Bamberger, who with too credulous contributors constitute
            its being, has devoted its quasi-legal activities to suppressing fearless literature,
            inspired works of art and movements for the betterment of mankind. It is the same
            Society who, in the person of the same Sumner, was pilloried recently by Frank Harris in a series of magazine articles as yet
            unanswered, though they contained charges that would have brought sleepless nights to
            clean men.</p>
        <p>It was upon the first day of August that the agent provocateur called upon Kitty Marion.
            He came, as his kind always comes, with a story of misfortune, with a plea to save a
            woman, his wife, from hardships unendurable. He came again, a week later. Still again he
            came, on the fifteenth day of August, repeating his tale of misery and appealing for aid
            for his wife. And then, having procured with great difficulty the information desired
            for the fictitious woman, Kitty Marion imparted the information. Her arrest followed --
            on the nineteenth day of August.</p>
        <p>Let it be said so plainly that none can misunderstand it--we have no apology to make for
            the act of Kitty Marion. We glory in her deed. It was born of a brave generosity, of an
            unfaltering determination to mitigate human suffering. It came from a heart consecrated
            to the freedom of woman--it was the fruit of a motive too fine, too holy for the
            understanding of a trapper of women. </p>
        <p>Let it also be said that neither this arrest, nor those which have been made before, nor
            all the arrests that can be made, will for a moment deter us from this fight to which we
            have committed ourselves.</p>
        <p>Agents provocateur may ply their obscene trade; misguided masculine-minded Puritans may
            oppress, the authorities may fill the jails with women, but this fight will go on. For
            every woman you jail, we will raise up ten for this struggle. Woman's right to control
            her own destiny is being established for all time and it is being establish by women, in
            and out of jail.</p>
    
<hr><p>
		 	Subject Terms:
		</p><ul>
<li>
<a href="search.php?subject=Bamberger,%20Charles%20J.">Bamberger, Charles J.</a><a href="search.php?subject=Bamberger,%20Charles%20J.&amp;subject2="></a><a href="search.php?subject=Bamberger,%20Charles%20J.&amp;subject2=&amp;subject3="></a><a href="search.php?subject=Bamberger,%20Charles%20J.&amp;subject2=&amp;subject3=&amp;subject4="></a>
</li>
<li>
<a href="search.php?subject=birth%20control">birth control</a><a href="search.php?subject=birth%20control&amp;subject2=arrests%20for">, arrests for</a><a href="search.php?subject=birth%20control&amp;subject2=arrests%20for&amp;subject3="></a><a href="search.php?subject=birth%20control&amp;subject2=arrests%20for&amp;subject3=&amp;subject4="></a>
</li>
<li>
<a href="search.php?subject=birth%20control">birth control</a><a href="search.php?subject=birth%20control&amp;subject2=opposition%20to">, opposition to</a><a href="search.php?subject=birth%20control&amp;subject2=opposition%20to&amp;subject3="></a><a href="search.php?subject=birth%20control&amp;subject2=opposition%20to&amp;subject3=&amp;subject4="></a>
</li>
<li>
<a href="search.php?subject=law%20breaking%20and%20direct%20action">law breaking and direct action</a><a href="search.php?subject=law%20breaking%20and%20direct%20action&amp;subject2="></a><a href="search.php?subject=law%20breaking%20and%20direct%20action&amp;subject2=&amp;subject3="></a><a href="search.php?subject=law%20breaking%20and%20direct%20action&amp;subject2=&amp;subject3=&amp;subject4="></a>
</li>
<li>
<a href="search.php?subject=Marion,%20Kitty">Marion, Kitty</a><a href="search.php?subject=Marion,%20Kitty&amp;subject2="></a><a href="search.php?subject=Marion,%20Kitty&amp;subject2=&amp;subject3="></a><a href="search.php?subject=Marion,%20Kitty&amp;subject2=&amp;subject3=&amp;subject4="></a>
</li>
<li>
<a href="search.php?subject=New%20York%20Society%20for%20the%20Suppression%20of%20Vice">New York Society for the Suppression of Vice</a><a href="search.php?subject=New%20York%20Society%20for%20the%20Suppression%20of%20Vice&amp;subject2="></a><a href="search.php?subject=New%20York%20Society%20for%20the%20Suppression%20of%20Vice&amp;subject2=&amp;subject3="></a><a href="search.php?subject=New%20York%20Society%20for%20the%20Suppression%20of%20Vice&amp;subject2=&amp;subject3=&amp;subject4="></a>
</li>
<li>
<a href="search.php?subject=woman%20suffrage">woman suffrage</a><a href="search.php?subject=woman%20suffrage&amp;subject2="></a><a href="search.php?subject=woman%20suffrage&amp;subject2=&amp;subject3="></a><a href="search.php?subject=woman%20suffrage&amp;subject2=&amp;subject3=&amp;subject4="></a>
</li>
<li>
<a href="search.php?subject=women">women</a><a href="search.php?subject=women&amp;subject2=freedom%20and%20rights%20of">, freedom and rights of</a><a href="search.php?subject=women&amp;subject2=freedom%20and%20rights%20of&amp;subject3="></a><a href="search.php?subject=women&amp;subject2=freedom%20and%20rights%20of&amp;subject3=&amp;subject4="></a>
</li>
</ul><p>
		 Copyright 2003. Margaret Sanger Project
        </p>
  </div>
</div>
	<div><br /></div>

	<p style="margin-top: 0px; margin-bottom: 0px;">
		<a href="http://www.nyu.edu/projects/sanger/aboutms/" onmouseout="MM_swapImgRestore();" onmouseover="MM_swapImage('sanger_foot_r1_c1','','../images/sanger_foot_r1_c1_f2.gif',1);"><img id="sanger_foot_r1_c1" src="../images/sanger_foot_r1_c1.gif" width="104" height="20" alt="" /></a><a href="http://www.nyu.edu/projects/sanger/documents/electroniced.php" onmouseout="MM_swapImgRestore();" onmouseover="MM_swapImage('sanger_foot_r1_c2','','../images/sanger_foot_r1_c2_f2.gif',1);"><img id="sanger_foot_r1_c2" src="../images/sanger_foot_r1_c2.gif" width="104" height="20" alt="" /></a><a href="search.php" onmouseout="MM_swapImgRestore();" onmouseover="MM_swapImage('sanger_foot_r1_c3','','../images/sanger_foot_r1_c3_f2.gif',1);"><img id="sanger_foot_r1_c3" src="../images/sanger_foot_r1_c3.gif" width="104" height="20" alt="" /></a><a href="http://www.nyu.edu/projects/sanger/" onmouseout="MM_swapImgRestore();" onmouseover="MM_swapImage('sanger_foot_r1_c4','','../images/sanger_foot_r1_c4_f2.gif',1);"><img id="sanger_foot_r1_c4" src="../images/sanger_foot_r1_c4.gif" width="104" height="20" alt="" /></a><a href="http://www.nyu.edu/projects/sanger/contactus/" onmouseout="MM_swapImgRestore();" onmouseover="MM_swapImage('sanger_foot_r1_c5','','../images/sanger_foot_r1_c5_f2.gif',1);"><img id="sanger_foot_r1_c5" src="../images/sanger_foot_r1_c5.gif" width="104" height="20" alt="" /></a><img id="sanger_foot_r1_c6" src="../images/sanger_foot_r1_c6.jpg" width="105" height="20" alt="" />
	</p>
	<p style="margin-bottom: 0px; margin-top: -1px; /*\*/margin-top: -4px;/**/">
		<img src="../images/spacer.gif" width="545" height="1" alt="" /><a href="http://validator.w3.org/check/referer"><img src="../images/xhtml11.gif" alt="valid" /></a>
	</p>
</div> <!-- end of Container --> 
</body>
</html>
