<!DOCTYPE html PUBLIC "-//W3C//DTD XHTML 1.1//EN"
        "http://www.w3.org/TR/xhtml11/DTD/xhtml11.dtd">
<html>
<head>
	<title>The Public Papers of Margaret Sanger: Web Edition</title> 
	<meta http-equiv="content-type" content="text/html charset=ISO-8859-1" />
	<link href="../documents/styles.css" rel="stylesheet" type="text/css" />
<script type="text/javascript" src="../documents/global.js"></script> 
</head>
<body onload="MM_preloadImages('../images/header_r2_c1_f2.gif','../images/header_r2_c2_f2.gif','../images/header_r2_c3_f2.gif','../images/header_r2_c4_f2.gif','../images/header_r2_c5_f2.gif');">
<div id="container" style="width: 626px; margin: 0px auto;"> 
<p style="margin-top: 0px; margin-bottom: 0px;">
	<img id="header_r1_c1" src="../images/header_r1_c1.gif" width="625" height="95" alt="" /><img src="../images/spacer.gif" width="1" height="95" alt="" /> 
</p>
<p style="margin-top: 0px; /*\*/margin-top: -3px;/**/">
	<a href="project.php" onmouseout="MM_swapImgRestore();" onmouseover="MM_swapImage('header_r2_c1','','../images/header_r2_c1_f2.gif',1);"><img id="header_r2_c1" src="../images/header_r2_c1.gif" width="104" height="20" alt="" /></a><a href="edition.php" onmouseout="MM_swapImgRestore();" onmouseover="MM_swapImage('header_r2_c2','','../images/header_r2_c2_f2.gif',1);"><img id="header_r2_c2" src="../images/header_r2_c2.gif" width="104" height="20" alt="" /></a><a href="search.php" onmouseout="MM_swapImgRestore();" onmouseover="MM_swapImage('header_r2_c3','','../images/header_r2_c3_f2.gif',1);"><img id="header_r2_c3" src="../images/header_r2_c3.gif" width="104" height="20" alt="" /></a><a href="http://www.nyu.edu/projects/sanger/" onmouseout="MM_swapImgRestore();" onmouseover="MM_swapImage('header_r2_c4','','../images/header_r2_c4_f2.gif',1);"><img id="header_r2_c4" src="../images/header_r2_c4.gif" width="104" height="20" alt="" /></a><a href="contact.php" onmouseout="MM_swapImgRestore();" onmouseover="MM_swapImage('header_r2_c5','','../images/header_r2_c5_f2.gif',1);"><img id="header_r2_c5" src="../images/header_r2_c5.gif" width="104" height="20" alt="" /></a><img id="header_r2_c6" src="../images/header_r2_c6.jpg" width="105" height="20" alt="" /><img src="../images/spacer.gif" width="1" height="20" alt="" /> 
</p>
<div class="outBox">
<div class="docBox">

<p class="title_heading">Margaret Sanger, "Address at the Pioneer's Dinner," 26 Mar 1925.
		</p><p>Typed Speech. Source: 
            Margaret Sanger Papers, Library of Congress
            
	, Library of Congress Microfilm 122:154-157
        .
		</p><p class="headnote">Sanger delivered this speech at the Pioneer's Dinner of the Sixth
                International Neo-Malthusian and Birth Control Conference at the Hotel
                McAlpin in New York City. Sanger was
            introduced by meeting chairman Heywood Broun who
            discussed Catholic opposition to birth control and then said: "Nine years
                ago this spring, at about this time, Margaret
                    Sanger was in prison. She is here tonight." The audience arose and
            applauded.</p><hr>
    
    
    
        <p>MRS.MARGARET SANGER: Mr. Chairman: I did not think that you would quite overwhelm me like
            this.</p>
        <p>Ladies and gentlemen, I feel that more than fifty per cent of the people who are here
            tonight have been pioneers with me in this cause for Birth Control. I think it is right
            and fitting that we should honor those pioneers who have fought before us for this great
            Movement. I find that there are two kinds of pioneers. The ones who go out into the
            firing line and brace perhaps the storms, the stress of public opinion and prejudice and
            of ignorance, and the other kind who stays back and really prepares the ammunition.</p>
        <p>I could tell you of those early pioneers who in this country nearly a century ago fought
            for the idea which we call today Birth Control&#8211; Robert
                Dale Owen (applause) who wrote the treatise and it was published in this
            City of New York on &#8220;Moral Physiology&#8221;; then there was Dr.
                Charles Knowlton, who in 1832 published his
            famous book, &#8220;The Truths of Philosophy&#8221; in Boston; then there was John Humphrey Noyes and his Oneida
                Colony; then there was that splendid pioneer women and feminist, Alice Stockum, who was persecuted almost to
            her death by Anthony Comstock; then there was a
            fine old hero, Moses Harmon (applause), who at the
            age of seventy-five years was sent to break stone at Leavenworth, and who, when he
            came out of jail continued with his work &#8211; his educational work &#8211; and was again sent
            back to jail. I could tell you of the splendid inspiring words of Ralph Waldo Emerson; I could tell you of the
            splendid vision of Robert Ingersoll
            (applause), and also of Dr. Abraham Jacobi, who
            at one time was President of the American Medical Association.</p>
        <p>There were many, many others almost forgotten tonight. But one especially forgotten hero
            and pioneer was Dr. Charles Knowlton, whom I have just mentioned. He would be almost
            entirely forgotten were it not for the famous little book he wrote which really linked
            up the English Neo-Malthusian Movement with the Movement in the United
                States. It is almost impossible to find much about his life. I have hunted
            in the libraries of Boston and the libraries here, and all that I can find about him is
            that he was sent to jail for publishing his little book, &#8220;The Fruits
                of Philosophy&#8221;. He was not discouraged; he was not dismayed, for the very
            day that he came out of jail in East Cambridge he
            crystallized his philosophy and his ideas by forming a society called the &#8220;Friend of Mental Liberty&#8221;. There is
            nothing more that we find about Dr. Knowlton except that his book wandered around the
            world for more than forty years. It got itself translated and reprinted again and again
            and finally led to the famous case or that famous trial, the Bradlaugh-Besant trial, of which Dr.
                Drysdale will tell you more of a little later on.</p>
        <p>The next that we know was perhaps my own coming into this work in the year of 1914.
            (Applause) Some people have accused us today of this being an emotional movement. I said
            that I plead guilty. I had been a nurse for over ten or twelve years here in New York
            City, mainly, and I was quite impressed by the fact that there were two kinds of people
            here &#8211; those whom we would call of the small family group, and others of the large
            family group.</p>
        <p>I investigated both groups again and again. I found in the small family group there were
            all the nice things that we like in this world&#8211; health, happiness, comfort,
            intelligence, and all the things that we almost all aspire to. But in the large family
            group I found quite the opposite. There was all the disease, the misery and the
            ignorance, and the poverty. There we had our slums. There we had all the things that we
            did not like, and yet I found it was perfectly moral and patriotic to go up and down
            from one end of the country to another and talk about having large families, when it was
            considered quite immoral, and a jail sentence was almost given to you if you talked
            about having small families.</p>
        <p>It was moral, in other words, for one group, while it was quite the other for the other
            group. This seemed a peculiar condition, a peculiar situation. And after having many,
            many experiences with women who were practically enslaved, who were practically awaiting
            death sentences, year in and year out because they were told if they bore another child
            that they would face the grave. After living with this group, after living with this
            idea for more than two or three years consciously, I decided that it was time for
            someone to do something other than talking about these conditions. And I tried to get
            people to listen, tried to see if there could not bee something done about the
            conditions that I saw. I was told by some of the most advanced women in this country at
            that time, to wait until we got the vote, but I could not wait.</p>
        <p>Susan B. Anthony started nearly fifty
            years ago and I felt it was not fair to keep women of this country enslaved, bound to
            the chains of maternal slavery &#8211; because that is really where they are &#8211; for another
            fifty years. Something had to be done to break those chains. I won&#8217;t go into detail
            telling you what happened, but always want it to be understood that the sentence that
            was imposed upon me of going to jail was not an accident. I challenged of the law,
            definitely and deliberately. (Applause)</p>
        <p>There was no other way to crystallize and focus public opinion upon the conditions that I
            saw, except by &#8211; as Annie Besant said &#8211; going to the
            &#8220;dock&#8221; to do it.</p>
        <p>I don&#8217;t know how far we would have been today had it not been for those other pioneers;
            the silent kind; those who stood behind me and who have helped me from the very
            beginning. Those splendid courageous women like Mrs. Lewis G. Delafield, Miss. C.
                Young, Mrs. Frances Ackermann, and
            like Mrs. Juliet Barrett Rublee have been
            the women who have taken the subject of Birth Control out of the police court, out of
            the &#8220;dock&#8221; and have established it in the dining room and in the drawing room. They have
            made it respectable. It is those women who have really broadcasted the idea and the
            ideals of Birth Control. They are the real pioneers of today.</p>
        <p>After all, pioneering still continues. When you look out and see what we have had to do
            for the past ten years, there are many. I began to count up and I found that the
            landlord where we have our office was really a pioneer. No other landlord for some
            distance around would allow us to have our office in their building. (Laughter) When we
            had a book to publish we walked the streets of New York and visited all the publishers
            before we could find a publisher, so our publisher becomes a pioneer. When you have
            something to say you have got to have a hall; when you have got a magazine to publish,
            you have got to have a printer, so your printer becomes a pioneer, especially when he is
            the kind of printer who will wait from month to month to get his money. (Applause) And
            even the management of the Hotel McAlpin is a pioneer (applause) because they came out
            and invited us to have our International
                Conference here. (Applause)</p>
        <p>Then, ladies and gentlemen, I want to say also that our Toastmaster, Mr. Haywood Broun is also a pioneer. (Applause)
            If he is not a pioneer in the Birth Control Movement, he certainly is a pioneer in
            journalism. He is pioneering for truth in journalism. (Applause)</p>
        <p>And last, but not least, the United States Government has become a pioneer by
            its immigration laws. It is really putting into effect today in it immigration laws,
            exactly what most Birth Controllers want. The only thing is, while it applies its laws
            in keeping out of this country the mentally defective and the physically weak and
            defective, the paupers and the other kind of so-called undesirables, we only wish it
            would extend its laws a little bit more and stop the multiplication of the same
            undesirable type within. (Applause)</p>
        <p>I also want to pay tribute to those scientists in the United States who have been
            courageously with us almost from the beginning of our organized movement. If you will
            just look at our program and see our &#8220;Who&#8217;s Who&#8221;, I think you will agree with me that we
            can well be proud of the courage that the scientists of this country have had in coming
            in with us and giving us a splendid boost. We know they have been far more courageous in
            helping use and in guiding us than the medical profession has been. And what we ask
            tonight is that this same group of scientists just steer us and guide us a little
            further on for the next few years, pilot us, in other words, through the stormy waters,
            and I believe we will really be through our journey. I think if they have the courage to
            continue with us that they will find that courage, like virtue, brings with it its own
            reward. (Applause)</p>
    
<hr><p>
		 	Subject Terms:
		</p><ul>
<li>
<a href="search.php?subject=%5Eunfit%5E%20to%20reproduce">"unfit" to reproduce</a><a href="search.php?subject=%22unfit%22%20to%20reproduce&amp;subject2=MS%20on">, MS on</a><a href="search.php?subject=%22unfit%22%20to%20reproduce&amp;subject2=MS%20on&amp;subject3="></a><a href="search.php?subject=%22unfit%22%20to%20reproduce&amp;subject2=MS%20on&amp;subject3=&amp;subject4="></a>
</li>
<li>
<a href="search.php?subject=birth%20control">birth control</a><a href="search.php?subject=birth%20control&amp;subject2=clinics%20and%20leagues">, clinics and leagues</a><a href="search.php?subject=birth%20control&amp;subject2=clinics%20and%20leagues&amp;subject3=in%20US">, in US</a><a href="search.php?subject=birth%20control&amp;subject2=clinics%20and%20leagues&amp;subject3=in%20US&amp;subject4="></a>
</li>
<li>
<a href="search.php?subject=birth%20control">birth control</a><a href="search.php?subject=birth%20control&amp;subject2=international%20conferences%20on">, international conferences on</a><a href="search.php?subject=birth%20control&amp;subject2=international%20conferences%20on&amp;subject3="></a><a href="search.php?subject=birth%20control&amp;subject2=international%20conferences%20on&amp;subject3=&amp;subject4="></a>
</li>
<li>
<a href="search.php?subject=birth%20control">birth control</a><a href="search.php?subject=birth%20control&amp;subject2=laws%20and%20legislation">, laws and legislation</a><a href="search.php?subject=birth%20control&amp;subject2=laws%20and%20legislation&amp;subject3=Federal">, Federal</a><a href="search.php?subject=birth%20control&amp;subject2=laws%20and%20legislation&amp;subject3=Federal&amp;subject4="></a>
</li>
<li>
<a href="search.php?subject=birth%20control">birth control</a><a href="search.php?subject=birth%20control&amp;subject2=laws%20and%20legislation">, laws and legislation</a><a href="search.php?subject=birth%20control&amp;subject2=laws%20and%20legislation&amp;subject3=State">, State</a><a href="search.php?subject=birth%20control&amp;subject2=laws%20and%20legislation&amp;subject3=State&amp;subject4="></a>
</li>
<li>
<a href="search.php?subject=birth%20control">birth control</a><a href="search.php?subject=birth%20control&amp;subject2=mainstreaming%20of">, mainstreaming of</a><a href="search.php?subject=birth%20control&amp;subject2=mainstreaming%20of&amp;subject3="></a><a href="search.php?subject=birth%20control&amp;subject2=mainstreaming%20of&amp;subject3=&amp;subject4="></a>
</li>
<li>
<a href="search.php?subject=birth%20control">birth control</a><a href="search.php?subject=birth%20control&amp;subject2=movement">, movement</a><a href="search.php?subject=birth%20control&amp;subject2=movement&amp;subject3=history%20of">, history of</a><a href="search.php?subject=birth%20control&amp;subject2=movement&amp;subject3=history%20of&amp;subject4="></a>
</li>
<li>
<a href="search.php?subject=birth%20control">birth control</a><a href="search.php?subject=birth%20control&amp;subject2=movement">, movement</a><a href="search.php?subject=birth%20control&amp;subject2=movement&amp;subject3=MS%20on">, MS on</a><a href="search.php?subject=birth%20control&amp;subject2=movement&amp;subject3=MS%20on&amp;subject4="></a>
</li>
<li>
<a href="search.php?subject=birth%20control">birth control</a><a href="search.php?subject=birth%20control&amp;subject2=religion%20and">, religion and</a><a href="search.php?subject=birth%20control&amp;subject2=religion%20and&amp;subject3="></a><a href="search.php?subject=birth%20control&amp;subject2=religion%20and&amp;subject3=&amp;subject4="></a>
</li>
<li>
<a href="search.php?subject=conferences">conferences</a><a href="search.php?subject=conferences&amp;subject2=International%20Neo-Malthusian%20and%20Birth%20Control%20Conference">, International Neo-Malthusian and Birth Control Conference</a><a href="search.php?subject=conferences&amp;subject2=International%20Neo-Malthusian%20and%20Birth%20Control%20Conference&amp;subject3=1925%20(6th)">, 1925 (6th)</a><a href="search.php?subject=conferences&amp;subject2=International%20Neo-Malthusian%20and%20Birth%20Control%20Conference&amp;subject3=1925%20(6th)&amp;subject4="></a>
</li>
<li>
<a href="search.php?subject=England">England</a><a href="search.php?subject=England&amp;subject2=birth%20control%20in">, birth control in</a><a href="search.php?subject=England&amp;subject2=birth%20control%20in&amp;subject3="></a><a href="search.php?subject=England&amp;subject2=birth%20control%20in&amp;subject3=&amp;subject4="></a>
</li>
<li>
<a href="search.php?subject=immigration">immigration</a><a href="search.php?subject=immigration&amp;subject2=U.S.%20policy">, U.S. policy</a><a href="search.php?subject=immigration&amp;subject2=U.S.%20policy&amp;subject3="></a><a href="search.php?subject=immigration&amp;subject2=U.S.%20policy&amp;subject3=&amp;subject4="></a>
</li>
<li>
<a href="search.php?subject=New%20York%20City">New York City</a><a href="search.php?subject=New%20York%20City&amp;subject2=birth%20control%20in">, birth control in</a><a href="search.php?subject=New%20York%20City&amp;subject2=birth%20control%20in&amp;subject3="></a><a href="search.php?subject=New%20York%20City&amp;subject2=birth%20control%20in&amp;subject3=&amp;subject4="></a>
</li>
<li>
<a href="search.php?subject=poverty">poverty</a><a href="search.php?subject=poverty&amp;subject2=family%20size%20and">, family size and</a><a href="search.php?subject=poverty&amp;subject2=family%20size%20and&amp;subject3="></a><a href="search.php?subject=poverty&amp;subject2=family%20size%20and&amp;subject3=&amp;subject4="></a>
</li>
<li>
<a href="search.php?subject=Sanger,%20Margaret">Sanger, Margaret</a><a href="search.php?subject=Sanger,%20Margaret&amp;subject2=biography">, biography</a><a href="search.php?subject=Sanger,%20Margaret&amp;subject2=biography&amp;subject3="></a><a href="search.php?subject=Sanger,%20Margaret&amp;subject2=biography&amp;subject3=&amp;subject4="></a>
</li>
<li>
<a href="search.php?subject=Sanger,%20Margaret">Sanger, Margaret</a><a href="search.php?subject=Sanger,%20Margaret&amp;subject2=nursing%20and">, nursing and</a><a href="search.php?subject=Sanger,%20Margaret&amp;subject2=nursing%20and&amp;subject3="></a><a href="search.php?subject=Sanger,%20Margaret&amp;subject2=nursing%20and&amp;subject3=&amp;subject4="></a>
</li>
<li>
<a href="search.php?subject=United%20States">United States</a><a href="search.php?subject=United%20States&amp;subject2=population%20policies">, population policies</a><a href="search.php?subject=United%20States&amp;subject2=population%20policies&amp;subject3="></a><a href="search.php?subject=United%20States&amp;subject2=population%20policies&amp;subject3=&amp;subject4="></a>
</li>
<li>
<a href="search.php?subject=woman%20suffrage">woman suffrage</a><a href="search.php?subject=woman%20suffrage&amp;subject2=MS%20on">, MS on</a><a href="search.php?subject=woman%20suffrage&amp;subject2=MS%20on&amp;subject3="></a><a href="search.php?subject=woman%20suffrage&amp;subject2=MS%20on&amp;subject3=&amp;subject4="></a>
</li>
<li>
<a href="search.php?subject=women">women</a><a href="search.php?subject=women&amp;subject2=enslavement%20of">, enslavement of</a><a href="search.php?subject=women&amp;subject2=enslavement%20of&amp;subject3="></a><a href="search.php?subject=women&amp;subject2=enslavement%20of&amp;subject3=&amp;subject4="></a>
</li>
<li>
<a href="search.php?subject=working%20classes">working classes</a><a href="search.php?subject=working%20classes&amp;subject2=fertility%20of">, fertility of</a><a href="search.php?subject=working%20classes&amp;subject2=fertility%20of&amp;subject3="></a><a href="search.php?subject=working%20classes&amp;subject2=fertility%20of&amp;subject3=&amp;subject4="></a>
</li>
<li>
<a href="search.php?subject=working%20classes">working classes</a><a href="search.php?subject=working%20classes&amp;subject2=living%20conditions%20of">, living conditions of</a><a href="search.php?subject=working%20classes&amp;subject2=living%20conditions%20of&amp;subject3="></a><a href="search.php?subject=working%20classes&amp;subject2=living%20conditions%20of&amp;subject3=&amp;subject4="></a>
</li>
<li>
<a href="search.php?subject=working%20classes">working classes</a><a href="search.php?subject=working%20classes&amp;subject2=women%20and%20girls">, women and girls</a><a href="search.php?subject=working%20classes&amp;subject2=women%20and%20girls&amp;subject3="></a><a href="search.php?subject=working%20classes&amp;subject2=women%20and%20girls&amp;subject3=&amp;subject4="></a>
</li>
</ul><p>
		 Copyright 2003. Margaret Sanger Project
        </p>
  </div>
</div>
	<div><br /></div>

	<p style="margin-top: 0px; margin-bottom: 0px;">
		<a href="http://www.nyu.edu/projects/sanger/aboutms/" onmouseout="MM_swapImgRestore();" onmouseover="MM_swapImage('sanger_foot_r1_c1','','../images/sanger_foot_r1_c1_f2.gif',1);"><img id="sanger_foot_r1_c1" src="../images/sanger_foot_r1_c1.gif" width="104" height="20" alt="" /></a><a href="http://www.nyu.edu/projects/sanger/documents/electroniced.php" onmouseout="MM_swapImgRestore();" onmouseover="MM_swapImage('sanger_foot_r1_c2','','../images/sanger_foot_r1_c2_f2.gif',1);"><img id="sanger_foot_r1_c2" src="../images/sanger_foot_r1_c2.gif" width="104" height="20" alt="" /></a><a href="search.php" onmouseout="MM_swapImgRestore();" onmouseover="MM_swapImage('sanger_foot_r1_c3','','../images/sanger_foot_r1_c3_f2.gif',1);"><img id="sanger_foot_r1_c3" src="../images/sanger_foot_r1_c3.gif" width="104" height="20" alt="" /></a><a href="http://www.nyu.edu/projects/sanger/" onmouseout="MM_swapImgRestore();" onmouseover="MM_swapImage('sanger_foot_r1_c4','','../images/sanger_foot_r1_c4_f2.gif',1);"><img id="sanger_foot_r1_c4" src="../images/sanger_foot_r1_c4.gif" width="104" height="20" alt="" /></a><a href="http://www.nyu.edu/projects/sanger/contactus/" onmouseout="MM_swapImgRestore();" onmouseover="MM_swapImage('sanger_foot_r1_c5','','../images/sanger_foot_r1_c5_f2.gif',1);"><img id="sanger_foot_r1_c5" src="../images/sanger_foot_r1_c5.gif" width="104" height="20" alt="" /></a><img id="sanger_foot_r1_c6" src="../images/sanger_foot_r1_c6.jpg" width="105" height="20" alt="" />
	</p>
	<p style="margin-bottom: 0px; margin-top: -1px; /*\*/margin-top: -4px;/**/">
		<img src="../images/spacer.gif" width="545" height="1" alt="" /><a href="http://validator.w3.org/check/referer"><img src="../images/xhtml11.gif" alt="valid" /></a>
	</p>
</div> <!-- end of Container --> 
</body>
</html>
